sec_from_onset,eda_mean,hr_mean,eda_se,hr_se,eda_n,hr_n
-1800,0.3695128960853529,0.26835491816904056,0.14794771610823498,0.14231914039028845,102,102
-1799,0.36240964593103603,0.2650186239673123,0.14611279745247,0.14165252803290265,102,102
-1798,0.358061118775658,0.2611898965582763,0.14947435345131316,0.14094380256308334,102,102
-1797,0.3383275580899701,0.2580825575679467,0.14714737704989966,0.140096036202382,102,102
-1796,0.37072553883689113,0.25658258878489837,0.14768064271314843,0.13922197474600004,102,102
-1795,0.3828994291807261,0.2546504411185905,0.14864247442134923,0.1383272001290397,102,102
-1794,0.40389573235955395,0.2526952877301069,0.1525908262373113,0.13755020624401634,102,102
-1793,0.38454576422070375,0.2511536059950698,0.14902086807974865,0.13649218380923858,102,102
-1792,0.3809351298498614,0.24998143838414535,0.152874404014825,0.13575238133433357,102,102
-1791,0.37440617438426743,0.24840236823656087,0.15334679908135512,0.13473285415360675,102,102
-1790,0.38868865745254794,0.24863177519193816,0.1515803966575491,0.1339154601252023,102,102
-1789,0.3940302177733809,0.24918979135653388,0.1502206758206097,0.13315328117028133,102,102
-1788,0.35336435787762044,0.24915392277965423,0.14790270328375338,0.13232864256340374,102,102
-1787,0.4029491592440932,0.2505271357649912,0.1462341703365187,0.13167966959677269,102,102
-1786,0.37085125872536073,0.25218463817830283,0.1383150271271522,0.13105380507420356,102,102
-1785,0.3592830656399174,0.25497242671374626,0.13706857313382706,0.1305456266889757,102,102
-1784,0.41069962186281755,0.25760052147484436,0.14275475717609032,0.12988733811828568,102,102
-1783,0.4379506076805913,0.260028643512367,0.14933643151502599,0.12922809028489557,102,102
-1782,0.4248431792174474,0.2625852496217903,0.1517677885084132,0.1284348230437102,102,102
-1781,0.4372081982114019,0.2648088471299445,0.14784889997007974,0.12768640357645683,102,102
-1780,0.4317125106903177,0.26684679882977386,0.1510223328393089,0.12689182182774417,102,102
-1779,0.4560932713935177,0.26726911190504804,0.1521805488955884,0.1258261935261962,102,102
-1778,0.4363207929544403,0.2671758157828168,0.148299494125939,0.12492774050906896,102,102
-1777,0.4248488925540273,0.26771550813006006,0.15138553463779506,0.12429712986439506,102,102
-1776,0.40836623365796465,0.26788337959011105,0.15172811018377635,0.12369699990697382,103,102
-1775,0.38283849541211873,0.26815245074727645,0.14965415370018129,0.12303457491209312,103,102
-1774,0.36748909754889575,0.268578107990075,0.1466059639533873,0.12249262960140887,103,102
-1773,0.37635238366334967,0.2681729154552634,0.14529960322178181,0.12185788734501457,103,102
-1772,0.4078900224773624,0.2688009000463547,0.14238709792917956,0.1212447679545174,103,102
-1771,0.41212435659043356,0.27067365103749164,0.14333994596549574,0.12084741965185511,103,102
-1770,0.41598696336239355,0.27317959893292887,0.14332773429418114,0.12043260968599369,103,102
-1769,0.39739017495197143,0.27609812822037905,0.14047145407152675,0.11999966989069963,103,102
-1768,0.3879208060786746,0.2777537093255018,0.1377183554158188,0.11963006450377421,103,102
-1767,0.385304662884837,0.2790479729086527,0.13472713860143476,0.11922453722026752,103,102
-1766,0.4140051524809354,0.2891323826587625,0.14183800017052883,0.11815391412693096,103,103
-1765,0.40761433230857513,0.29046696957711193,0.13811374999781953,0.11795748703743052,103,103
-1764,0.4054381687797937,0.2925369353505818,0.1377078605574239,0.11778280412137763,103,103
-1763,0.39649346206599173,0.2933548669023583,0.13499038331349758,0.11746036496974002,103,103
-1762,0.40750310564156356,0.2953547247377804,0.13701649131163376,0.11718207900204226,103,103
-1761,0.40497679029428235,0.2970530233999272,0.1381944570850497,0.11692583010063418,103,103
-1760,0.3995237185818149,0.2997817498597087,0.14038425209275684,0.11670346409880332,103,103
-1759,0.37647111600876904,0.30292561748294733,0.1354499248546526,0.11668858245678655,103,103
-1758,0.3980472974054379,0.30591558072937536,0.14018595704359793,0.11680606279203824,103,103
-1757,0.37257713040766166,0.3085820607416259,0.13300696360201375,0.11683331336321082,103,103
-1756,0.3723049049957985,0.31114653183620355,0.1370045438402957,0.11687751317590332,103,103
-1755,0.40809653048413885,0.3130470001729474,0.14044948674008578,0.11645789406751832,103,103
-1754,0.4175643231838,0.3147200448886161,0.13652965135031972,0.11599521381324683,103,103
-1753,0.4237920533128377,0.31468474952371256,0.14044810949801365,0.1154934048128217,103,103
-1752,0.40506445266972146,0.3154486930444899,0.14017042074855968,0.11504232218861977,103,103
-1751,0.4227206191449337,0.3155833329253986,0.13949459823022684,0.11459267760525779,103,103
-1750,0.426668405958377,0.3162478684619129,0.1416769067179486,0.11410947664661354,103,103
-1749,0.42448039894901773,0.3161312981966211,0.14167122772017807,0.1135803856490038,103,103
-1748,0.42603687160016623,0.31571617676591135,0.14138214331175486,0.11307429479249782,103,103
-1747,0.40023972188976764,0.315719178751568,0.1432456359360611,0.11250854834247545,103,103
-1746,0.40134463434640644,0.3151963931939802,0.14296251701291224,0.11208230309817903,103,103
-1745,0.39843618775403195,0.31325375045255643,0.1423661576788616,0.11154984630620918,103,103
-1744,0.41645166210886475,0.31151736505477345,0.1405295140430597,0.11092721214639688,104,103
-1743,0.4096217390165314,0.3094722732595884,0.1445398311190904,0.11024750813828758,104,103
-1742,0.383771909864763,0.30686100256430954,0.14393736998306716,0.10975932989791624,104,103
-1741,0.38460909318657877,0.304599449912904,0.14309076640902835,0.10921677962150517,104,103
-1740,0.37326553695517606,0.3007095383113492,0.13876825973643375,0.10841541621791144,104,103
-1739,0.3614117762603279,0.29539328445625934,0.13677386195530744,0.10736084916290116,104,103
-1738,0.3722060226834444,0.2896221458849547,0.13609760194435774,0.10643062372957268,104,103
-1737,0.3830613552283354,0.28357420060048977,0.13427344589322457,0.10546936420047914,104,103
-1736,0.37013531920448955,0.2777042171374288,0.13566624600130076,0.10448227477768529,104,103
-1735,0.3683440569355636,0.2720504940314803,0.1344246514722216,0.1035912407359455,104,103
-1734,0.3705594834953904,0.2583075742218046,0.13514523805933165,0.10207456903522673,104,104
-1733,0.38442643860079456,0.2543232127684851,0.13487309963611563,0.10144570943241686,104,104
-1732,0.37190809575944556,0.25156783177247505,0.13956547338085504,0.1010529180636637,104,104
-1731,0.3542317186600362,0.24870155790295992,0.13661006142855353,0.10074479604848657,104,104
-1730,0.36287111971826236,0.24505478368843558,0.13535047043405504,0.10040894314096696,104,104
-1729,0.40253892617897036,0.24054040655473857,0.13745771800073725,0.09994132586651325,104,104
-1728,0.42303194531173466,0.23656893730226128,0.1397616285528774,0.09941433652514563,104,104
-1727,0.4018556752121698,0.23201710128208053,0.1368594952470291,0.09881027865802415,104,104
-1726,0.37797250572365315,0.22769548169656798,0.13446629747116834,0.09808962484355796,104,104
-1725,0.3995089425270085,0.22247971184235388,0.1344331023719924,0.0974335268122347,104,104
-1724,0.4207356700666311,0.21697976029139704,0.13564002720781063,0.0969345501701212,104,104
-1723,0.3948979159168058,0.21200444942586022,0.13540713218034087,0.0963640554377549,104,104
-1722,0.39197996924444717,0.2070768310032286,0.13491723156386085,0.0959111073875718,104,104
-1721,0.4162157108419471,0.2014947308457556,0.13945328685219907,0.09546354911064946,104,104
-1720,0.40779027946499286,0.19645048278690663,0.1385316741978345,0.09497974746250139,104,104
-1719,0.3830922074072151,0.19131715978312835,0.1363519031848719,0.09456827201932799,104,104
-1718,0.36073335512637716,0.1857322595311552,0.1336322993574804,0.09404193249911298,104,104
-1717,0.3512715167684485,0.17979730241266442,0.13362238053814493,0.09339006396466012,104,104
-1716,0.3581892261318069,0.17406247408468115,0.13357577106694268,0.09285525693895129,104,104
-1715,0.3483912233879189,0.1680939948227893,0.13098964791040993,0.09231145339598973,104,104
-1714,0.35693412912586,0.16170002920102805,0.13037166020863367,0.0916658043726424,104,104
-1713,0.40255441529737035,0.1560572632072434,0.13750947300006008,0.09106410492847349,104,104
-1712,0.39049438688132815,0.1501361496812795,0.1354531754659441,0.0905883941721541,104,104
-1711,0.3579585530036589,0.14410772823109302,0.13273296182881122,0.09016182300104975,104,104
-1710,0.3618958649654746,0.13838048674779657,0.13349449900668386,0.08975176953729429,104,104
-1709,0.3662201927615044,0.13344184047317784,0.1351703533373487,0.08931351278434001,104,104
-1708,0.36143481539635963,0.12858760242366696,0.13471620734486647,0.08884200990566476,104,104
-1707,0.35269578747802,0.1244216583222333,0.13449919199105223,0.08835358836144036,105,104
-1706,0.3670320780516782,0.11956353344164568,0.13358383285043127,0.08768377934016246,105,104
-1705,0.3715092510348796,0.11405875687318145,0.13269459166835204,0.08696723926647111,105,104
-1704,0.3443398385865013,0.10756283185417849,0.13330869317816535,0.0861422527392089,105,104
-1703,0.3138229019233631,0.1016971692791583,0.13575151142427253,0.08539567279218374,105,104
-1702,0.3248370384441452,0.09577369204516926,0.1351491617416033,0.08483746232261748,105,104
-1701,0.35302524265865404,0.08866144142651211,0.1391669450242659,0.08429959416559014,105,104
-1700,0.36510328502775746,0.08164309127494437,0.1417629776832282,0.08372887327575909,105,104
-1699,0.3662764027194728,0.07470373348302864,0.13964713572792478,0.08305352487717998,105,104
-1698,0.34950900388569844,0.06864498039512067,0.14264414330558609,0.08243589533014108,105,104
-1697,0.3470291894609566,0.06750481061536186,0.1431806079804552,0.08111786669137994,105,105
-1696,0.3658936882418755,0.06262385560423664,0.14899971383269323,0.08055848077919611,105,105
-1695,0.3739485927864222,0.05838075003566466,0.14933747242791215,0.08029647536875507,105,105
-1694,0.36105270167778913,0.0542871156564489,0.15048844278742918,0.08024346382848402,105,105
-1693,0.38116315272252727,0.05140058191477558,0.1519255401258446,0.08023243533925205,105,105
-1692,0.41631273010189684,0.04836493088986894,0.15401884505263053,0.08029656003960184,105,105
-1691,0.35617085311596386,0.04593296720685593,0.14632196295180985,0.08041033091685776,105,105
-1690,0.3262542600632768,0.04316751115431677,0.14559924533510799,0.08040517907788473,105,105
-1689,0.37931154265646133,0.04068746128402229,0.14504487448942943,0.08056352162003487,105,105
-1688,0.38322074570746484,0.03802218503447339,0.14232485189605532,0.08082202778094001,105,105
-1687,0.3656017249123537,0.03489913026942059,0.1467115292052328,0.0811594611034502,105,105
-1686,0.3387117739553632,0.0323785812041622,0.14501569698280212,0.08148770181212292,105,105
-1685,0.37356556920779,0.031248552095662747,0.14390352479966076,0.08181330837343674,105,105
-1684,0.38795602430015336,0.029485985366234438,0.1415927565758659,0.08220003378113029,105,105
-1683,0.40127962301234643,0.027810023709779086,0.14142770358689571,0.08263087572433347,105,105
-1682,0.435398515375431,0.02650704357183148,0.1422663223130458,0.08304207649758581,105,105
-1681,0.429369221672324,0.025188238890667115,0.14318492514764952,0.0834836409758689,105,105
-1680,0.4186243820193564,0.024983792943116173,0.14477165531310948,0.08394794054861496,105,105
-1679,0.4140334354438522,0.025869341804916554,0.14460776463043307,0.08443566922715923,105,105
-1678,0.40567525421161843,0.02790320234826893,0.14427433282564558,0.084901285184177,105,105
-1677,0.4167489306509521,0.029318074488031608,0.1441611441035093,0.08537219890467149,105,105
-1676,0.4022076485771636,0.03024934338821723,0.1432016328699985,0.08589418376248374,105,105
-1675,0.40149949086567577,0.031301775067501474,0.1364037779019789,0.08612944338649944,105,105
-1674,0.39587344294114885,0.03154134369624308,0.1332159307639571,0.08608810162696827,105,105
-1673,0.39825384502789096,0.03058262177754603,0.1360110875121218,0.0859168170637089,105,105
-1672,0.39996681025664915,0.028517575217691635,0.13236185113915666,0.08591290503349565,105,105
-1671,0.36020137270955976,0.02621628053106994,0.13403469966824672,0.08593661328085991,105,105
-1670,0.3443229348587667,0.02447057875920434,0.1381591743353118,0.08594413817527988,105,105
-1669,0.3277419240775999,0.023197342380935383,0.13869415078664157,0.08600435701587983,105,105
-1668,0.32289703408579634,0.022205074163512674,0.13825434412857654,0.08610730576775454,105,105
-1667,0.36787088867645945,0.02169767328196915,0.13380514885385356,0.08618989462310886,105,105
-1666,0.4013726129201212,0.021660272093737557,0.1318449131994328,0.0861891044847476,105,105
-1665,0.3977770026003093,0.022359564091978493,0.13369784319533315,0.08643138080764648,105,105
-1664,0.3791885950794045,0.023711653518859035,0.13318073906429023,0.0865602444627021,105,105
-1663,0.3769646525117859,0.025795182748209276,0.13392916325255105,0.08662514931784661,105,105
-1662,0.3711789067631085,0.028052610602098016,0.13289873886199996,0.08669925213464659,105,105
-1661,0.3617262119017711,0.030490852716074268,0.13533169151070615,0.08666738003873557,105,105
-1660,0.36817875674466105,0.032708313381767974,0.13440938008027278,0.08660867351160358,105,105
-1659,0.3703435681120121,0.03543418791334853,0.1344927770010106,0.0864664523091215,105,105
-1658,0.3770769718126773,0.04006635775631855,0.13505814669929883,0.08648898780840801,105,105
-1657,0.3956917718652546,0.044591913604019685,0.13555550708056077,0.08656780803492196,105,105
-1656,0.376080840878313,0.049654022347071045,0.1346277652071298,0.08670596994504491,105,105
-1655,0.3659529726531129,0.05479293208914815,0.13481287738886477,0.08679101363934141,105,105
-1654,0.38410416472104575,0.05993893355242487,0.13534812879497304,0.08696260231712179,105,105
-1653,0.3360136569947643,0.06469893040840173,0.14253775091280352,0.08727773389339111,105,105
-1652,0.34731495735790197,0.06951295233606611,0.13891860805583528,0.08756874130362777,105,105
-1651,0.3540651301980463,0.0747998800553544,0.14259973696264464,0.08775907920190447,105,105
-1650,0.3570098741097702,0.0806071765454637,0.14289427093353305,0.0878710170974867,105,105
-1649,0.35065942554351126,0.08548153126172137,0.1519458302872009,0.08793953490107116,105,105
-1648,0.4086201543924547,0.08995603379111489,0.15226300074114563,0.08800593562809819,105,105
-1647,0.3997604299290681,0.09397531787800531,0.14757286403896538,0.08809102412667091,105,105
-1646,0.40086031310779613,0.09779039226139119,0.14725871897569343,0.08798656456438539,105,105
-1645,0.40984855580691937,0.10286273414627008,0.15056457999766673,0.08787897467774897,105,105
-1644,0.40427022903098103,0.1077323278734075,0.1494318837816591,0.08778279159906606,105,105
-1643,0.35716688713359507,0.11269709804504316,0.1528049641265039,0.08772304379613005,105,105
-1642,0.34136671841245303,0.11656447806671659,0.15985944051974,0.08762995208068976,105,105
-1641,0.37628327891078617,0.12079448761070831,0.15759272356959908,0.08760385650585892,105,105
-1640,0.34950201223346766,0.12369489749700699,0.16306355889776936,0.08766124222636086,105,105
-1639,0.3845594617598337,0.12783623008964212,0.15870154890352126,0.08776027857156767,105,105
-1638,0.40673165458624444,0.13197129783320144,0.15634160185088292,0.08796468376250377,105,105
-1637,0.4159969184106196,0.13592351989481397,0.1562457594703385,0.08820718349156255,105,105
-1636,0.43056886859549226,0.14019808113506033,0.15978674358756623,0.08841767985973101,104,105
-1635,0.41682390096780547,0.13132386057247478,0.1598274135636957,0.08859177778907665,104,104
-1634,0.4114162773668465,0.13612069390979842,0.15846147984818673,0.08907233760635934,104,104
-1633,0.39420342748385306,0.14147515621315127,0.16331142395011158,0.0895524636647953,104,104
-1632,0.3918704117175613,0.14704449518725674,0.1650247218802101,0.08999959829812762,104,104
-1631,0.37029944139758303,0.15198688671124144,0.1664158086664795,0.09051669107138349,104,104
-1630,0.3595531929762148,0.15646841869053182,0.17223856208653307,0.09118263592633619,104,104
-1629,0.3856522076293882,0.16109837133610852,0.17058001647316381,0.09179632143793724,104,104
-1628,0.380310973912824,0.16633728270360676,0.16504717130290925,0.0924151460936826,104,104
-1627,0.3486639866350606,0.1713528947570246,0.16724954428519803,0.09294853377660506,104,104
-1626,0.34195905675688937,0.17631398798671044,0.16375189426254813,0.09354512052737089,104,104
-1625,0.34280982184352016,0.18093983293596383,0.16243174093526758,0.09426508699147065,104,104
-1624,0.31982598248000804,0.18513609248774263,0.1602440963741371,0.09497328199908063,104,104
-1623,0.34263734248349803,0.18940425180472004,0.16041002367510285,0.09571992637562556,104,104
-1622,0.33860438074283317,0.19314964278915975,0.1629041269524116,0.09643074299933278,104,104
-1621,0.3222767427096492,0.1968171883592338,0.16262717973401572,0.09711419698522275,104,104
-1620,0.35066269014547313,0.20015314888484298,0.15624306767076565,0.09783107630054697,104,104
-1619,0.3674667251118731,0.20389900883051132,0.15394740931499087,0.09875022708755576,104,104
-1618,0.38226740388656466,0.20809153984229198,0.1547685393734118,0.09955122744213322,104,104
-1617,0.36135493337332814,0.21307817233855747,0.1580812666138142,0.10030278288350691,104,104
-1616,0.3304555016180402,0.21752439037032753,0.1617426983207148,0.10097650598959479,104,104
-1615,0.3829645348302535,0.22223033608184947,0.15949821658665778,0.10185961279689577,104,104
-1614,0.37461428838824495,0.2276531483814425,0.1538791320859829,0.10294500930578827,104,104
-1613,0.3811459694790548,0.233960132335643,0.15532272241856868,0.10403009907955396,104,104
-1612,0.38976363473449854,0.24060147667094997,0.15032352703100804,0.1050305620823957,104,104
-1611,0.38191383742665586,0.24863252013195025,0.14732681814152085,0.1062237999258777,104,104
-1610,0.4160526442027548,0.25737569255016574,0.15080858162024008,0.10742319663527523,104,104
-1609,0.36811325426632546,0.2659329800811642,0.15306652312034938,0.10858322304116823,104,104
-1608,0.35061775193408323,0.27380494804565997,0.15222369252767445,0.10951402778731947,104,104
-1607,0.34476556779697426,0.2812186484264541,0.15567845834512758,0.11052383627724023,104,104
-1606,0.34457415420241944,0.2878236321263287,0.1615385419216729,0.11149176275689161,104,104
-1605,0.32061266907103814,0.29409555946407195,0.1589077884358556,0.11220556405101231,104,104
-1604,0.3086334399760585,0.3003254249311992,0.1598669962731403,0.1130263301660392,104,104
-1603,0.3420145208678511,0.3054189430009815,0.1601940004069383,0.11386929216276807,104,104
-1602,0.35777828056555155,0.3098480998858343,0.16093545523331654,0.11413039042428544,104,104
-1601,0.3437014888061331,0.31453273525698483,0.15701559773307575,0.11430703480718933,104,104
-1600,0.35472211642942353,0.3194508300188867,0.15574137953951117,0.11436467349645489,104,104
-1599,0.3355124406196413,0.3239309992753745,0.15199485419628692,0.11454517346518187,104,104
-1598,0.327340948053866,0.3274629892955938,0.15383092302109905,0.11443981672629586,104,104
-1597,0.33798115581756905,0.3307035423914482,0.16017428720956747,0.11432814868946614,104,104
-1596,0.3581949741169479,0.3328153908312025,0.16469882998072016,0.11382088750987766,104,104
-1595,0.3453996306111885,0.33447922480108,0.1614217763862546,0.11309892937540099,104,104
-1594,0.3173407237222513,0.33753608556589937,0.16286554902843706,0.11274898579564809,104,104
-1593,0.335900472364303,0.3407669240656291,0.15877090820231174,0.11230176881990254,104,104
-1592,0.33116098798251187,0.34410046113554027,0.1581449475033819,0.11180174695920472,104,104
-1591,0.3271761449342631,0.34645497073420717,0.15890738492741546,0.11139383370451075,104,104
-1590,0.35757251173935267,0.3487980432923401,0.15770829137830886,0.1110276877218945,104,104
-1589,0.3774145113667787,0.3508950247358361,0.15340782132531103,0.11084682528530049,104,104
-1588,0.37295212309960313,0.35300367096978047,0.1553148250467556,0.11076816437223598,104,104
-1587,0.3742899610267926,0.3553841748507794,0.1485143877641323,0.11085153725178214,104,104
-1586,0.3509225113432806,0.35709051702428607,0.14886420513449536,0.11078290802551831,104,104
-1585,0.34634123716130705,0.3587962804293088,0.14320007031563708,0.11043112964095142,104,104
-1584,0.33347183932157065,0.3603969960376566,0.1460547738508477,0.11005679094742116,104,104
-1583,0.2769390267334447,0.3629390735459182,0.14622199043441889,0.10986731260171301,104,104
-1582,0.31537916303529134,0.36537121359708746,0.1453182070357337,0.10956612369207766,104,104
-1581,0.36279783269382365,0.36853920431918286,0.1396885434508786,0.10927599176286901,104,104
-1580,0.3374754549231567,0.37205524061573425,0.14025225583693054,0.1092324048518901,104,104
-1579,0.31554014178933465,0.374218111957974,0.13205307492848986,0.10885478646295212,104,104
-1578,0.32457068441827813,0.3768360951767947,0.13881624034051096,0.10865191242223911,104,104
-1577,0.34671533199275467,0.3789760131495177,0.13479048864732274,0.10845559678300903,104,104
-1576,0.35075714552928644,0.3808049402232855,0.13500775047490152,0.10828144728134324,104,104
-1575,0.3451014349355758,0.38274824856932427,0.13320962822097918,0.10811829066223483,104,104
-1574,0.3603699479894893,0.385124728936527,0.13797711958183698,0.10779060275142267,104,104
-1573,0.40006112441196934,0.3883324669410963,0.14201905572029297,0.10751203858853586,104,104
-1572,0.37511899049443936,0.39078995555157486,0.14995264273898765,0.10724806950649761,104,104
-1571,0.35474045689926187,0.3934787829575219,0.14437516086284705,0.10708721370558975,105,104
-1570,0.3426386241958435,0.3963578790573885,0.14755049526134362,0.1067717396100171,105,104
-1569,0.3537814281392481,0.3988635010177408,0.14875451688996336,0.10635402240843189,105,104
-1568,0.33981033624856044,0.40122601006611186,0.14685946734464436,0.10595702606418873,105,104
-1567,0.3368998898553605,0.40395970502109385,0.1465111132365265,0.10547711579457805,105,104
-1566,0.32100244898139735,0.40655342877942624,0.1466101273806088,0.10502421965992827,105,104
-1565,0.3137326530060005,0.40783240684694755,0.14260558384677569,0.10449430081893715,105,104
-1564,0.33931652834669507,0.4096141828133503,0.1467606985395916,0.10400450510494871,105,104
-1563,0.3344521870197345,0.4114057238979294,0.1432474653205311,0.10364917770705696,105,104
-1562,0.34222072118031893,0.4132639732816891,0.1435697369825021,0.10334125136602959,105,104
-1561,0.3686150905304194,0.4127825031580035,0.14377401901570197,0.10216018271085647,105,105
-1560,0.36491376452280894,0.41492494948350267,0.138492248255165,0.10200888369454306,105,105
-1559,0.36293226568211295,0.4166865993924981,0.14079045690404418,0.10164580035572156,105,105
-1558,0.34719749549217277,0.4179764115219156,0.1463084330495137,0.10137363182492616,105,105
-1557,0.3347431428471092,0.418958674826507,0.14219028302362827,0.10114987738017844,105,105
-1556,0.33526819230780763,0.4197357291572467,0.1468338115667704,0.10106956675864448,105,105
-1555,0.35912651681587593,0.42050014972000926,0.141003453878713,0.10114862023689883,105,105
-1554,0.368096758132744,0.4204878144244224,0.14227192224389515,0.10109086966845021,105,105
-1553,0.37008636927915073,0.4207106488317716,0.14021851920550754,0.1011958226992982,105,105
-1552,0.37132948991129366,0.420269944339481,0.13735095107799458,0.10136421914757165,105,105
-1551,0.35828870511753663,0.41849575713120934,0.141178919975291,0.10135329019824299,105,105
-1550,0.3443541108683948,0.41448744772473134,0.14328760348259464,0.10114365744114694,105,105
-1549,0.3605913122184201,0.41042627850563573,0.139561562213231,0.10084774702388183,105,105
-1548,0.3614535578566765,0.40644957998097575,0.13621249830632323,0.1006788699876703,105,105
-1547,0.3612277514262605,0.4021493034395981,0.13709648520963502,0.1005151635355794,105,105
-1546,0.37803682419099727,0.3983674573791858,0.137932677973137,0.1004171566529756,105,105
-1545,0.3153649387751633,0.39469276057391806,0.14340924662271926,0.10036856242059015,105,105
-1544,0.32657307350280285,0.3919047901496304,0.1439075308985226,0.10014620489734374,105,105
-1543,0.34510291274902605,0.388844664049622,0.13919736078737566,0.09997745980140384,105,105
-1542,0.31773703454691843,0.38610956824905174,0.12445566771260749,0.09984179689195845,105,105
-1541,0.32421525070253204,0.3827456694074259,0.1247745911844207,0.09980456132888149,105,105
-1540,0.3217656090031962,0.37930160678037184,0.12447963622505123,0.09966936133408769,105,105
-1539,0.33687239652744444,0.3763192105557707,0.12496589741704493,0.09956623623167668,105,105
-1538,0.31999850200928726,0.3732908435666863,0.12303064926517657,0.0995480456381459,106,105
-1537,0.3009582781744029,0.37119761316798644,0.1250817734618742,0.0995930062845318,106,105
-1536,0.32753343891621217,0.36955820726857347,0.12309088432483203,0.09975310306331853,106,105
-1535,0.3477375753585836,0.3684113519979251,0.12429906657170943,0.09985924274081259,106,105
-1534,0.35915520195625367,0.36686316600795416,0.12264558903885976,0.09999077309913922,106,105
-1533,0.35120441743889713,0.3661393550574586,0.11853941267005745,0.10019659554293457,106,105
-1532,0.3661118861732931,0.36583746289119445,0.11786195569798877,0.10033480158624168,106,105
-1531,0.3753638431697674,0.36644867374228585,0.11681777501078268,0.10035289878706267,106,105
-1530,0.3511290609252836,0.36715324347305267,0.11638861165530588,0.10063900907112246,106,105
-1529,0.35296286289642986,0.36833737367852537,0.11417559012166875,0.10092558361551496,106,105
-1528,0.35682506583750656,0.3710180008583007,0.1125322631598651,0.10031949134487961,106,106
-1527,0.33981592377777114,0.3701627964649164,0.11024515799374109,0.1006045549857106,106,106
-1526,0.3279609058283383,0.37018217779868107,0.11135717457915761,0.10089277938431274,106,106
-1525,0.3379738621708869,0.3697035195939048,0.11355082950849861,0.10121665793417856,106,106
-1524,0.3297082567050024,0.36917725551224534,0.10979605358806027,0.1015459034844755,106,106
-1523,0.36026618455263554,0.36782628411292145,0.10935043619388132,0.10197311957430902,106,106
-1522,0.45279180361383703,0.3671335536764058,0.16003055098858507,0.102456581436596,106,106
-1521,0.37358218085246747,0.36659671782955794,0.11915534975154014,0.10285045568179886,106,106
-1520,0.3356850309398284,0.36736180293070336,0.11513451105032349,0.10326372687014872,106,106
-1519,0.3291026489329823,0.36851167550265157,0.11370685401013206,0.10382810582437359,106,106
-1518,0.3298547105286137,0.36923855959403806,0.1185237745087028,0.10444509056199526,106,106
-1517,0.3300989804415955,0.37051364209060217,0.12007078487601497,0.1051715276141367,106,106
-1516,0.34172402087194403,0.3717285133797133,0.12071978044201194,0.10580912918589319,106,106
-1515,0.3451559176833903,0.3718100861415095,0.11439614671062287,0.1063662754729586,107,106
-1514,0.3183215159254858,0.37106195163325395,0.11384574722198464,0.10687915229413358,107,106
-1513,0.3120027340324225,0.36811890869808617,0.11368048797307327,0.10704216298623682,107,106
-1512,0.3394051898245156,0.3662508215617308,0.11480510044336305,0.10732713507283943,107,106
-1511,0.3210693012057635,0.36454045983610645,0.11409532124012692,0.10768649294416854,107,106
-1510,0.30733866811572247,0.3619857606357232,0.11307455090969172,0.10794222117868897,107,106
-1509,0.34089958396828657,0.3595859576600763,0.11722198007720509,0.10818621501332179,107,106
-1508,0.3624711461676359,0.3580013822088283,0.11804451256750849,0.10854023428012717,107,106
-1507,0.36043123028071355,0.35632903118029213,0.11771166664324154,0.10892902266642437,107,106
-1506,0.3664216983669001,0.3545123559362161,0.11892393065811241,0.10924391187668808,107,106
-1505,0.370746724310176,0.3560912994548016,0.11932107673217465,0.10858353313990507,107,107
-1504,0.40400987242141784,0.35617181319506863,0.11861049385054291,0.10903941909418277,108,107
-1503,0.4480934201110389,0.3556557991605381,0.1208103310254158,0.10929078673521217,109,107
-1502,0.4018394773829053,0.35527009027749373,0.11886727944128422,0.10937733178500314,109,107
-1501,0.3792589568094061,0.3541166984438683,0.12065527480316095,0.10940072498732167,109,107
-1500,0.37311480099888883,0.3513022075972646,0.12490528615814667,0.10919618286173108,109,107
-1499,0.3801884256717132,0.3488295380011043,0.12430434956807518,0.10909912388743344,109,107
-1498,0.3968730489275085,0.34668444948801513,0.12123705244411943,0.10896441546178597,109,107
-1497,0.38033630579912564,0.3433872858335085,0.12038808018336433,0.10886502703592356,109,107
-1496,0.3755228705938148,0.34048563287459005,0.11729682903308483,0.10864383058655763,109,107
-1495,0.38276579998684523,0.33836545055067774,0.12049849411705672,0.10836572772813294,109,107
-1494,0.4026495507149686,0.3302518903562497,0.12414627893622715,0.10743557022626911,109,108
-1493,0.4413632731574435,0.3255434256689096,0.1214846933083472,0.1063393173180742,109,109
-1492,0.42768008478121533,0.32471883102715976,0.11942712903986141,0.1061167473141608,109,109
-1491,0.4046508118131004,0.32373948021546045,0.11867244743845581,0.10591507828266118,109,109
-1490,0.38446866207557384,0.3243956326025304,0.11636237092035201,0.10583745943071647,109,109
-1489,0.36709979616569716,0.3242261605499672,0.11472958686738592,0.10585131478201819,109,109
-1488,0.3705759158367353,0.3245092483764531,0.11498258158209736,0.1058730552774076,109,109
-1487,0.3516044084740603,0.3251406674972609,0.11899848160442404,0.10590254502571847,109,109
-1486,0.3428029061832759,0.3262954603473061,0.11860706422061264,0.10597669900881859,109,109
-1485,0.3562074363413364,0.32764301885298874,0.12053056392094821,0.10601913555446403,109,109
-1484,0.43816387028247983,0.3280947932793346,0.1538363497142457,0.10575359893756169,109,109
-1483,0.4749650080615669,0.3283731475234056,0.1640777694232138,0.1055832309330435,109,109
-1482,0.4444225067236033,0.3284887092563866,0.1436514929918807,0.10543888792933942,109,109
-1481,0.5149669556514302,0.3283507669630091,0.18438121649132408,0.10539902003157454,109,109
-1480,0.4731258664975407,0.3283870647647952,0.1472076561640025,0.10544204339154178,109,109
-1479,0.5063969233742168,0.328813759943266,0.15881775935069875,0.1054470627461325,109,109
-1478,0.45958046604789654,0.32982582138061095,0.14095730522553326,0.10544532942579887,109,109
-1477,0.3950531424260816,0.330885031435722,0.1228502090305234,0.10549186939176684,109,109
-1476,0.42633907787481523,0.33220731354272487,0.13252145375902044,0.10556568101032134,109,109
-1475,0.3766007796339906,0.33260796122671216,0.12039170904779176,0.10561199858715971,109,109
-1474,0.4028748788514619,0.33274699013484776,0.1213843174959046,0.10565960189039092,109,109
-1473,0.3974116637970163,0.3328588299158268,0.12474114691128663,0.10578957656991414,109,109
-1472,0.36475336479112264,0.33146470983487347,0.13062778783036508,0.10588123230629418,109,109
-1471,0.4115182080775943,0.3294560481379681,0.1499567127574927,0.10584040184620974,109,109
-1470,0.4005873848821122,0.32785944596573197,0.13951276800155596,0.10587146022568594,109,109
-1469,0.4114080580341543,0.32544469599124504,0.13572073650762245,0.10587297683893168,109,109
-1468,0.3987006372290294,0.3244102811989517,0.13803102847018067,0.10592348231721926,109,109
-1467,0.4176347570127364,0.32403335006210005,0.139678527619553,0.10607526829454318,109,109
-1466,0.43140875417537744,0.3227655323267476,0.15382529012167923,0.10623406789122594,109,109
-1465,0.42676510183842564,0.32181354118598837,0.1484287602724445,0.10641992125711094,109,109
-1464,0.4472700469345147,0.3214163548697934,0.14867334067318996,0.10661221980444881,109,109
-1463,0.41045916535100707,0.32062696319873235,0.1442650585133632,0.10680375637960644,109,109
-1462,0.4191108951093959,0.31984260468143594,0.14146453145698984,0.10693975128887087,109,109
-1461,0.4486611912329037,0.31905284732912603,0.1475822176179369,0.10718876108805618,109,109
-1460,0.4410140258533043,0.3166854287263021,0.1524449609271782,0.10743457310739163,109,109
-1459,0.42269139269450084,0.3145619693531032,0.15060391676336826,0.1077428661192735,109,109
-1458,0.392324265617847,0.31255911398258,0.15866775877360462,0.10810435547363459,109,109
-1457,0.4182762470771274,0.3103083693375271,0.14923600092099365,0.10845897057329008,109,109
-1456,0.417728894112356,0.30820524505201585,0.14147516610872007,0.1088640113143739,109,109
-1455,0.5094129461347754,0.30564983960820297,0.19544966010002157,0.1091289645697318,109,109
-1454,0.44404899391778047,0.30374812176388793,0.1472415085757592,0.10938491891711308,109,109
-1453,0.4410041670041587,0.30276580130585373,0.13493759661166496,0.10967824700591663,109,109
-1452,0.42911224339706566,0.30228324918817895,0.13349125822797814,0.11007973902553266,109,109
-1451,0.423718216798494,0.30186150296566705,0.13019840759970258,0.11046419380033613,109,109
-1450,0.41859125920168083,0.30028088776675593,0.12927886838376546,0.11070313346937444,109,109
-1449,0.4193629576800688,0.2991003467538517,0.13364429995423455,0.11088104235330544,109,109
-1448,0.44599150046400093,0.2969766783184998,0.1332473023607911,0.11108655344475318,109,109
-1447,0.458527400243291,0.2948586723278441,0.1309496231346096,0.11111255953276485,109,109
-1446,0.4413870488123154,0.29318349578046415,0.12568730638733785,0.11129345400566495,109,109
-1445,0.4459220491315406,0.29214710228665824,0.1264871783449733,0.11134122533452276,109,109
-1444,0.47472430580120945,0.2905011495493459,0.13210504767300216,0.11131163294995941,109,109
-1443,0.46595335412513006,0.2897145385789184,0.13645618196725678,0.11128855440890763,109,109
-1442,0.4539264230701562,0.2892097099187553,0.13506560226312125,0.11138513032293801,109,109
-1441,0.4659941556224676,0.28843765127421106,0.134681630909524,0.11126267997174835,109,109
-1440,0.4509154966462981,0.2898445674492035,0.1381375106781826,0.11126399764597333,109,109
-1439,0.43997971915029266,0.29077477142658054,0.1369208697267131,0.11107786438510524,109,109
-1438,0.4162470195605593,0.2918733033537685,0.1346955088418679,0.11093004323333905,109,109
-1437,0.4183788674906154,0.2941099375304867,0.13416395613479282,0.11079850847716416,109,109
-1436,0.42249536359070855,0.2963099501291478,0.13372359090460348,0.11063717204626855,109,109
-1435,0.4187256926768179,0.2972900825800982,0.13550603518628507,0.1102649933524742,109,109
-1434,0.44896897477078074,0.2977585905130206,0.13760704929302714,0.10974329507349918,109,109
-1433,0.4511211857799142,0.29867256828713284,0.13521029260086911,0.10936971794480364,109,109
-1432,0.42579063451947374,0.2996314672133859,0.13592141118640785,0.10905668556583455,109,109
-1431,0.43681134767416996,0.30110995792781603,0.13311481843416248,0.10869234393258854,109,109
-1430,0.4596495292506485,0.3028974456840147,0.1287340790305492,0.10838359859888007,109,109
-1429,0.49705975024989396,0.3052955850144171,0.13352841131538762,0.10811944964165543,109,109
-1428,0.5023333221415758,0.30670156132236576,0.13279528566576376,0.10774854559323349,109,109
-1427,0.4724937312664134,0.308537019567627,0.13510370499156973,0.10738766130574781,109,109
-1426,0.4659601390859136,0.30954579069507776,0.14152905982319183,0.10688519121205213,109,109
-1425,0.4982974977839439,0.30989997204209446,0.13671399549039778,0.10651279508602861,109,109
-1424,0.4881234915581197,0.310275802285918,0.1375034246365945,0.10599022074608663,108,109
-1423,0.4932807255804647,0.28305231017155,0.13334123299222625,0.10249185555817675,108,108
-1422,0.515532275264981,0.2853097392167693,0.13355948463671682,0.10193570019004795,108,108
-1421,0.4669456214832059,0.28832709240978327,0.13254061802597492,0.10131086193664034,108,108
-1420,0.42935855483978114,0.2907021982568989,0.13553194477446948,0.10068011703880522,108,108
-1419,0.4426362928758609,0.2920840467090397,0.1307799172272229,0.10007977626546812,108,108
-1418,0.4468339294515785,0.2927815619343474,0.12920362351104495,0.09966561223372102,108,108
-1417,0.4490153124524541,0.29283890691066616,0.131341406814554,0.09917652245196215,108,108
-1416,0.4417355179999874,0.2925460314377147,0.13266795512476498,0.09881029606641496,108,108
-1415,0.42049494459382547,0.293595711145183,0.13040118660463115,0.0985954749416542,109,108
-1414,0.4048403616628094,0.2935248154506863,0.1345897746292988,0.09839896304452127,109,108
-1413,0.45337902067216723,0.29296011996504034,0.13750634739276757,0.09829024083509857,109,108
-1412,0.46100051676745507,0.29366156190682946,0.13929894197366027,0.09810486580822846,109,108
-1411,0.4897571684298933,0.29461872588181054,0.14261183384785972,0.09792211634605347,109,108
-1410,0.47516314744261967,0.29570290028834756,0.14056536632318284,0.09771529614086716,109,108
-1409,0.5086554693330908,0.296980486728693,0.13860513622455,0.09747402562749244,109,108
-1408,0.5074817837226284,0.2977183195364209,0.13507018054004155,0.09716979162171101,109,108
-1407,0.5310300436576413,0.2976799136763525,0.1404072268751365,0.09683351236547219,109,108
-1406,0.5458431828667248,0.2977573823432149,0.1492342899887695,0.09650799446378182,109,108
-1405,0.5295513514176691,0.3059229526541377,0.13720695305886338,0.09550763466685502,109,109
-1404,0.49917671234557237,0.304997017189993,0.13521167254364802,0.09501531557061771,109,109
-1403,0.5171300249020095,0.30360429443331777,0.14305799365329538,0.09454158269480753,109,109
-1402,0.5615346557958947,0.3019578433930559,0.15688804094621783,0.09400202046279621,109,109
-1401,0.5453339761579319,0.300160428219959,0.15981909615036136,0.09355928929591792,110,109
-1400,0.503730494216709,0.29983088194544794,0.15723332498732207,0.09311108397583077,110,109
-1399,0.48613672684761666,0.2984367974825775,0.15559433406904882,0.0925898474385915,110,109
-1398,0.4968795250785181,0.2972873924625653,0.15704845718127045,0.09212364419035586,110,109
-1397,0.543489529658587,0.2970929430861122,0.1613073376843294,0.09167829938568622,110,109
-1396,0.4688715489887269,0.29715559134786124,0.13852630966630422,0.09125882591187301,110,109
-1395,0.4324158213472159,0.2969679758558814,0.12942291903585437,0.09086771049244874,110,109
-1394,0.4227433952060866,0.2969923776248867,0.1265617205509516,0.09063556390828068,110,109
-1393,0.4342970231573561,0.29697825822830554,0.1308168612453109,0.09043336030181628,110,109
-1392,0.43549032183439257,0.2976615708502235,0.12798717658317635,0.09032440592933093,110,109
-1391,0.4102470195555121,0.29688100474860024,0.12707335461826735,0.08954733376127688,110,110
-1390,0.4311470342328974,0.29764749815059366,0.1275816307295864,0.08962609587299242,110,110
-1389,0.4090659524839783,0.29790403451981357,0.12826376683400845,0.08962191493246159,110,110
-1388,0.4161342192848741,0.2982632424988129,0.12605433859892423,0.08957168358506773,110,110
-1387,0.46169335084964935,0.2982394059260251,0.12673877100137634,0.08959992265936202,110,110
-1386,0.5009039645926181,0.29828218750642904,0.1322354988393044,0.08973722598317657,110,110
-1385,0.49829220769114757,0.2974639506169261,0.13261664278337196,0.08991311307098483,110,110
-1384,0.45990082957332956,0.2967053123366055,0.13053351612642772,0.09005514999989807,110,110
-1383,0.45974030557575407,0.2958846664712473,0.1274809331856689,0.09026041593632796,110,110
-1382,0.4683801046831633,0.2951114907659099,0.12850762586277847,0.09057477269203522,110,110
-1381,0.47528407471844775,0.2939619317507746,0.135042431396997,0.09086067250530053,110,110
-1380,0.48174443251229415,0.291449330626299,0.1340212390930569,0.09107662903888032,110,110
-1379,0.47132366798256276,0.2892829249934326,0.13425898023958846,0.09152468806687625,110,110
-1378,0.4679455629972002,0.287398157940166,0.1337906396437414,0.09217210156989583,110,110
-1377,0.4471551839636104,0.28473797573184595,0.1337040492841532,0.09270546010491905,110,110
-1376,0.42939506146437023,0.28203630926664697,0.13672896610198876,0.09327745028128316,110,110
-1375,0.44821427788420476,0.27974249416125896,0.14032648951730892,0.09404634688473688,110,110
-1374,0.4622777551695461,0.277123896505303,0.1364081043133481,0.09480273211520214,110,110
-1373,0.48575316201960367,0.274934672079141,0.13482716652668825,0.09555239251366311,110,110
-1372,0.4781125850645269,0.2717411893192273,0.14007284074688933,0.09629281445366084,110,110
-1371,0.47861741554695986,0.2682929533616644,0.14287367588504415,0.09709252494139808,110,110
-1370,0.47836797497537503,0.26374466957761283,0.1402046837986977,0.0978964505892871,110,110
-1369,0.47329313413478136,0.2602402822174296,0.14258708115880353,0.09867800691614736,110,110
-1368,0.47074237885734654,0.2581053369910035,0.14141184561787715,0.09926541671428965,110,110
-1367,0.4951366038966895,0.25562532265474375,0.14091822196985523,0.1000010763259645,110,110
-1366,0.5009286921136124,0.2527201806718366,0.14397124082273935,0.10066198523156415,110,110
-1365,0.5032570266196876,0.25002602472068525,0.14458679940475477,0.1014271182926381,110,110
-1364,0.5101090739959695,0.24823202722843002,0.14660091102548894,0.10239425701391983,110,110
-1363,0.534541781004763,0.24613413889134506,0.14848216643501172,0.10338954390664173,110,110
-1362,0.5506614444732619,0.24342963736364337,0.14706119941562892,0.10450188102424801,110,110
-1361,0.5110239563488997,0.24099325178780936,0.14227239204123068,0.10576682409021668,110,110
-1360,0.49550133495487464,0.23779676165945535,0.14057992423234927,0.1071941093192256,110,110
-1359,0.4734920224972704,0.23543350718765374,0.13768761585957642,0.10875266388528164,110,110
-1358,0.48210355790694975,0.2336142461978688,0.13625111432694545,0.110351793655912,110,110
-1357,0.5180934807365211,0.23147027936518488,0.1355254443941265,0.11193125025256848,110,110
-1356,0.5365682676626168,0.22818408638475218,0.132573745018985,0.1133123179758268,110,110
-1355,0.5415695711311068,0.22394140958942785,0.13332559133523844,0.11443253848729958,110,110
-1354,0.5212171732039163,0.22004788920471377,0.13421255753010378,0.11556002592958331,110,110
-1353,0.4966798638158145,0.21671883388510352,0.13351483562017266,0.1164251509372502,110,110
-1352,0.49117110939949316,0.2138726291452125,0.13232278692981447,0.11726467942027541,110,110
-1351,0.4849969412059808,0.2107851932958261,0.13389604519444415,0.11798191293403777,110,110
-1350,0.4881346856741482,0.2081450989427548,0.13389573586022868,0.11883933011904342,110,110
-1349,0.4903432817646081,0.20569755353368913,0.13238633027768276,0.11970155025049811,110,110
-1348,0.5165304359732724,0.2039702781448612,0.13407589013516624,0.1205506035809715,110,110
-1347,0.516674785355305,0.20305114981673889,0.13519521660544548,0.12132827505693812,110,110
-1346,0.48581211948723374,0.20345124207695914,0.13781934280071764,0.12228021800590763,110,110
-1345,0.5062608378759494,0.20393906888362795,0.13764608385049695,0.12311766617519389,110,110
-1344,0.4704578352306106,0.20447856006476006,0.13362602198296467,0.12379112939926822,110,110
-1343,0.4543266267821748,0.2061066350962037,0.1366057061096478,0.12434361183413187,110,110
-1342,0.4650676172941151,0.20818025106470242,0.13545824490855704,0.12472642851670566,110,110
-1341,0.43744439950117925,0.2106486880781835,0.13718575616851258,0.12511688144750466,110,110
-1340,0.4123784198410966,0.21246278811407962,0.1349359557383799,0.1256106762554176,110,110
-1339,0.4391138921621515,0.21434503867307617,0.13356322200671897,0.12589518730996865,110,110
-1338,0.43759709067340613,0.21578247701171954,0.14353294278163764,0.12591407782418834,110,110
-1337,0.4756402508598228,0.21711604247261715,0.13644581411931272,0.12602127955809078,110,110
-1336,0.4399234442365308,0.21840346077723347,0.13451217003620056,0.12619308067617468,110,110
-1335,0.4284728740148723,0.21939946320059103,0.13351862079540586,0.1262858117582849,110,110
-1334,0.4121212343829454,0.22061495503150322,0.1309400710981137,0.12637224700253114,110,110
-1333,0.39852201642827,0.22104080508744062,0.12925486168862035,0.12634350749523585,110,110
-1332,0.42255906563509393,0.2210904355632997,0.13052773100921483,0.12626093912211012,110,110
-1331,0.4830601108269701,0.2216319131642419,0.13636374719033334,0.12625427858586435,111,110
-1330,0.4748852764469558,0.22269772243715327,0.13708076600730754,0.1262717041595104,111,110
-1329,0.4503022419463012,0.2237978185581721,0.1345680655414855,0.12623238933425365,111,110
-1328,0.44932893042959027,0.2250663051475118,0.13269015034189113,0.12633401044803874,111,110
-1327,0.47170688740050865,0.22651711983857084,0.13363550811225644,0.12624742108667864,111,110
-1326,0.48713418068249703,0.22754464438871835,0.13327433949956655,0.12596804171635667,111,110
-1325,0.4929547488683387,0.22773267436710434,0.13623223838181148,0.12543593787869192,111,110
-1324,0.4872452645981514,0.227635789226064,0.13321428481355582,0.12452542490868782,111,110
-1323,0.47192798183458967,0.22805258513963417,0.13331687274624565,0.1237890688025519,111,110
-1322,0.4383641663037268,0.22816536647461694,0.13439196841215495,0.12277422550580998,111,110
-1321,0.3974133832856033,0.2430001774038884,0.12907395600391153,0.12153935769786052,111,111
-1320,0.35512006361658366,0.24365996398547599,0.12710045914708062,0.12057569450035097,111,111
-1319,0.3801901450946021,0.24583916877911544,0.13093108196787645,0.11976003579860559,111,111
-1318,0.4245574848534852,0.24708776368131682,0.1328806501739827,0.11887684404076601,111,111
-1317,0.42755569199558646,0.24951503871835615,0.13406429972854458,0.11818383374003748,111,111
-1316,0.4124420380526011,0.25244814962738266,0.13435888583362882,0.1176162847099382,111,111
-1315,0.4254267526110825,0.25514864410673516,0.1370185079414204,0.11699011457851599,111,111
-1314,0.4228665921206348,0.2573970385044685,0.1349733018780568,0.11630735956306186,111,111
-1313,0.40303916759957664,0.2589936503474424,0.13168918439243518,0.11541668872106897,111,111
-1312,0.4117172877042113,0.26080288814337677,0.1334230421130479,0.11463457478165778,111,111
-1311,0.41497565545389303,0.2624051135237446,0.1311783719379939,0.11397188329449809,111,111
-1310,0.408463836240622,0.26471882606645736,0.13004682306669663,0.11320366805181886,111,111
-1309,0.41964791492731035,0.2656953009223087,0.13072111920825882,0.11249844746959635,111,111
-1308,0.42324439165635414,0.266500374931114,0.1305296679435007,0.11185632781814832,111,111
-1307,0.42877961978801266,0.2679218712385425,0.1319509393123692,0.11128439405391084,111,111
-1306,0.41778013274559506,0.2705317065813871,0.13303230974558558,0.11079958821568167,111,111
-1305,0.4201020275520482,0.2730242782445971,0.13402725400672305,0.11023719740048886,111,111
-1304,0.423741514339572,0.2744388932155595,0.13289548897904183,0.10987949690505343,111,111
-1303,0.4198824118306366,0.2750433488947103,0.13357693815297686,0.109496204194054,111,111
-1302,0.4148563047334523,0.2756880022025883,0.12911245939289342,0.10911450753252673,111,111
-1301,0.41237143303690776,0.2761618402621949,0.12954494361220614,0.10882736858199384,111,111
-1300,0.38226205097022087,0.2761559587026193,0.12761598870577479,0.10842904931394279,111,111
-1299,0.3689546270508791,0.27616874853048257,0.1298629445841012,0.10805040005482262,111,111
-1298,0.42097175186774355,0.27688341444978076,0.12985330546463095,0.10758342391079306,111,111
-1297,0.4388046599067912,0.27703198674422985,0.12869468239589804,0.10703907677483201,111,111
-1296,0.4160237928782857,0.27697984846688734,0.12711361723365755,0.10655304524405114,111,111
-1295,0.3992757862258875,0.2781548907275237,0.12602413305044827,0.10601615409426968,111,111
-1294,0.4372809329110084,0.2800412880225785,0.13037154175463564,0.10551321716534143,111,111
-1293,0.476197832240489,0.2812026514329719,0.13095316991200345,0.10505468068337023,110,111
-1292,0.4732410177365017,0.28847858170122176,0.13014027761939542,0.10517175526471234,110,110
-1291,0.45060738683223744,0.288732997174845,0.12785181928816614,0.10458148006193886,110,110
-1290,0.4543596919505733,0.28887302576353885,0.1272691576032893,0.10405378901839803,110,110
-1289,0.4470762334043217,0.28951345445220983,0.12682249173171015,0.10346996864452143,110,110
-1288,0.4318645512032288,0.28863250193132284,0.12571603184574046,0.10275514081776568,110,110
-1287,0.43080352945234424,0.2870912013536648,0.12499409125832354,0.10203323608332132,110,110
-1286,0.4318131312133054,0.28541296358298585,0.125789941980781,0.10143592201870302,110,110
-1285,0.4032644153205698,0.2838594472013555,0.12399987137171686,0.10092393229160214,110,110
-1284,0.40911570110358747,0.2829919638277447,0.12532485701673732,0.10046574018542384,110,110
-1283,0.4152053300055286,0.2817335375154839,0.12131578005816518,0.10004377060360027,110,110
-1282,0.40266932783106507,0.2800619771749834,0.12074443695370843,0.09966387301895846,110,110
-1281,0.4049473578578805,0.27862127759703176,0.12190462113300617,0.09931561356996864,110,110
-1280,0.416692334097226,0.27737032286156327,0.12347406907144318,0.09903549180455501,111,110
-1279,0.4198793096665332,0.27566256319238597,0.12325717365549832,0.098771375060237,111,110
-1278,0.38320029839753944,0.27349752196898197,0.12232966599594282,0.09855907426526758,111,110
-1277,0.37176586806810635,0.2719189917816055,0.12922275653549492,0.09854875902605577,111,110
-1276,0.37461175667275165,0.27084048446381515,0.12782045389817076,0.09841202846504346,111,110
-1275,0.3665813441598625,0.26972889347575685,0.1293389980980014,0.09834564059961856,111,110
-1274,0.4117485254572265,0.2687575104590294,0.12611931054201897,0.09836346168912825,111,110
-1273,0.4254695261388556,0.26789350849230026,0.12533099305116532,0.09822486973472848,111,110
-1272,0.3976087335392721,0.2664198130981524,0.12617759984967217,0.098111627814682,111,110
-1271,0.4002322536655201,0.26533835341708706,0.12615277782747467,0.09808357594250035,111,110
-1270,0.4133593591091846,0.26408976608434503,0.12529088248606407,0.09714014150508506,111,111
-1269,0.3895271065878114,0.2626174715559876,0.12311131404564583,0.0970706973072194,111,111
-1268,0.37879653747959585,0.26154253441041786,0.12172949732142695,0.09702842055986138,111,111
-1267,0.3592154527583693,0.2607695642481543,0.1207374338547712,0.09717939494474359,111,111
-1266,0.37377175295997056,0.26021490811299786,0.1167280971607416,0.09738217976325408,111,111
-1265,0.35709016773410246,0.26043879077950977,0.11522608156487038,0.09791066677321889,111,111
-1264,0.37637599451526044,0.26094896403822015,0.1180086586813734,0.09851623329436884,111,111
-1263,0.4006204176135813,0.26096901813013257,0.12068054273945188,0.09907781407405282,111,111
-1262,0.4049465731967551,0.2609982063039418,0.12077944231058824,0.09958312415267222,111,111
-1261,0.40774430589545874,0.2614795871971163,0.12160071918790878,0.10011563221687553,111,111
-1260,0.40649489165752745,0.2622155198129432,0.12171466034406206,0.10076888350965606,111,111
-1259,0.3932303605868204,0.26110230847978005,0.12187867124877952,0.10121749140333429,111,111
-1258,0.37290705932442353,0.2596419425751215,0.1159634588091415,0.10143349895225344,112,111
-1257,0.40576002026765634,0.2567733258682559,0.11905122766185225,0.10174739591258009,112,111
-1256,0.3615087557396424,0.2553608611902604,0.12125707082618849,0.10217978410499702,112,111
-1255,0.3554169540406206,0.26235688593069806,0.12259976540136584,0.10320458435356147,111,110
-1254,0.3796788621122807,0.26175080000774836,0.12045552789223687,0.10361550301539742,111,110
-1253,0.3487071306620693,0.26181703427158215,0.12157607586230938,0.10410978712715085,111,110
-1252,0.32578058725661274,0.2635093394701405,0.11316770242740178,0.10471982477975057,111,110
-1251,0.31120977029978747,0.2660791886314493,0.11935572376911675,0.10528743993603533,111,110
-1250,0.34309609362741994,0.2688555712391035,0.1252366740105958,0.1058658384631268,111,110
-1249,0.3609381732297879,0.27128363823064855,0.12798870460610975,0.1065685289045018,111,110
-1248,0.3573532950156365,0.23720897096914773,0.12916789873974935,0.11211861383204737,111,111
-1247,0.3609268573704518,0.23814807765900606,0.1317789503413223,0.11295894204421336,111,111
-1246,0.3739100532424497,0.23849596635526027,0.12868977271873785,0.11360534743868168,111,111
-1245,0.3720290662530298,0.23801718919144388,0.1330072313931901,0.11399747616835271,111,111
-1244,0.3796791056198353,0.23771171168088395,0.13082838739778024,0.11431049299018066,111,111
-1243,0.41008367201105195,0.23798990362238073,0.13107794725693325,0.11461763907473933,111,111
-1242,0.3899650724152373,0.23850418020346079,0.13090211297489673,0.11478408604352609,111,111
-1241,0.4143971126117674,0.2389248332496972,0.135492063970577,0.11479755744614406,111,111
-1240,0.4262044034722445,0.23981045716397864,0.14003889051969878,0.11488315272387946,111,111
-1239,0.4265022162192676,0.2412801512730826,0.13890576485615116,0.11499329947175585,112,111
-1238,0.42707877358726526,0.2424050250050571,0.14426342843811107,0.11504067921728274,112,111
-1237,0.3792893846770909,0.24424203373951692,0.1354879279756043,0.11532497878466981,112,111
-1236,0.40193653565733806,0.24600643566642952,0.13932633323044452,0.11517685420871822,112,111
-1235,0.42079786420964543,0.2475680473279893,0.14141141478787145,0.11523965132656985,112,111
-1234,0.4141907284881468,0.2484195647139131,0.141586295826067,0.11538575084960274,112,111
-1233,0.3771862990161151,0.2493504046381258,0.14201497518691442,0.11568862095660286,112,111
-1232,0.4160848130869457,0.24974668696526733,0.1484499662654675,0.11580495246779736,112,111
-1231,0.43519751732483475,0.2507553720249245,0.1522462882406394,0.1158555258578283,112,111
-1230,0.44622942143070754,0.2526080098396421,0.1501283696503178,0.11598807812684972,112,111
-1229,0.4350658165035303,0.26198471110118565,0.14971111999074424,0.11525149488539016,112,112
-1228,0.4163460844101792,0.26494421128018814,0.14948960244691095,0.11528178062518428,112,112
-1227,0.43419777772688645,0.2685418407571371,0.1463751533265136,0.11518877283536114,112,112
-1226,0.43834062425219067,0.2717005496073221,0.14420643418281956,0.11499673335287548,112,112
-1225,0.3936900522418576,0.27313875723821346,0.14481740019139216,0.11451774486492686,113,112
-1224,0.42201545858107664,0.2760151399177546,0.1537900459210468,0.11405846969514988,113,112
-1223,0.3911657649785668,0.27891230875263995,0.1491858549905046,0.11353270979095507,113,112
-1222,0.352028354720251,0.281770858757229,0.14412246649237864,0.11295595963884159,113,112
-1221,0.34181464850132215,0.28317632520379915,0.14268507680827616,0.11260604076240903,113,112
-1220,0.3598339131350491,0.2817882329143087,0.14351080029225788,0.11324699134300498,112,111
-1219,0.3781018049438401,0.2833776838660221,0.14059135347211324,0.11285934138466347,112,111
-1218,0.36942306253079543,0.28588936598937953,0.143436756943213,0.11241449827186739,112,111
-1217,0.38589782090031644,0.2862639842223547,0.14112210863609853,0.11181932030027278,112,111
-1216,0.391942674476943,0.28547657329762316,0.1393498876504541,0.11113146358090877,113,111
-1215,0.40038354699814527,0.2839041196147262,0.1399403456670368,0.10955098504947058,113,112
-1214,0.4104930985481535,0.282542099480279,0.1397097406393427,0.10903088473491297,113,112
-1213,0.38556921477605177,0.2810393504431667,0.13881773511710796,0.10855020236154357,113,112
-1212,0.3818484160719511,0.28062207233377623,0.1380072434591914,0.10811712095067373,113,112
-1211,0.3990341605193922,0.27950523180949666,0.1363237283560958,0.10770655276286199,113,112
-1210,0.4189383170154088,0.27910621392509966,0.14022103649864662,0.10716896823594156,113,112
-1209,0.4104805125688478,0.2779942128506082,0.1443559771250608,0.10657180302210761,113,112
-1208,0.42063456176461317,0.27644891080514883,0.14275483641329367,0.10604394678626936,113,112
-1207,0.4104707690565387,0.2749580012176056,0.13880317944957646,0.10547212115191622,113,112
-1206,0.4014605675020053,0.2678038848690994,0.1396368241636033,0.10411653851527468,113,113
-1205,0.4108036834763393,0.2667965697014678,0.1376718451531514,0.10354404384176918,113,113
-1204,0.4270288454578942,0.26608163771683374,0.14003411699386992,0.10302120090893242,113,113
-1203,0.4332670722250495,0.2661054172929594,0.14200402152107472,0.10253582759030162,113,113
-1202,0.426473764719845,0.2661861082853038,0.14398094953009277,0.10214898973180975,113,113
-1201,0.4041557860659451,0.2659150579530295,0.14379824640529928,0.10174976955483842,113,113
-1200,0.4608077014736848,0.26561774941681227,0.13992691249631503,0.10135928823399583,113,113
-1199,0.4442440292868146,0.26568336962656863,0.1383660351257791,0.10100303956891346,113,113
-1198,0.4092150144788443,0.26702670048582217,0.1349478977443789,0.10080423220149395,113,113
-1197,0.44252705496698275,0.268875535534794,0.13780637517665206,0.10068775345046024,113,113
-1196,0.395877859961982,0.269188063776704,0.13545359965538792,0.10059705280087759,113,113
-1195,0.37955544494008786,0.2698629043109729,0.13180178240473878,0.10061149239303456,113,113
-1194,0.39633673011429477,0.27127960082784375,0.13158828084267288,0.10079647305558011,113,113
-1193,0.39841358598070953,0.27162424670483026,0.13164805386170467,0.10087118985969065,113,113
-1192,0.3707074188895792,0.27066261252117585,0.12848149570590436,0.10094004536906435,113,113
-1191,0.38896116517405527,0.2690358864946179,0.1320403421412747,0.10099697882536314,113,113
-1190,0.4001382980582761,0.2677471593916787,0.13273481896180594,0.10102245900951906,113,113
-1189,0.3887918914806864,0.26620811118566157,0.1351839328882533,0.10116768271368294,113,113
-1188,0.3900169373496745,0.2656384739966211,0.13302100990551333,0.10130935079454725,113,113
-1187,0.4037500755604542,0.26463191584059986,0.1336597875867501,0.10150942198207419,113,113
-1186,0.3964747474020096,0.26407262990541475,0.12965405157430338,0.10163234254174841,113,113
-1185,0.39056122438946944,0.2645793668374141,0.13151860339162103,0.10176773181452564,113,113
-1184,0.3793399357798033,0.2656014420404046,0.13140190670057114,0.10190666045061492,113,113
-1183,0.38225450193971644,0.267095331653201,0.13085402163621454,0.10203678292825218,113,113
-1182,0.39714890078514864,0.26863680965326575,0.13123980909750496,0.1021357467356859,113,113
-1181,0.39501428225557905,0.26984692563699075,0.13242977884436954,0.10205622062334486,113,113
-1180,0.4198906025297205,0.2711261734329997,0.13229453671347927,0.1019452710782506,113,113
-1179,0.39553876079090355,0.2720705718374073,0.13221973424856115,0.10192029516703424,113,113
-1178,0.36021151608644375,0.272597609570592,0.12405920810961059,0.10193562069807864,113,113
-1177,0.41473468880761877,0.27334364599195615,0.12958972207984473,0.10194363437114033,113,113
-1176,0.41246970367009617,0.27501610946203414,0.13156580284589323,0.10217242773222822,113,113
-1175,0.42907774675820065,0.275804127304088,0.13054926691149413,0.10231535035786704,113,113
-1174,0.38558956122200344,0.27693102403813885,0.13402416665241007,0.10240326979908734,113,113
-1173,0.40791370301035873,0.2788204857536289,0.13059892490972713,0.10253506854112177,113,113
-1172,0.4027756041219155,0.2817128153987709,0.12858135745354793,0.10285631412370935,113,113
-1171,0.3646722227189903,0.28406750474491343,0.1293565968379351,0.1032896530244912,113,113
-1170,0.39293977642714367,0.28560037926974746,0.13234400717591044,0.1036737082216179,113,113
-1169,0.3843754172881488,0.28713814029814855,0.1317276981905076,0.10414220294826292,113,113
-1168,0.37613761527683554,0.2882147918789964,0.13108590775218223,0.10443953526001355,113,113
-1167,0.359770776160966,0.28906840876533296,0.1297534569517466,0.1046769662315046,113,113
-1166,0.3753897003453156,0.288968316298797,0.12871139621966232,0.10476625621288843,113,113
-1165,0.38029198356928706,0.2901678526721858,0.13017859126227868,0.10487401109486359,113,113
-1164,0.34725764765244127,0.2893082855791921,0.1278155633914452,0.10490333027028725,113,113
-1163,0.3466405757077965,0.2886689247367368,0.12407692468742519,0.1048667056055824,113,113
-1162,0.3554300776187262,0.28820011350546987,0.1267764869362604,0.10498410660320262,113,113
-1161,0.3476473739630871,0.28747428468408937,0.13126592846447555,0.10518455649209918,113,113
-1160,0.3301112937238746,0.2862668528263193,0.1349512854222741,0.10526981848259188,113,113
-1159,0.34394407005341404,0.28760383241459664,0.13493171777486493,0.10546583728710449,113,113
-1158,0.3520660157949839,0.2884297832195101,0.1333677099865626,0.1057456126041114,113,113
-1157,0.35420671795051906,0.2888750981542854,0.13290821230549896,0.10601072677014178,113,113
-1156,0.34826515412773257,0.2901656760556597,0.13704815848023097,0.10619206619112981,113,113
-1155,0.3806643580362065,0.29213447145882165,0.14003951628209568,0.10635912253443307,113,113
-1154,0.35832273041678203,0.29485040409648045,0.1426499088844703,0.10653431970792165,113,113
-1153,0.39669486105018437,0.2975156095794424,0.15423652130239576,0.10672459587814138,113,113
-1152,0.4070942614688361,0.29962768449612515,0.1612652821961106,0.10690201542616297,113,113
-1151,0.42478092840420884,0.3019569545262588,0.17275153713657793,0.10696985322499927,113,113
-1150,0.3812090705254769,0.30388367404234173,0.14337811014328158,0.10712833193366612,113,113
-1149,0.3895363197858727,0.30624386405855775,0.1565717125072218,0.10750406753480964,113,113
-1148,0.3812012633873512,0.30956169617826895,0.14439949529930082,0.107802379347361,113,113
-1147,0.42583320724782636,0.31276082033491215,0.20044565334914166,0.1080275918860836,113,113
-1146,0.3161918815759253,0.3153492104729247,0.1507477856318638,0.10826664652230611,113,113
-1145,0.31134856834235114,0.31858379192926267,0.13654546645098609,0.10837849693501196,113,113
-1144,0.3425484380476719,0.3209167302047359,0.14120064754250555,0.1084147592634834,113,113
-1143,0.3925895497002378,0.3228802375803211,0.1961649293014505,0.10830161471929028,113,113
-1142,0.44792502739407153,0.3248905349020008,0.23703770428965332,0.10824835600277895,114,113
-1141,0.46488939218156317,0.32667018818024884,0.23037915266545347,0.10827712629915118,114,113
-1140,0.4425036459519974,0.32801979037904244,0.2175499881224307,0.10813054260375746,114,113
-1139,0.4103830356858269,0.32969880522654765,0.18811660791276794,0.10787652192503046,114,113
-1138,0.44438507274583816,0.33147579586663783,0.20530834602688441,0.10761908053499888,114,113
-1137,0.4925437407242348,0.33267017571960045,0.2545108994957153,0.10739688058669027,114,113
-1136,0.4753206775191703,0.3336043106092943,0.23733940441904122,0.10716722331961728,114,113
-1135,0.3937471785460848,0.33483525374979417,0.19322748344432072,0.10704829148881755,114,113
-1134,0.4315308429231164,0.3364931630622064,0.20283475740217527,0.10691061637908039,114,113
-1133,0.4588391047358444,0.33936212576714536,0.21162736796741555,0.10685371417855824,114,113
-1132,0.44726865370503477,0.3321703059742398,0.21510045842495218,0.10627911251840079,114,114
-1131,0.4678951530229972,0.3353837283207859,0.21536708868211638,0.10635926715840943,114,114
-1130,0.4612840506289485,0.3383840572662897,0.21085958249792022,0.1065234356328031,114,114
-1129,0.4536190207086452,0.34293323549024113,0.20917328428727963,0.10674999465904277,114,114
-1128,0.45146627163652653,0.3462610286086753,0.209114545499784,0.10703042406645884,115,114
-1127,0.4245177333727883,0.35039664375763846,0.20426255739737811,0.10753150979257928,115,114
-1126,0.4467948021534831,0.3535546799021268,0.20143656984288869,0.10811246957471814,115,114
-1125,0.4330022924182133,0.35630270262601893,0.19971595691532937,0.10871619086536022,115,114
-1124,0.4157398592229213,0.35926960732245017,0.19774223321173062,0.1093325063320016,115,114
-1123,0.372112924603391,0.36192697026507753,0.19504119895977398,0.11010585863726156,115,114
-1122,0.3807054236228269,0.3638988381162604,0.1961270755730954,0.11088732145849677,115,114
-1121,0.3938675809303854,0.364613720813724,0.19458538362785,0.11149101758409054,115,114
-1120,0.4133840032775939,0.36537282473521265,0.1917192114144672,0.11210040877201652,115,114
-1119,0.39023448137322087,0.3665416501876845,0.18957142398967908,0.1125494109479339,115,114
-1118,0.3915872269903418,0.36101298574237156,0.19011620849572278,0.11221702308686905,115,115
-1117,0.39290100022030783,0.3617921223169987,0.20871735311229297,0.11248379179186523,115,115
-1116,0.42013952932554627,0.3617844871839791,0.2317471439898856,0.11276578152861509,115,115
-1115,0.4412376053896418,0.36214848143046763,0.25176618029771575,0.1130260153983296,115,115
-1114,0.4496678634675555,0.3628222298226947,0.26372715263059443,0.11312857179342076,115,115
-1113,0.4610804471023431,0.36293642787363745,0.2573270802716704,0.1133790269837778,115,115
-1112,0.4616394133353304,0.3619950549097564,0.2504113714698231,0.11341470030199012,115,115
-1111,0.46327376039886903,0.3609094206689617,0.25733133618757464,0.11339382582617696,115,115
-1110,0.46870191724707105,0.36071075997183577,0.259022852357466,0.1135491512813702,115,115
-1109,0.42230710806371746,0.36013069448276613,0.25107530295945873,0.1136583227869161,116,115
-1108,0.4232551043343999,0.3599620876761111,0.24852429067430756,0.11375264924354193,116,115
-1107,0.3952736702701651,0.35973026405580427,0.24702359848812594,0.11379748655246323,116,115
-1106,0.39376799182137107,0.360669871725141,0.24454559863194547,0.11382279773047495,116,115
-1105,0.3943404287268195,0.3617931329605557,0.2380396937269009,0.11383424264539632,116,115
-1104,0.3762363167970168,0.36398849421411533,0.23923711241224918,0.11406872568900643,116,115
-1103,0.3853579654454923,0.3659044601886342,0.2377977545514137,0.11431767074428484,116,115
-1102,0.39280468945178765,0.3678854520517224,0.24592692449085707,0.11456595543501169,116,115
-1101,0.44827643068822687,0.36956922234112155,0.26863867099800237,0.11482822318290155,116,115
-1100,0.4748350602019305,0.3716210944195676,0.2804082037862607,0.11486192212615809,116,115
-1099,0.4765999383827529,0.37345764018303923,0.2876529947408814,0.11381049678534998,116,116
-1098,0.45772319567809816,0.37525710722236516,0.2806048825467904,0.11366839829429946,116,116
-1097,0.4189104669044313,0.37665806527374573,0.2721434618330514,0.11333040369935812,116,116
-1096,0.40995306747819926,0.37761780318435967,0.2626909412015996,0.11293119303112581,116,116
-1095,0.44822826027553664,0.3786714612645758,0.262664873591223,0.11244837774603225,116,116
-1094,0.5069656202136248,0.37893658637373967,0.2879681890058703,0.11187135669959761,116,116
-1093,0.5234012303258466,0.3802307051194557,0.3007012738612942,0.11132002961505567,116,116
-1092,0.5063892389635234,0.3817433768516936,0.2959180384904792,0.1106721701846928,116,116
-1091,0.5002651873312348,0.3832866260843604,0.28452012222857953,0.11013451666156845,116,116
-1090,0.4581465670652679,0.38419571404215863,0.27637685871876083,0.10960136479365687,116,116
-1089,0.4420158168548165,0.3839179425321308,0.27858141395136593,0.10894728944579535,116,116
-1088,0.4114946894083472,0.3829081247573,0.29248913351795025,0.10837621665319955,116,116
-1087,0.45750888360809283,0.38188664497191915,0.30630361585557303,0.10787149474349643,116,116
-1086,0.4902983103192795,0.3803693369154295,0.3094112547045738,0.10734434869200978,116,116
-1085,0.47310807545214906,0.37822551025049056,0.29312004660033814,0.10682827741730204,116,116
-1084,0.45339963837404246,0.3768836605179402,0.28580231109678184,0.10639838099793474,116,116
-1083,0.4627690200074609,0.3754690166884351,0.2888121792095686,0.1060647615233918,116,116
-1082,0.466748850882239,0.3741337427633294,0.29118495972843034,0.10556780347963082,116,116
-1081,0.4653016755112367,0.37304557182943343,0.2828386609959574,0.10508415536390185,116,116
-1080,0.4319113895476343,0.37242554628573216,0.2742772572006668,0.10465596520234459,116,116
-1079,0.43076359010583964,0.3719967216886663,0.26919677331900543,0.10427464401874863,117,116
-1078,0.4194268788553568,0.37023961427039115,0.2644314757615021,0.10374875415830774,117,116
-1077,0.44698547689943874,0.36782941096738425,0.2582664678046807,0.10316446157713603,117,116
-1076,0.4550794923312239,0.36582661117266,0.25485426946339784,0.10250821746151029,117,116
-1075,0.4418345523814139,0.3645399260684994,0.256213055615727,0.1019870298960163,117,116
-1074,0.43528390933449973,0.36197879706111896,0.254316142602587,0.10146784561724397,117,116
-1073,0.4290097051064282,0.35843348175539397,0.2528321928196523,0.10079739579889349,117,116
-1072,0.44439525088239523,0.3557743759887319,0.2539614165867992,0.10017989181362871,117,116
-1071,0.441995501113618,0.3447810378262693,0.2572928236074342,0.09983789125821245,116,115
-1070,0.4288897926542781,0.3414698519483012,0.25285554710166336,0.09896675972035465,116,115
-1069,0.411592527206913,0.33598527347753704,0.25098144037386966,0.09716829354323901,116,116
-1068,0.39626469706861517,0.33203504961530306,0.2600492844560676,0.09632314448472547,116,116
-1067,0.4192548873409447,0.32791055132449026,0.2950304361772137,0.09523027391508539,117,116
-1066,0.473801801225502,0.3239809238565538,0.3268278716899693,0.09395922480687802,117,116
-1065,0.46016485549549646,0.32022959370166404,0.3243417078481365,0.09272363289367952,117,116
-1064,0.4390280126372148,0.3166616984369401,0.30829895421104797,0.09156097190178723,117,116
-1063,0.45332874884415864,0.31204566092457037,0.2986942238830595,0.09034799572552601,117,116
-1062,0.42237683664643816,0.3085694978701683,0.27074909856904567,0.08913068950940803,117,116
-1061,0.458574362256158,0.3059773738393136,0.2792026313632188,0.08813433314078524,117,116
-1060,0.45658540967075395,0.303147548396777,0.277471246266964,0.08725098599402488,117,116
-1059,0.43963594037974485,0.30052947567256233,0.26928995300822905,0.08644315582169959,118,116
-1058,0.45671925238401484,0.29782141267741896,0.26489363069505306,0.0857388128256637,118,116
-1057,0.4674301901784196,0.30698970164320244,0.2669421320175574,0.08506325233460885,118,117
-1056,0.4668956506127628,0.3058247598309185,0.26915679041102064,0.08438173641646975,118,117
-1055,0.43581181206608743,0.30505555097711035,0.26531435544159243,0.08382129847699273,118,117
-1054,0.39344690977336383,0.30388855337058507,0.2585933422397783,0.08338042053416306,119,117
-1053,0.4268918135971848,0.3033699465347251,0.2530884243318968,0.08298563815990294,119,117
-1052,0.4038878040187168,0.30293993516433937,0.24874356480250617,0.08261206675337468,119,117
-1051,0.4319195697926275,0.3025774978807671,0.24999280845062083,0.0822840842069297,119,117
-1050,0.4488411190628628,0.3024076154055376,0.24868233184410077,0.08192556511212674,119,117
-1049,0.47138485298472427,0.3027981684575501,0.24353109825180946,0.08090600718239964,119,118
-1048,0.4810095210827675,0.3024492921766489,0.24295768806567633,0.0805792198808715,119,118
-1047,0.4796235196087598,0.30283137596370946,0.24907581687742897,0.08030443281360773,119,118
-1046,0.4665924376013123,0.30269701523675163,0.26488337626416014,0.08008133074906174,119,118
-1045,0.49516885263867255,0.3017898475350576,0.27466177646312884,0.07983103349816131,119,118
-1044,0.49136368572503486,0.29783546314365755,0.2690237507895341,0.07906669185369126,119,119
-1043,0.4781589999056821,0.29731984402890205,0.26442088140819175,0.07892786508412536,119,119
-1042,0.46415662433709265,0.29730989404072555,0.26700754777926583,0.07889660242061113,119,119
-1041,0.4723972407943683,0.29777557583837144,0.2630594610947429,0.0787721578144495,119,119
-1040,0.48684823303071484,0.29668032738640626,0.2629916118579649,0.07854606537990189,119,119
-1039,0.5197980920419273,0.29515191586913436,0.27157210523987013,0.07827734900259636,119,119
-1038,0.5067107081447049,0.2935842592487064,0.26349475227282976,0.07809200826474681,120,119
-1037,0.48385163485434945,0.291829622243728,0.25572573745591265,0.07790106285649159,120,119
-1036,0.47812491777745253,0.29034343672760915,0.25372022854390824,0.07773094594797172,120,119
-1035,0.48182972279284864,0.2887979519253947,0.2600444504637676,0.07783193154853292,120,119
-1034,0.46832055140540046,0.2880347251749993,0.2591629191568295,0.07803416736556072,120,119
-1033,0.48577692465649286,0.28682418572904883,0.2618412743186285,0.07821846797652166,120,119
-1032,0.47245365140128875,0.2849178550357737,0.2647870353352547,0.07842033487375326,120,119
-1031,0.47575632352051317,0.2830646977075077,0.2648448904311205,0.07862682649052899,120,119
-1030,0.4857293709676201,0.2815530924365831,0.2602042669384148,0.078819240595579,120,119
-1029,0.5055214945910517,0.2807013040361022,0.2637316853218133,0.07906793505685918,120,119
-1028,0.5368716615953274,0.2774312446129751,0.2675068726465967,0.07868623284672539,120,120
-1027,0.511512071963438,0.2756136830503633,0.26339398051065677,0.0789760282586861,120,120
-1026,0.5211417745697893,0.2744453651871403,0.2666549138091532,0.07932241162109191,120,120
-1025,0.5297110747215421,0.2731953118031366,0.260474291001367,0.07979563865951873,121,120
-1024,0.5460808850534196,0.2730295038622291,0.2679277923498049,0.08023498258873656,121,120
-1023,0.5215780951584225,0.27363187425373686,0.27185511073716806,0.08066537023884929,121,120
-1022,0.530802031449395,0.2741352634612589,0.2813932553958337,0.0811317976757241,121,120
-1021,0.5327405744664856,0.2755735464555154,0.27258391259230996,0.081633055282155,121,120
-1020,0.49729405986904524,0.2757587537260199,0.2566150301543219,0.08203312579225577,121,120
-1019,0.5270243740562283,0.2752997026087001,0.28178317727374874,0.08254632869420393,121,120
-1018,0.5945207720647211,0.2783727308375653,0.2973930679544042,0.08352768251652617,120,119
-1017,0.6060072320589837,0.2792911716222583,0.29841443215935304,0.08396430692619031,120,119
-1016,0.5943334610337125,0.2785825663079075,0.2970848295561263,0.08428315413900142,120,119
-1015,0.6011062434829041,0.2783637457486813,0.2984747900021026,0.08386614242227568,120,120
-1014,0.627832186117199,0.27872764553775553,0.3163591275851275,0.08417612731602157,120,120
-1013,0.6000302034490643,0.2800124699762419,0.32342063315064035,0.08444423015620423,120,120
-1012,0.5795110705114991,0.2808849875212604,0.32997292258142935,0.0846242987665495,120,120
-1011,0.5706648512694853,0.28126344199860204,0.32922354731772235,0.08472007039920652,120,120
-1010,0.5985953109943443,0.2822064438169343,0.340591036995308,0.08499965440068255,120,120
-1009,0.5909853475988437,0.2838059299507563,0.3340454701659991,0.08544436970541901,120,120
-1008,0.599292456929136,0.2849360994349673,0.33541932595870205,0.08584144209288365,120,120
-1007,0.6480328453567858,0.2850052879001078,0.3432936605011127,0.08622676540953282,120,120
-1006,0.6386371510350984,0.2844619344668672,0.35541134351186426,0.08651747274244749,120,120
-1005,0.6546577944491339,0.28350703222466805,0.35220085200693185,0.0867374311154232,121,120
-1004,0.6751141145487651,0.282789234389981,0.3641344724302333,0.086844661000557,120,120
-1003,0.6730206021636037,0.28235519981441964,0.3751375778180793,0.08781474828453144,120,119
-1002,0.6461471884445539,0.28245013247760214,0.37330163567971764,0.08804780524327559,120,119
-1001,0.6308320905993746,0.28245495973486257,0.37357343218390854,0.08836423960213789,120,119
-1000,0.5867844460181542,0.28269747147801927,0.36394847421802645,0.08872442606757608,120,119
-999,0.5324458360427952,0.2818219738643295,0.3375427195106988,0.08902048540368979,120,119
-998,0.570063711719351,0.28179942899536486,0.350448076447446,0.08942856485310155,120,119
-997,0.5715335731734226,0.2807078811770484,0.3562728408139827,0.08973735454668533,120,119
-996,0.6041941968430126,0.2786029057738809,0.3618177139025338,0.09005851502259045,120,119
-995,0.6036535502218691,0.2695721214152492,0.3701861882922681,0.08987323888342885,120,120
-994,0.6286028113348421,0.2662900243874652,0.3831452887676844,0.09025890588815855,120,120
-993,0.643252096721295,0.26330360578737894,0.3870705781360839,0.0907516703605378,120,120
-992,0.6271443433458724,0.26043075653591996,0.3847108679626697,0.09126366667268165,120,120
-991,0.6487164556784081,0.2569351104319072,0.3951856782732874,0.09157752399740073,120,120
-990,0.6801243168026553,0.2532716834618897,0.4119901333249016,0.09183264403529182,120,120
-989,0.6585752045060468,0.24937126419904343,0.42855674853376347,0.09209202263073417,120,120
-988,0.6487297963098677,0.24535009125047116,0.4146704300865842,0.0924206240195307,120,120
-987,0.6768780091079871,0.24075096114327424,0.4208168616647115,0.09272866321894023,120,120
-986,0.7411412225665653,0.23686973848514759,0.42073131314364326,0.09300257646922733,120,120
-985,0.7126230746188594,0.23063271492074006,0.4141344287781289,0.09296645801267611,120,120
-984,0.722516984212798,0.22624559619141418,0.44444959651646565,0.09300961098549343,120,120
-983,0.69556555548329,0.2213757578451564,0.45325925113357496,0.09297931080888445,120,120
-982,0.722159765094118,0.2171755119384705,0.45609111757710163,0.09306810287294252,119,120
-981,0.7313835145582857,0.21775829518216241,0.46349037516429237,0.09395222272424024,119,119
-980,0.7722645822203171,0.21417511909931863,0.4729114392879847,0.09427994991532666,119,119
-979,0.9110201021935908,0.2105211734018033,0.4980421089362453,0.09463738259298472,119,119
-978,0.7988984162174448,0.2074581207571976,0.4907851937586661,0.0951141297016219,119,119
-977,0.7788478641943122,0.20508076852396895,0.47982264123594365,0.0955206025454964,119,119
-976,0.8009307462803531,0.2023189802590591,0.48553119797848293,0.0959255016655916,119,119
-975,0.7832745442033974,0.2006560624823856,0.4856823126166104,0.09630162998771703,119,119
-974,0.8151482878762218,0.19800749741833348,0.5018842926020383,0.09651546487933928,119,119
-973,0.8480759254843978,0.19446230658736144,0.5110467822320168,0.096576761174836,119,119
-972,0.8396614191449918,0.19199124732792558,0.5031791695028666,0.09666117162420311,119,119
-971,0.8348840490547565,0.18873479186248807,0.49710835280829846,0.0959548724380707,119,119
-970,0.8052392040425354,0.18560474497977578,0.505196860627259,0.09532094342851022,119,119
-969,0.8093180513246481,0.18243188808307123,0.5027920319722098,0.09476496298957386,119,119
-968,0.8188347395359531,0.1795880371091018,0.5034183140314483,0.0943350113075625,119,119
-967,0.807426343712946,0.1787670202938828,0.49712536049661593,0.09399208600539444,119,119
-966,0.7916434518695272,0.17756815147868957,0.49500532621726345,0.09364550883249442,119,119
-965,0.7891179441047412,0.17617074850531225,0.493789915119549,0.09331801005377216,119,119
-964,0.7956335425779932,0.1731993973354894,0.49667955485956816,0.09306045923806473,119,119
-963,0.7758772353575467,0.16932484156399807,0.4957938183697699,0.09281486202281264,119,119
-962,0.8036039823109097,0.16598494051341794,0.5022984942107347,0.09261456725419219,119,119
-961,0.7980434903526581,0.1619479931531447,0.5089850339060031,0.09229068451256692,119,119
-960,0.7945823328155291,0.15944402568603544,0.5223846705790142,0.09215733446370887,119,119
-959,0.8082069939165586,0.15730972041772728,0.516022670095132,0.0921925969931462,119,119
-958,0.8024631621064615,0.15384155754409315,0.5129349152782287,0.09228291287521415,119,119
-957,0.7753553986835409,0.1503666640758772,0.5067928012863633,0.09231742727369778,119,119
-956,0.746429950872766,0.1477132833295825,0.5106000567689524,0.09242568212762774,119,119
-955,0.7666360947807792,0.1453154860787712,0.5239197441314086,0.09246743138216372,119,119
-954,0.7970782475580663,0.14316955971791748,0.5282223778369851,0.09260807305625085,119,119
-953,0.8154729227809786,0.14057443029833885,0.522013126893587,0.09276523771765158,119,119
-952,0.7932114050569755,0.13777143998380464,0.5242006396881157,0.09287706241246456,119,119
-951,0.8197206329877987,0.13509593688490967,0.5434451057749166,0.09306609956480565,119,119
-950,0.8424680988114739,0.13167403020613666,0.5451791170823269,0.09303641132204223,119,119
-949,0.8375034705177804,0.1286015355441006,0.5401238026929485,0.09298233981130438,119,119
-948,0.852752740627521,0.126096538564655,0.5399032637570053,0.09271217455728152,119,119
-947,0.8639702066481186,0.1232026776385007,0.5474243712411756,0.09231655600974548,119,119
-946,0.859682182247702,0.12082325444779386,0.538122827735623,0.09198993134782567,120,119
-945,0.8258384508338946,0.11793415630444788,0.5249693675382596,0.09164679991987622,120,119
-944,0.806400803648959,0.11438127351121347,0.5256206921334223,0.09107056865071503,120,119
-943,0.7957941680512587,0.11063968597933711,0.5192478849825258,0.09056324446454657,120,119
-942,0.7903832803896926,0.10737048421172103,0.49452653311650857,0.09009272761973498,120,119
-941,0.8515050293420557,0.10501419396794773,0.5229400474143157,0.0896888560550453,120,119
-940,0.8648536595519781,0.1029409417029119,0.5298873510461443,0.08937725063474135,120,119
-939,0.8928333846482049,0.10168992441339694,0.5355182111991903,0.08907318458514084,120,119
-938,0.9341765201679783,0.09932301974647295,0.5506390029043077,0.08866007770781642,120,119
-937,0.9868137460319574,0.09687032632994129,0.5700327053793885,0.08833784248562501,120,119
-936,0.986858943389117,0.09326573800508653,0.563338305323856,0.0872995397411071,120,120
-935,0.9514126405355732,0.09126397788276062,0.5394807482796599,0.0871035207402518,120,120
-934,0.951697285337105,0.09055248387668284,0.559912894849202,0.08693566249616586,120,120
-933,0.9913539900677791,0.09040435332771603,0.5533392146534142,0.08665399891936977,120,120
-932,1.0119172469388789,0.090481990634306,0.5861857106685843,0.08636745787521337,120,120
-931,1.0218192187131374,0.0899732830557788,0.6060350642090323,0.08623924423626211,120,120
-930,0.9728309554314053,0.08898243890415618,0.5746220012576799,0.08608696902792791,120,120
-929,0.928921933078905,0.087030949194583,0.5327686409871654,0.08604325061409802,120,120
-928,0.9669757910338902,0.08513458977302686,0.5166063081527265,0.08604516069940805,120,120
-927,0.9402230481197297,0.08369405436961816,0.49343698605925956,0.08602581488022254,120,120
-926,0.9125965756500355,0.08167574289970757,0.4850933901500887,0.08574385277420614,120,120
-925,0.9290177689425066,0.0817632414952749,0.4772583446003005,0.08593535175593177,120,120
-924,0.9600920324383105,0.08092228372729782,0.4911708585468045,0.08600476444235693,120,120
-923,0.9412729392310097,0.08032913613177681,0.4782874277568011,0.08597302442775963,120,120
-922,0.917005259495318,0.08025205026985358,0.47061581916150613,0.08599320497364141,120,120
-921,0.8861931378993396,0.07986609615683002,0.46143063460538286,0.08580563450698046,120,120
-920,0.8481622369318764,0.07967139926156147,0.444336487492596,0.08582102937769372,120,120
-919,0.8366256841987217,0.07999653946282358,0.43232422221948513,0.08585476902260387,120,120
-918,0.8177230947105064,0.0797780926348323,0.4187861102007895,0.0858331048280075,120,120
-917,0.8537733965036655,0.07846827528030541,0.41229583009699283,0.08574507090048993,120,120
-916,0.9369695247727158,0.07684151782514458,0.4196071291136641,0.08566989353473377,120,120
-915,0.8275606934038483,0.07472443173079503,0.40488490703125146,0.08568260147113214,120,120
-914,0.8176792557045627,0.07240773977477954,0.4074576105849433,0.08572314690014918,120,120
-913,0.832234402232668,0.07060041832467095,0.41616983392927676,0.08576196616329916,120,120
-912,0.8175508205142276,0.06800787215436238,0.4000910336885234,0.0857911776794134,120,120
-911,0.7819616220453482,0.06709692916912606,0.36874272683640164,0.08567562244343346,120,120
-910,0.8501962649335755,0.06695269517865342,0.4108802691747723,0.08558894548439272,120,120
-909,0.8517675218868224,0.0675353794061727,0.4483777945958334,0.0855550015649647,120,120
-908,0.8601075858869643,0.06700415450523534,0.45434994242932825,0.08540706695186417,120,120
-907,0.8464064535117025,0.06405775022967831,0.4493894959247925,0.0851206267942963,120,120
-906,0.7939113318744274,0.062101021695294904,0.4363992231281668,0.08502843292610941,120,120
-905,0.7881050624916622,0.06089306275037757,0.4217960377609451,0.08502678586435634,120,120
-904,0.7749045728889309,0.06048659029041033,0.4036325131113699,0.08502989673427147,120,120
-903,0.7608823944580937,0.06005245396851735,0.3984847579498976,0.08506174679401805,120,120
-902,0.8060822490776085,0.059341943389129584,0.45460061839126975,0.08517512703149631,120,120
-901,0.8434007446084428,0.05899413052787074,0.4490505686061646,0.08536399660828703,120,120
-900,0.9533852125197602,0.05813952064147495,0.43954701172700616,0.08553110504989815,120,120
-899,0.8909774011305946,0.0580551515110859,0.43374168446386824,0.08573289408529294,120,120
-898,0.8983761779176103,0.058443566381403064,0.4418621080793632,0.08586276910772164,120,120
-897,0.9195659000314582,0.05833286350946541,0.4587527511052509,0.0859747217662847,120,120
-896,0.9422303662071821,0.05802569834650102,0.460162788721468,0.08613585859861074,120,120
-895,0.9600712107708154,0.05720344314026375,0.4571938703029508,0.08626261386616701,120,120
-894,0.9891365237260666,0.05618348154632928,0.4667750188096165,0.08652697747802666,120,120
-893,1.0640142286284155,0.054667101010246584,0.47376571339254125,0.08675541017141195,120,120
-892,0.9836948380270141,0.05386087646079044,0.46337997435721073,0.08702721843129779,120,120
-891,0.9554530419185294,0.05238583560720848,0.46167593857334,0.0873667957820081,120,120
-890,0.9495969295138512,0.051019066068616385,0.471812951457288,0.08768911770174317,120,120
-889,1.0118668791096135,0.0503827089922504,0.4721525805181024,0.08797176362746592,120,120
-888,0.9885954438501948,0.049500233576787234,0.4533046676399201,0.08826455122684425,120,120
-887,0.9177615137267344,0.0492886084955871,0.42321093406130555,0.08861707580057915,120,120
-886,0.8981245702439737,0.04976714153940986,0.41939278399012697,0.0888520646297013,120,120
-885,0.932772389677265,0.04999735730433664,0.42802939304656723,0.08910543063364307,120,120
-884,0.9599934332560287,0.049661935975309775,0.44904735768725484,0.08930319723391386,120,120
-883,0.9233070070805743,0.0489873958790282,0.44606078916588343,0.08949558658503427,120,120
-882,0.9413828962407399,0.048929498063200724,0.45729376339061767,0.08968902235091628,120,120
-881,0.9532342787118654,0.04925304262352917,0.45829712617029,0.08988102171255899,120,120
-880,0.9828857919417119,0.050217585815682676,0.46585888754611116,0.09014426850837357,120,120
-879,0.9970204627986491,0.04962794632308476,0.4753516774847485,0.09036189400556692,120,120
-878,1.069702027413491,0.05349800253242216,0.49057709514226244,0.09136939392032437,119,119
-877,1.010646040050834,0.054610326339668905,0.4839358467452497,0.09168002445128036,119,119
-876,0.9739893710293758,0.05681703722122949,0.4748093598997323,0.09188758355182626,119,119
-875,0.9856838380500621,0.05986863261169377,0.4686331991746461,0.09212056490242994,119,119
-874,1.0185622503810634,0.06278053165970104,0.4789888564845666,0.09227014313568531,119,119
-873,1.0423274968575722,0.06464930394724806,0.4969799588894847,0.09251246979093468,119,119
-872,0.9793778382378755,0.06647019965713945,0.4776867331146921,0.09251637928811833,119,119
-871,0.9531669302378624,0.06938844457477251,0.45688317794831024,0.09250657720833191,119,119
-870,1.001712403730011,0.0721729766608155,0.4743059761797631,0.09257115221982119,119,119
-869,1.0199389560056387,0.07575586445051756,0.4738481030866561,0.09263652178456244,119,119
-868,0.9214990623942767,0.07850951293340602,0.43019556367459,0.09266891585999784,119,119
-867,0.8935245377514051,0.08105628002058693,0.4087482962075785,0.0926461351175685,119,119
-866,0.9150127042810225,0.08448209796165554,0.42621571583749707,0.09262762498529103,119,119
-865,0.9828505619313611,0.08889954740905973,0.45957329962856935,0.09263047913784168,119,119
-864,0.9777344420380353,0.09251308234219306,0.46060430872094,0.09272261189903776,119,119
-863,1.002559112542878,0.09668249640302026,0.4606093933475372,0.09288720496074035,119,119
-862,1.0233478301050187,0.10052450741090366,0.465159945125076,0.09308603305436086,119,119
-861,1.0075166127905295,0.10370526200556042,0.46500644047489287,0.09302394493500972,119,119
-860,0.992012734617841,0.10618540983770478,0.4629351514186191,0.09303145303366057,119,119
-859,1.0006454977469426,0.10823833015563152,0.4598510430115624,0.0929895883749099,119,119
-858,1.0250017226809915,0.11201470920230609,0.46120677379738484,0.0931169381488092,119,119
-857,1.0254233339748131,0.11697221559078365,0.4706511575976332,0.09327555483119628,119,119
-856,0.9954245053802697,0.12139261171853657,0.4718832006806319,0.09350417856714613,119,119
-855,0.9733895249176563,0.12545810169280708,0.47346658626450744,0.09372433066445947,119,119
-854,0.9494876000142758,0.12988633780682377,0.4673408803136584,0.09404425441903862,119,119
-853,0.9206207804239096,0.13477700896806324,0.4575059098264727,0.09453286935144897,119,119
-852,0.902159531909405,0.1394073053433924,0.4514051030151593,0.09495872837425559,119,119
-851,0.9191311369655587,0.1435669172003604,0.46829145531318106,0.09549286830842856,119,119
-850,0.9652767481029516,0.14721097932336744,0.4825058494771902,0.09597663672114505,119,119
-849,0.9478828338342957,0.15183550524687217,0.47759851437997725,0.09639505023301492,119,119
-848,0.9235301244306379,0.1573931901414442,0.45079368321591284,0.09687729811771748,119,119
-847,0.913267938739188,0.16327918944126482,0.43863654354118015,0.09729760623124971,119,119
-846,0.8996106513358683,0.17006190429531626,0.4365560863076948,0.09788587613172235,119,119
-845,0.9747685293639687,0.1761769555536619,0.45941661611300816,0.09849368528502218,119,119
-844,0.9883441597033675,0.18206401191021804,0.45092594158370236,0.09910478769695537,119,119
-843,0.9344087933715047,0.18807843762156967,0.4259559326437201,0.09987342807579445,119,119
-842,0.9604915970747647,0.1937313938679109,0.44393662204282736,0.10052442309279835,119,119
-841,0.9910798856708247,0.19858050388365636,0.47096496317283393,0.1011945485841598,119,119
-840,0.9726697394375853,0.20324543535660597,0.46235829491748054,0.10189222362144085,119,119
-839,0.9396908938194499,0.20793353084317606,0.46099924016154653,0.10275994722392728,119,119
-838,0.9198486379992397,0.2129915611203153,0.4565831120903808,0.10362412042758395,119,119
-837,0.910116940653252,0.21895589334376234,0.4686166189633476,0.10440487183439676,119,119
-836,0.9216147769363737,0.22485807991272927,0.47933318036565237,0.10513431641671098,119,119
-835,0.9107275898190191,0.23158139047984122,0.4746862748196307,0.10603808503312592,119,119
-834,0.8879038614396003,0.2377772122800804,0.464912259408782,0.10685529827785842,119,119
-833,0.8701848416920639,0.24388103523611523,0.4638037005342464,0.10751963206280803,119,119
-832,0.8676089228960788,0.24928896545740248,0.4524695899198984,0.10805796640587047,119,119
-831,0.8577892001225806,0.2562721172416778,0.4467353763623043,0.10866235771196552,119,119
-830,0.8169071603606353,0.2624783035404358,0.4264081583614602,0.10929919946462836,119,119
-829,0.8480171471945251,0.267505982479406,0.44584530921429893,0.11009691072015804,119,119
-828,0.8596769812029285,0.27034255349482117,0.4558918811268062,0.11077994531845906,119,119
-827,0.8770204241265203,0.2728031962849512,0.4549025640449771,0.11151455978554539,119,119
-826,0.9096615823155111,0.2750132619860292,0.45369501052058897,0.11215148781935967,119,119
-825,0.8909726969582911,0.2787243862901965,0.45517083898175226,0.1128102957748482,119,119
-824,0.8775589785422736,0.2833068510393929,0.4451363501568198,0.11349662923164248,119,119
-823,0.8661620263686562,0.28821003100258075,0.4513005738640516,0.11414235158411777,119,119
-822,0.9278123782388527,0.29211788997421834,0.47607089543639103,0.11452040654189564,119,119
-821,0.9038901436516623,0.29479639186709206,0.4361818800947649,0.11482046157005982,119,119
-820,0.848155990407101,0.2974348363284845,0.40277607399948895,0.11510226685577976,119,119
-819,0.8612534414422978,0.2998669598626915,0.4188217560213063,0.11549596047505016,119,119
-818,0.8666096583304939,0.302962185576319,0.4108995838962625,0.11592231501775435,119,119
-817,0.8772314844346336,0.30530493273179543,0.3975381116933879,0.1162481323291481,119,119
-816,0.9027627751709939,0.3073008584211675,0.3909471653834352,0.11658259926616192,119,119
-815,0.893948276826267,0.30892316181132906,0.37787265064336406,0.1168827957903451,119,119
-814,0.8730351785470344,0.3111163260440367,0.36657846902912766,0.11717620622356806,119,119
-813,0.893083969892107,0.31274386182843694,0.36662311725829955,0.11742947090349232,119,119
-812,0.9192602410104167,0.31344939562023727,0.37332746197004896,0.1176638275227018,119,119
-811,0.9296377685420086,0.31444158003591416,0.3695281134302877,0.11795446074806991,119,119
-810,0.9096595343971513,0.31535116972705407,0.358287109902048,0.11785107048885968,119,119
-809,0.9060119795995891,0.31602724855624714,0.35652179020300395,0.11773522625483387,119,119
-808,0.8942621212168642,0.31678644589447347,0.35007746790271593,0.11768654525925291,119,119
-807,0.8770068381761722,0.31689635582374254,0.34117926904809115,0.11754928089112394,119,119
-806,0.9090360809222812,0.31650184495267936,0.34620163096857387,0.1172411566038244,119,119
-805,0.8970641390380552,0.3164027270255135,0.34531712163683087,0.11804323153488183,118,118
-804,0.886010039147482,0.3152459687606902,0.34729387190703026,0.11775105054164643,118,118
-803,0.8400530656881465,0.31324503889596067,0.3237321557342517,0.11742966278663185,118,118
-802,0.8181490157303585,0.31207311577298263,0.3045898569113526,0.11719392065166172,118,118
-801,0.7943589041078398,0.31116472537015055,0.3062545516142364,0.11698014517262716,118,118
-800,0.8180646021993829,0.3109232185587726,0.30864926237138923,0.11675772207966927,118,118
-799,0.8288391665037508,0.3104630835751088,0.32257586452832177,0.11659987183919356,118,118
-798,0.8994576255341268,0.3089675604183514,0.3207605181131043,0.11629622298902069,118,118
-797,0.9026533487908356,0.30698865995969926,0.3251816364787604,0.11594967456735471,118,118
-796,0.8834081954598153,0.30521830908409026,0.31986011033056333,0.11564365815840336,118,118
-795,0.8662001348956213,0.304427317393622,0.31251647183237913,0.11535601117152382,118,118
-794,0.8888797455294793,0.3036951274953508,0.33240573216549457,0.11506796290180629,118,118
-793,0.8875988609986931,0.3030696985875508,0.340602261469059,0.11457743441423254,118,118
-792,0.8897542670934664,0.3030205384527639,0.34248498005493955,0.11407729703324439,118,118
-791,0.9106371739762155,0.30353151129970685,0.3444027153162389,0.1132699518177674,118,118
-790,0.9289402563928051,0.3037319005592729,0.3454553110369457,0.11246861760603784,118,118
-789,0.911114912212655,0.30281968689821487,0.3439234385905826,0.11155498719090269,118,118
-788,0.948768246226713,0.3014777401441668,0.3504627910558159,0.11067134495466921,118,118
-787,0.9787866455139045,0.2994265282274179,0.35446966678557584,0.10986167022149068,118,118
-786,0.9013024804600458,0.2975714265005529,0.3347608785612255,0.10894849869979158,118,118
-785,0.8993354073192659,0.2946693274482414,0.33488923248735514,0.10794379434987603,118,118
-784,0.9118673820611161,0.2925239593084902,0.3425105154242773,0.10706127725754155,118,118
-783,0.8976981897068705,0.289772698537604,0.3464355779445286,0.10611742491047893,119,118
-782,0.8946576353669751,0.28710817084901286,0.3591849075630319,0.1053481339221824,119,118
-781,0.9122681624847524,0.285000168739242,0.3659098981491952,0.1045805595118803,119,118
-780,0.9065292628407462,0.2832572610619789,0.3749717804388776,0.10384289325541121,119,118
-779,0.8455773797533991,0.28126245083521423,0.3708435282500125,0.10313082335224681,119,118
-778,0.9048370092553244,0.27942217667889885,0.36070742582842663,0.10237009130229313,119,118
-777,0.9181919350428529,0.2777211226760035,0.36156768341219464,0.1018578457168465,119,118
-776,0.938791477261496,0.27557050863935467,0.36591207932258596,0.1014985838171581,118,118
-775,0.9342559261507178,0.2770848503753224,0.365475214413779,0.10192874387461856,119,117
-774,0.9504238545712503,0.2745378480411941,0.3698945717554846,0.10167910071175869,119,117
-773,0.9795461899524737,0.2695919605928017,0.37513835463305695,0.10087153176331351,120,118
-772,0.9786380005502161,0.2672612389719254,0.3783851967247228,0.10073591357563746,120,118
-771,0.9606226349906191,0.2645108620279252,0.3746881641357864,0.10068483656801167,120,118
-770,1.0003259507646236,0.26269186511932496,0.3781763730722405,0.10073626530929358,120,118
-769,1.0568775270091042,0.2610741588210765,0.39226875035419856,0.10061549672063733,120,118
-768,1.0606112230253142,0.26144429180964,0.4047927159283387,0.10051966164014703,120,118
-767,1.0990668166543844,0.2618948581366695,0.4249327793289183,0.10044684498176346,120,118
-766,1.13871049843666,0.2629689894440313,0.43247242721613,0.10038226262265974,120,118
-765,1.1050051062452662,0.2732982057882718,0.41566657523881323,0.10010129836226672,120,119
-764,1.058828549616826,0.2735452662458534,0.4111840254558451,0.10012219843903049,120,119
-763,1.0326429689813614,0.26995042147905396,0.4080969772974164,0.0994161730286049,120,120
-762,1.0418863308817459,0.2698327225376641,0.4052153383655698,0.09943614783456509,120,120
-761,1.0949786497860214,0.27046676394306574,0.40470962890414724,0.09970926724401535,120,120
-760,1.0575872526075865,0.26999270211707227,0.39850519883126184,0.09995552119431031,121,120
-759,1.0542019029847125,0.2696909072123326,0.39110983441068375,0.1000456661183558,121,120
-758,1.054864743435081,0.2691776082860425,0.39815366124289897,0.10017998777511135,121,120
-757,1.0954593921696798,0.26847475192036,0.4058676099262493,0.10035693114194255,121,120
-756,1.1169944268084118,0.26613212913009104,0.41047710407461846,0.10046922428109238,121,120
-755,1.0676708617887731,0.26341114858418724,0.4041936349561492,0.1006484495354295,121,120
-754,1.062583877805998,0.2603446834279637,0.3982823081999762,0.10069733648813783,121,120
-753,1.090658522458778,0.25707848051620813,0.4035106810632201,0.10073192173210238,121,120
-752,1.1302558499764932,0.2545440131347066,0.41916072866208043,0.10075594499558775,121,120
-751,1.1382825893872022,0.2518107006908174,0.41772391109119306,0.10086380783882361,121,120
-750,1.0825315756935765,0.24591397021832606,0.4094965574718049,0.10033514837756047,121,121
-749,1.056436096225353,0.2447705305909013,0.3977019195357039,0.10063404710264838,121,121
-748,1.0662058936021441,0.2440104693551848,0.40546393533239394,0.10092460153454227,121,121
-747,1.0789872590169407,0.24367808196549498,0.405848136207935,0.10115972502055916,121,121
-746,1.0553965093462225,0.2416546373660097,0.3990892082217682,0.10126425351253161,121,121
-745,1.0543210966969572,0.24060750185105426,0.3950531028982595,0.10169497758354433,121,121
-744,1.113336478130427,0.23952136906781663,0.40850680638218023,0.10213089744370345,121,121
-743,1.2041898902397634,0.23942067003344544,0.4326208573545316,0.10261524180737137,121,121
-742,1.1879476691864839,0.23857780407611545,0.4432650350051752,0.10297557933102362,121,121
-741,1.1836145734093355,0.23784661835488713,0.42268922642673395,0.10319039921065977,121,121
-740,1.1972975530718795,0.2369832442309473,0.42501780970356395,0.10348990127998564,121,121
-739,1.2397761798627969,0.23716438854185984,0.4372783267663628,0.10379644628638972,121,121
-738,1.237592212499946,0.23693933486239677,0.44341311631543473,0.10418639131103301,121,121
-737,1.253044789906715,0.23676249200879426,0.4326741098254389,0.10468847623228936,121,121
-736,1.2422022640832888,0.23678774339640987,0.4428882517262101,0.10526201973021453,121,121
-735,1.2478579124413576,0.2361085006304939,0.4533073980766728,0.10581297876474988,121,121
-734,1.235154926250152,0.2355368493966142,0.4425410147226655,0.10637923910485027,121,121
-733,1.2841254855118978,0.23477562362891397,0.4608070253665313,0.106879525241365,121,121
-732,1.260459894232181,0.23426132654748055,0.4576645375931404,0.10728218591877056,121,121
-731,1.238152873647019,0.23316860077427415,0.45256619065550524,0.10755598744819604,121,121
-730,1.2143727190034759,0.23205135504113542,0.44227198386654815,0.10771460583611979,121,121
-729,1.1782614570637815,0.2303797425360462,0.4326707781612274,0.1077408481609079,121,121
-728,1.1816197839429834,0.22955535896767942,0.42973976017440557,0.10783816589169,121,121
-727,1.1830715051229552,0.22954386364531287,0.43717773693737644,0.10793366688362217,122,121
-726,1.1903027416131953,0.22817226654839307,0.4301557410155472,0.10790148609326752,122,121
-725,1.2279821901300796,0.22754473599970174,0.42736770873191054,0.10804582995766446,122,121
-724,1.2163204331483326,0.22710989227201786,0.42608371949837404,0.10807709900875616,122,121
-723,1.2339567762065744,0.22635739745857864,0.4341501412448867,0.10805844429220658,122,121
-722,1.2922452545309406,0.22594438990294013,0.4476052480631104,0.1079466033633928,122,121
-721,1.311511640865818,0.22505006375082576,0.44726901922629114,0.10777868427996688,122,121
-720,1.2846147358050617,0.22445194986178557,0.4370933143222468,0.10761656585044257,122,121
-719,1.2660929260829685,0.22323835272088405,0.4329432580376003,0.1073722781699909,122,121
-718,1.2645430053814581,0.22168927629870155,0.4294973889240576,0.10721675050749108,122,121
-717,1.2606405238928649,0.23084960889721712,0.42940673432951587,0.10671127808677403,122,122
-716,1.2444271574548413,0.23065215124580457,0.4251389444595361,0.10661682327282,122,122
-715,1.228952903644139,0.23078848751130918,0.4315811586250516,0.10644596282658382,122,122
-714,1.2340255129818776,0.23035573780993449,0.44413397593514825,0.10621450212758099,122,122
-713,1.2171104559665211,0.22967712894788814,0.4359562974906863,0.10587985544021321,122,122
-712,1.249484680391552,0.22910503077067124,0.44627636908887824,0.10569382579520444,122,122
-711,1.279287113700037,0.2281285442001492,0.4474118423612557,0.10547309455524982,122,122
-710,1.3310078144317208,0.22661487076011608,0.4629469834948863,0.10519583287182006,122,122
-709,1.287923681318886,0.22512665976853813,0.4529754552649545,0.1049751204894952,122,122
-708,1.2321658519396284,0.22352818583881232,0.42767781331559734,0.10473396968913411,122,122
-707,1.2593114497916988,0.22282093160832495,0.43320157181857133,0.10447193545070027,122,122
-706,1.270057496237709,0.2218107204560746,0.4303209792011275,0.10416640721196674,122,122
-705,1.3451190581527275,0.22118757185915391,0.4465170159090709,0.10385973419548447,122,122
-704,1.3435683430366425,0.21975207994343213,0.45593148321827043,0.10351967990992408,122,122
-703,1.3584376139337646,0.21913118556715447,0.46570502579408124,0.10326115858461728,122,122
-702,1.3129981542614213,0.21907937928006896,0.458162996284551,0.10311844405720286,122,122
-701,1.3056889578837294,0.21888317673053034,0.4532345529039367,0.10288402136209901,122,122
-700,1.3498937415761993,0.2199001953669857,0.4598167300015696,0.1026678412472417,122,122
-699,1.358075193045941,0.22051068818658318,0.46193078734741666,0.10252381964715472,122,122
-698,1.3161277347490719,0.22170664107330168,0.4438309408471815,0.10240852686837949,122,122
-697,1.3087780986787843,0.224209923527103,0.4416467595335016,0.10228874322641839,122,122
-696,1.3454647788430238,0.22732304521064306,0.466169815479256,0.10208134154580169,122,122
-695,1.3600985760490172,0.23062455558555908,0.4881424909746205,0.10185956326392988,122,122
-694,1.2890679597257537,0.2332200264060261,0.47560180423686677,0.10163720391042212,122,122
-693,1.290048478389216,0.2361216698689336,0.4730577692872405,0.10131712702631994,122,122
-692,1.2976231566386704,0.239066556794887,0.4728141584387974,0.10102746945339842,122,122
-691,1.2455050467392803,0.24231325450212127,0.4600289919472521,0.10079648281998961,122,122
-690,1.3056650834449404,0.245348779004282,0.45093410713542986,0.10052984432772732,122,122
-689,1.30100224654177,0.24875201042845135,0.4498237527494689,0.10058320032069201,122,122
-688,1.221351022620581,0.25156191969869185,0.4323616807435012,0.10070866197769089,122,122
-687,1.2462356285014722,0.254148822728541,0.4404281742532277,0.1007101957746031,122,122
-686,1.2653947315530225,0.25719207207989375,0.4402139555019185,0.10089948482006589,122,122
-685,1.2551782583671385,0.25934317015731,0.4374978963279372,0.1010514674213002,122,122
-684,1.27377830476256,0.26160175996870955,0.4393417352901451,0.1012910337400944,122,122
-683,1.273448733897907,0.2636367595602532,0.43546424252363203,0.10156192684995916,122,122
-682,1.2593265865795202,0.26687660389145146,0.4341237258865382,0.10188660970191903,122,122
-681,1.253394135426857,0.27101240556894995,0.4327220616038482,0.10210397610044243,122,122
-680,1.2476818411180046,0.27411231163538,0.4330003494263595,0.10235938115603078,122,122
-679,1.242236296212478,0.2763320696718147,0.4136970807420917,0.10258055211261179,122,122
-678,1.295822596218253,0.2793712496918365,0.44185292143282334,0.10272098347824411,122,122
-677,1.3206051333891917,0.2822132317677346,0.4556542458337764,0.10277879698327755,122,122
-676,1.3215874206580234,0.2853098240753556,0.44825875901759327,0.1028655226744871,122,122
-675,1.3534918910828546,0.2888876947141365,0.46272553264676514,0.10299374647483996,122,122
-674,1.3884594422776533,0.2919168275072059,0.46866364359816426,0.10320909539681138,122,122
-673,1.377279355030567,0.2947738137372046,0.46112047873443013,0.1033402886924711,122,122
-672,1.3631517197997913,0.2972777272003784,0.45773142256943183,0.10349601463763633,122,122
-671,1.3804974722924608,0.30025824436703963,0.4633147332726281,0.10363800732033983,123,122
-670,1.3561856661405176,0.3031175189458054,0.4504134323800898,0.10374134428978343,123,122
-669,1.3892261858730541,0.30560286530289943,0.4648919862463998,0.10372825141868,123,122
-668,1.4588302674750044,0.3080420859351446,0.4898089163801002,0.10376453797268137,123,122
-667,1.4381743832398755,0.3104158296609549,0.4933836669794726,0.10396013189797325,123,122
-666,1.4018428599153856,0.3134979919384147,0.4853931512294609,0.10413561011712898,123,122
-665,1.3869782510695525,0.315372033923212,0.4760677932429246,0.10405060446266495,123,122
-664,1.384308818181407,0.317260518734742,0.47844017535869243,0.10408324151013436,123,122
-663,1.3907394651628016,0.3200771759236068,0.4773577108786519,0.10421039181064674,123,122
-662,1.3514454116013466,0.32259184004681685,0.4605246116510854,0.10431220842001844,123,122
-661,1.3143086145177247,0.3224335683890603,0.45764913777573274,0.10343041823848088,123,123
-660,1.3764454929687402,0.32230805123887113,0.4819336563098085,0.10330693721748001,123,123
-659,1.3440941358913598,0.3224505513428619,0.4790780339041139,0.10333532873681027,124,123
-658,1.3443284101220823,0.3223318310299362,0.48452202252426996,0.10331667587414814,124,123
-657,1.345486452419998,0.32094225493476575,0.47639974952323044,0.1033064901208624,124,123
-656,1.3057921604202682,0.319598458093902,0.46638131830269686,0.10357432123163914,124,123
-655,1.262563764803742,0.31802223604101326,0.44837831900633374,0.10373554892458109,124,123
-654,1.2749652550584236,0.31712179635157817,0.4510261773901664,0.10405172224772845,124,123
-653,1.3365744674025957,0.31594897264276744,0.47945498757803684,0.10399862326213892,124,123
-652,1.3367143860049857,0.31420167091381185,0.47591422172813364,0.10381062747437862,124,123
-651,1.3307677600078065,0.3128373429963287,0.46887531759271117,0.10394670480782087,124,123
-650,1.3202331697938294,0.311146991870767,0.4654153815122992,0.10391947324958788,124,123
-649,1.3088844807958309,0.304384877786527,0.4720878536935163,0.1034587022907447,124,124
-648,1.2683315061389286,0.303818886024366,0.4735713693990027,0.10359652078940877,124,124
-647,1.3034765690878933,0.3021629635818722,0.4800318026732993,0.10349697152043057,124,124
-646,1.289857692783393,0.3010520240444509,0.4748334388563459,0.10359940268830856,124,124
-645,1.3064064649009548,0.3005052581531824,0.48261254887737887,0.10360950450530637,124,124
-644,1.2937488088882114,0.3001462521056504,0.46157353221692976,0.10344007110494974,124,124
-643,1.3262579533619918,0.2985349381114285,0.48989899890661687,0.10305863541964234,124,124
-642,1.3293702112505656,0.29707993967866536,0.4769844974336643,0.10287530600785139,124,124
-641,1.306310916105302,0.29496101480596804,0.47488621751044247,0.10269050069363284,124,124
-640,1.2506225794164996,0.29228183996793317,0.4527348689233416,0.10232985515931133,124,124
-639,1.2746508657112825,0.29034689800464686,0.4521097073315099,0.10205014012928845,124,124
-638,1.2663731369051745,0.2869248323720915,0.4415862877638202,0.1011938175131707,124,124
-637,1.3187575950167478,0.28327717583762596,0.4453518771012852,0.10062564216280719,124,124
-636,1.3369700701666627,0.28019004943684733,0.4467339576727414,0.10016910686922063,124,124
-635,1.3316223651046202,0.27686708643662233,0.4419192585424501,0.09970981151112387,124,124
-634,1.3493359924537272,0.27428643034447,0.4511655478784298,0.09932466046623002,124,124
-633,1.4312746181277332,0.27194582017088215,0.4777444787573052,0.09893454530707523,124,124
-632,1.5447317905919147,0.2689891528334028,0.5336806040454374,0.09853588656443199,124,124
-631,1.678815049685928,0.2674993182134028,0.6108559948825212,0.09833146997142675,124,124
-630,1.7484506296514795,0.2663988183569722,0.6703075269230069,0.09814282618692599,124,124
-629,1.7522409500611043,0.2635573827127681,0.6741275031462425,0.09782666022621271,124,124
-628,1.7227637636706536,0.261551196796116,0.6618409906504246,0.09762975468529572,124,124
-627,1.7372649208867923,0.2595939385656945,0.6691032242850815,0.09757993002560862,124,124
-626,1.723429030465457,0.25694096260349814,0.6594114975012741,0.09741055797300306,125,124
-625,1.7557525593662908,0.25590723699280504,0.6710505264345707,0.0974189099691055,125,124
-624,1.7535235198108652,0.25534287743891243,0.6694597643592383,0.09740952207694356,125,124
-623,1.7349583100271575,0.2537086571587302,0.6720168949211911,0.09730798958860674,125,124
-622,1.699722646565326,0.2514245267554295,0.668332371252282,0.09711427793491864,125,124
-621,1.729645899698197,0.2539940280310819,0.6823006058593943,0.09756846801899012,124,123
-620,1.8084760392441244,0.25215023615304477,0.7201550629935078,0.09736158075137005,124,123
-619,1.8499851923571335,0.2506471753411047,0.745398776900425,0.09718754216124936,124,123
-618,1.85810782778456,0.24889535434458082,0.7454370316082262,0.09696559406055039,124,123
-617,1.8614366846210388,0.24795006377396003,0.73862441104157,0.09666552140263261,124,123
-616,1.874089263968695,0.24719921290876629,0.7509433627409328,0.09560312703530083,124,124
-615,2.0595133422747183,0.24760058027784526,0.881072182719486,0.09522590299308877,124,124
-614,3.6148999045976526,0.24763429628070557,2.3255081790328562,0.09485638052145887,124,124
-613,2.6946632043292142,0.24760238196664655,1.4675164676778538,0.09458585716797592,124,124
-612,1.941815088238264,0.24740296487628075,0.8094703944056434,0.09432812205105308,124,124
-611,1.9514525279029853,0.24730492431947676,0.7869924431599188,0.09391731128578884,124,124
-610,1.8765156981877624,0.2471848114459006,0.7584515221928989,0.09343382763858034,124,124
-609,1.7953129842781803,0.24708703018945358,0.7276308131609052,0.09301720730469522,124,124
-608,1.7499319839096334,0.24617791752310977,0.701591060976137,0.09253175524529,124,124
-607,1.7706885838719377,0.24506491510525016,0.702832951122013,0.09199832706906699,124,124
-606,1.8208530079327534,0.24464850334353105,0.7441272965036606,0.0917055897675485,124,124
-605,1.8547205234342636,0.24448318310432385,0.748954581391064,0.09145178576943726,124,124
-604,1.8908572889610744,0.24438170794911288,0.7483155429387842,0.0911882492686606,124,124
-603,1.8669751728696504,0.2442442083771582,0.7432149612856378,0.09087434430995406,124,124
-602,1.849094827193667,0.24472026405909372,0.7275296005036822,0.09065022310460913,124,124
-601,1.8610942095815752,0.24603219371563323,0.7343207002806285,0.09041095769035477,124,124
-600,1.9083453576160851,0.24752643454990714,0.770562333024999,0.09018133573640502,124,124
-599,2.079931009715458,0.2499533883351614,0.909012534970829,0.08997827429771273,124,124
-598,2.1103295398585646,0.2521949333208407,0.9592065768153357,0.08980345377760884,124,124
-597,2.09970828623878,0.2549657846528465,0.9275910976060835,0.08968829508269936,124,124
-596,2.068340971920228,0.2573636903682083,0.8883944706153631,0.08948802008720733,124,124
-595,2.030749606189766,0.2597388045488731,0.8595571209220626,0.08918272092619582,124,124
-594,1.9590636651385613,0.2611849488689171,0.8337595127305314,0.08878468092097981,124,124
-593,1.932472844006434,0.2620356816804308,0.8243179120516466,0.08844201867105997,124,124
-592,1.939814739589811,0.26211910413815764,0.8146613975588587,0.08820414247043058,124,124
-591,2.003548199179665,0.26273795959941276,0.8325382790939663,0.08808632182800849,124,124
-590,1.9933761172267443,0.26316882822758425,0.7956993906801263,0.08791621977653195,124,124
-589,2.0401112736641833,0.26347995766777926,0.8084213244988867,0.08772951961386319,124,124
-588,2.0600899224544182,0.26317486804337636,0.8129414379525375,0.08762193697029069,124,124
-587,2.0144731084302383,0.263286252821223,0.7960677395719598,0.08747892148509201,124,124
-586,1.922403182280897,0.2630933231157189,0.7506418359950676,0.08733579407670272,124,124
-585,1.9405749453597705,0.26273861882678656,0.7722320762241367,0.08707651586961845,124,124
-584,1.9080340246846927,0.26223610963421173,0.7429472450208878,0.08691561395264644,124,124
-583,1.8960410940628998,0.26238051988703104,0.7398888457301213,0.0869049005353576,124,124
-582,1.8637328246043832,0.263088401476216,0.7139269288288626,0.0869118723977683,124,124
-581,1.8428952207287934,0.2646025251987526,0.7025602312837878,0.08696237021828061,124,124
-580,1.8066890764531691,0.266057281179575,0.6896144499450478,0.0870046219172028,124,124
-579,1.9011211245983408,0.26693658562301836,0.7219075560236875,0.08704777434671193,124,124
-578,1.928850810923764,0.2676380785800002,0.7406393380745743,0.08711593979063938,124,124
-577,2.1077227400993404,0.2689530332365058,0.8785748108907686,0.08715854789836976,124,124
-576,2.294472046813258,0.27003588915401994,1.0722014010035443,0.08735307873239884,124,124
-575,2.331182084350423,0.2703600313795257,1.1143066618968205,0.08758387938986881,124,124
-574,2.3152685999056533,0.27054175728511853,1.065644030719162,0.08786909033472351,124,124
-573,2.210824476010752,0.27081652992677074,0.968679712419918,0.08815000587479777,124,124
-572,2.071432446645285,0.2709588187240344,0.8445852547185762,0.08830121526910582,124,124
-571,2.0079517207765716,0.2697953738620518,0.8083974180847251,0.08852479354805626,124,124
-570,1.984800468584117,0.26874696880473614,0.7730380875317514,0.08872314577122148,124,124
-569,2.000770098326272,0.2688791592114557,0.7766837955948922,0.08900834173284072,124,124
-568,1.9462891586085933,0.2679345465260837,0.7643209339759333,0.08936497225867952,124,124
-567,1.9560748744680856,0.2656107838102891,0.7449676726705061,0.08970281429284749,124,124
-566,1.8919422346999828,0.26382891186558893,0.7141646751941573,0.09011881592132917,124,124
-565,1.861437929717271,0.2626341790228673,0.7072544099432745,0.0905976341053572,124,124
-564,1.9738268897048636,0.2609350333101017,0.7704735650215672,0.091091823587039,124,124
-563,1.9798851247891849,0.2599759520494747,0.7656518385065825,0.0914994495141215,124,124
-562,1.9535085199903726,0.2587446431093484,0.7468231684570962,0.09175383734661735,124,124
-561,1.9742430721690218,0.25773526274027525,0.7668719218834262,0.09203822608079239,124,124
-560,1.969880200813613,0.2567973017664794,0.7563884723194274,0.09241461489676878,124,124
-559,1.94757227989282,0.2566268684599981,0.7488952737740295,0.09273246681318924,124,124
-558,1.967116228247954,0.2568385349699339,0.7534818065112198,0.09301103112453321,124,124
-557,1.9997854116507423,0.2560937696423546,0.752554392730681,0.09321494340178345,124,124
-556,1.9988007307556668,0.2549524447135863,0.7487398966679275,0.09351407066850015,124,124
-555,1.954677272188866,0.25368367189511853,0.7426157433105754,0.09386767077911827,124,124
-554,1.9477370633348303,0.25353101055316907,0.7267137475564944,0.09422047705347654,124,124
-553,1.913275494908816,0.2532480511835749,0.7073804025862704,0.09448436627068396,124,124
-552,1.9145598894594027,0.25251135578717204,0.7001582014353943,0.09472670121028416,124,124
-551,1.8781674073328782,0.25145732479926725,0.684436786667746,0.0948536861249059,124,124
-550,1.8617565679223171,0.25009092474505645,0.6831838831040066,0.0948979827219183,124,124
-549,1.8956185074768779,0.2488377384442167,0.6915988275863274,0.09495029183615675,124,124
-548,1.9044670361650795,0.2480609294306017,0.6884061881757698,0.09491138887193325,124,124
-547,1.882226449194682,0.24771657459417315,0.682259359378152,0.0948963416598976,124,124
-546,1.8698092152268178,0.24665909647421747,0.6737799471703431,0.0949468144134478,124,124
-545,1.8415067993340235,0.24633195505232822,0.6676103513511813,0.09496251812564373,124,124
-544,1.8342566773901994,0.2460737746918548,0.6603872152599592,0.09494670459028484,124,124
-543,1.8355215520861714,0.2457493709881913,0.6633659349548968,0.09494490509184246,124,124
-542,1.8311198307629015,0.24576923195224532,0.6570198084708774,0.0949264246642289,124,124
-541,1.7547356978138475,0.2459752825317851,0.645694997589016,0.0949414871742318,125,124
-540,1.7702081438764488,0.2460197856476466,0.6424232347901085,0.09482404732493914,125,124
-539,1.736623052549681,0.24550465554955614,0.6350565681457372,0.09475847316515086,125,124
-538,1.7187752915705383,0.24601754656681524,0.6292965237828202,0.09466424502951083,125,124
-537,1.6912096015590452,0.24685289852091985,0.6075683381848094,0.09459155353069845,126,124
-536,1.717217510222132,0.24867739036028497,0.604573972762596,0.09460106793559876,126,124
-535,1.8081003152461756,0.25003267928803363,0.6237111458845228,0.09460571031371118,126,124
-534,1.8440093471264265,0.2525631817142636,0.6244211353989776,0.09468470491039564,126,124
-533,1.8042601918828378,0.25582795636560646,0.6246850095861595,0.09490583995782816,125,124
-532,1.7241147071735041,0.25713959161709943,0.6034109784861753,0.09585264480186839,125,123
-531,1.643511714614431,0.26027362104899043,0.5907450073310277,0.09505930149276857,125,124
-530,1.6951389876639686,0.26321336620527286,0.5933351855245635,0.09514865155673095,125,124
-529,1.6294113097438234,0.26638537783942257,0.584778164137019,0.09532418198567752,125,124
-528,1.6799619391933909,0.2697814596944567,0.5920693905064057,0.09551942533280731,125,124
-527,1.655509856847239,0.27735274362600565,0.559871018369264,0.09502347919703964,125,125
-526,1.6179387146301674,0.2797241056444494,0.5337563058609053,0.09516387243490713,125,125
-525,1.6303511602068417,0.28068010902483403,0.5422427422394375,0.09531896813942237,125,125
-524,1.6238402665067557,0.2815748791642152,0.5454704396547118,0.09546939447076834,125,125
-523,1.6076693297487543,0.2820035291929876,0.5363576391098112,0.09560964845384784,125,125
-522,1.5896521125740746,0.28137897895431707,0.5445090220767799,0.09578323623758386,125,125
-521,1.6167030572960437,0.28095559715067514,0.5515380170208404,0.09597449224350789,125,125
-520,1.632930734302854,0.2803349158727679,0.5622636931955349,0.09613217063283869,125,125
-519,1.628679744258826,0.2799461707019267,0.5645714128181688,0.09630422043995493,125,125
-518,1.617164030606687,0.27935599292861185,0.5643746168078136,0.0964693680786306,125,125
-517,1.6466519678388254,0.2782437484763963,0.5641047159771717,0.09655907961914761,125,125
-516,1.6048033351102422,0.2774744107772836,0.5667813657894206,0.09665862103013331,125,125
-515,1.565994360744134,0.2780413251605858,0.5519393769407595,0.09678577350956208,125,125
-514,1.5771613188349045,0.2789651242027779,0.5362521514366081,0.09700056446338413,125,125
-513,1.5766586630628927,0.27946546546013246,0.5226841781466319,0.09718936286383688,125,125
-512,1.580866547300355,0.28058075873031557,0.5290598090302947,0.09730404260976676,125,125
-511,1.5965856842604587,0.28109722442147905,0.544679442082512,0.09737742494004151,125,125
-510,1.6302021319596236,0.2813716744356525,0.5380270019136856,0.09750110226306799,125,125
-509,1.5938226035727474,0.28241345512887733,0.5269359931143552,0.09768932790969444,125,125
-508,1.594840749344786,0.2840708036287301,0.5286704696712152,0.0978568952206903,125,125
-507,1.6338324296041533,0.28706808802924355,0.545327848632207,0.09794271696724194,125,125
-506,1.6945864950914538,0.28916919662436946,0.5609355079268086,0.0979052339510603,125,125
-505,1.7033840031797403,0.2898758688699774,0.5672522592131667,0.09780890618813345,125,125
-504,1.6856467008013025,0.29092902019375705,0.5754364646032962,0.09772464409492188,125,125
-503,1.6545533089805837,0.2913658671340289,0.5563061961219562,0.09766517567435819,125,125
-502,1.511272965374109,0.2928757028090688,0.5048897663368701,0.09761540219308795,125,125
-501,1.5605598193543084,0.29374433985078746,0.5179560478342173,0.09749027285820053,125,125
-500,1.5524698745377505,0.29467275974601054,0.5106836912495605,0.09740369281282285,125,125
-499,1.5225234588910215,0.29536772099552816,0.502852638497919,0.09737616961390143,125,125
-498,1.5820611659223973,0.29583758360595375,0.49730079890867984,0.09733736699988565,125,125
-497,1.6280095960701138,0.2962964091359102,0.5277917352138399,0.0972934595579861,125,125
-496,1.5756363903397028,0.2969553534957678,0.5115975266623765,0.09733867892191983,125,125
-495,1.4985108238648854,0.29629286010703076,0.4814388890677346,0.09733328851075117,125,125
-494,1.5283312835929843,0.29539925798770467,0.4983351998875324,0.09724306021853897,125,125
-493,1.4902656065782292,0.29388471542869765,0.49071891857144073,0.09716790322108465,125,125
-492,1.5221452704898704,0.29317096084475924,0.5032964936162106,0.09711721708500244,125,125
-491,1.5542263960970544,0.2928729631358367,0.4996596887349871,0.09706771572374724,125,125
-490,1.5429754789866545,0.2928475431383291,0.4984957334910091,0.0971233831479285,125,125
-489,1.5245591703068049,0.29403726875751995,0.4844267762308381,0.0972477674298607,125,125
-488,1.6094460199671723,0.2955999393930478,0.5113845674292269,0.09740426567662057,125,125
-487,1.7548755370875724,0.297374663660296,0.5698781476671091,0.09763733323458829,125,125
-486,1.768271033198361,0.2985681554612728,0.5787130270548622,0.09778167508262123,125,125
-485,1.7548678990117994,0.29967986758077364,0.5874772982101765,0.0978944011173888,126,125
-484,1.7713729035523325,0.30034353213885023,0.5905579845005832,0.09802933120743501,126,125
-483,1.785382186602805,0.3006198099517457,0.601144781787548,0.09806354418748872,126,125
-482,1.7853767869129837,0.3010352493364128,0.6037156789358489,0.09800689479200933,126,125
-481,1.747089341252386,0.30091603439280784,0.5633950326002476,0.09791087131071592,126,125
-480,1.7118226273547485,0.30151057769896766,0.5462783254343535,0.09778192914235624,126,125
-479,1.683934519358074,0.30214829361958634,0.5401867698179842,0.09758944542077594,126,125
-478,1.7976189699770642,0.30262190999021027,0.600622124203319,0.09736332476189433,126,125
-477,1.7946853700564562,0.30274232373623566,0.5902685949683475,0.09716406953678249,126,125
-476,1.7613470385488166,0.30258894805303793,0.5732810901529107,0.09695751239445465,126,125
-475,1.649152549501583,0.3041811166516094,0.5107597298722746,0.0958968442376086,126,126
-474,1.5796819944528235,0.3035534830620395,0.48767086797403714,0.09550321131078843,126,126
-473,1.5574417010989414,0.30227507740698367,0.4754962283516228,0.0950408002168883,127,126
-472,1.530138045531155,0.30085768366525667,0.47448673943025244,0.0945119338247136,127,126
-471,1.5887941758415451,0.2997628149162571,0.49887934342868906,0.09409672313438537,127,126
-470,1.5812367388548652,0.29747121088974177,0.5003789133015921,0.09351962023040625,127,126
-469,1.6326481492448355,0.29504914971941815,0.51890405367961,0.09303583825159296,127,126
-468,1.6167666634482643,0.29192225284032586,0.5204686195021396,0.09256123596575659,127,126
-467,1.6106645110237336,0.28866383737153783,0.5178821139950097,0.09228462604299169,127,126
-466,1.6840786429504868,0.28504652917993833,0.5255284672457151,0.09203853936340392,127,126
-465,1.7120235390625258,0.2828983255693123,0.5264063043075213,0.09202630581639,127,126
-464,1.7374046659516231,0.28082752717854137,0.533724871431359,0.09201114261379441,127,126
-463,1.7105452426136543,0.2745241822714359,0.5301707195960186,0.09125880548038448,127,127
-462,1.6855232303065464,0.2719727546575582,0.5267390621263369,0.0912275367275197,127,127
-461,1.6589378427078523,0.26961572853806626,0.517074555350853,0.09116980100568,127,127
-460,1.652638983097,0.2684765051538218,0.5111753388874357,0.09097681321880895,127,127
-459,1.648113919044916,0.2676188187790519,0.5140080936672227,0.09081301128089289,127,127
-458,1.7012377394639053,0.26715431778924953,0.5305767003815727,0.09075222442357302,127,127
-457,1.6885744144372703,0.26725267024305954,0.5378228851747004,0.09069050971443714,127,127
-456,1.6056659885934224,0.26698331603002134,0.4987076493448855,0.09066198600556537,127,127
-455,1.657721850920227,0.2650845292893958,0.5111963557994704,0.09057297937731898,127,127
-454,1.620590837246015,0.26327139790671006,0.5063186947461875,0.09049427489169658,127,127
-453,1.6724460906265601,0.26182145691351305,0.5169757828294588,0.09041488597048801,127,127
-452,1.7020847262158687,0.26059796830393783,0.524628925908234,0.09027303157533438,127,127
-451,1.6835835431711736,0.2599507648182956,0.5240023878472411,0.09017458159486029,127,127
-450,1.640909031745032,0.2584381003379119,0.5189248077765846,0.08998806401663524,127,127
-449,1.6447960790441734,0.2569895951287241,0.5155348419158042,0.08973650887288705,127,127
-448,1.645709382203602,0.2569286037072587,0.5154273059647304,0.08948137817508875,127,127
-447,1.6267131006596616,0.25680033225363746,0.5137561051911222,0.08930568361216966,127,127
-446,1.5880791166495478,0.25713244720646833,0.5053517925980247,0.08914159168650339,127,127
-445,1.5794012127692625,0.2578275785363022,0.5039599754776872,0.08890794048842443,127,127
-444,1.600801668841541,0.25783990484875663,0.5037312999884304,0.08873672223035253,127,127
-443,1.5930010661215466,0.25788429793980744,0.49835792772101895,0.08861970434745851,127,127
-442,1.5767273879465615,0.2566626319048499,0.4940669950768356,0.08856837772601495,127,127
-441,1.5884200374252833,0.2555635200786916,0.4960651061123923,0.08852502285299227,127,127
-440,1.5676513490124,0.25382391753831135,0.4952662603202834,0.08840065837860525,127,127
-439,1.5504650625620042,0.25158355105004765,0.4974293008855922,0.08829440189863057,127,127
-438,1.5496693960638723,0.24966453596212307,0.4914298204219158,0.0882677449339539,127,127
-437,1.5740013632399485,0.2476288360577745,0.500937941251713,0.08834614345654138,127,127
-436,1.5948463096655732,0.2460043531389235,0.5061493733099847,0.08843768740390852,127,127
-435,1.5898520652260044,0.24514620942306706,0.5069657376198013,0.08842332804369503,127,127
-434,1.5950636966556766,0.24462886189750985,0.510835435882992,0.08843524208583137,127,127
-433,1.5744489094898986,0.2449018390937825,0.5051544860433442,0.08838897358937275,127,127
-432,1.5207892212480016,0.2449105432849401,0.49814792061406515,0.0883643809728947,127,127
-431,1.5254389128993262,0.24452318902349351,0.49963006395441634,0.0882878616223973,127,127
-430,1.5155207801494381,0.2437257983140943,0.49144606193808493,0.08816780967892486,127,127
-429,1.5087275562375264,0.24277445506375725,0.49604559026378076,0.08796191819013142,127,127
-428,1.5189128034477382,0.24161439440179316,0.5037544346494578,0.08778840840967028,127,127
-427,1.5608953166791755,0.23923960630345004,0.5144780097379471,0.08742458338816256,127,127
-426,1.592378918407465,0.23712571152871179,0.5258729664785224,0.08708735813192617,127,127
-425,1.5458153935538772,0.2358818812035001,0.5120817063030879,0.08679697309872333,127,127
-424,1.5269294037912138,0.23440219720573888,0.49811636183496255,0.08649087171222346,127,127
-423,1.5420802257266264,0.23371069814277212,0.4978707849768541,0.08634150771853435,127,127
-422,1.522860475919672,0.23232022952124184,0.4973582695626727,0.0860843485214608,127,127
-421,1.5226465936259337,0.23072010230969045,0.5034981200607707,0.08577257523145451,127,127
-420,1.5216348455541242,0.2282244769752108,0.5038357862275378,0.08542987636792715,127,127
-419,1.4882367551345381,0.22674425029592027,0.4943304702806947,0.0852952048237511,127,127
-418,1.4485121536151206,0.2254550158696586,0.48445821646811865,0.08521559739543585,127,127
-417,1.4583155203953073,0.22347437313955448,0.46904647339177713,0.0851055202816006,127,127
-416,1.4783133876721914,0.22194166641762725,0.46897688911919516,0.08509437015922208,127,127
-415,1.5271194517292537,0.22067364820744473,0.4857851052702361,0.08508678027266704,127,127
-414,1.534252855541736,0.21826554188289155,0.4981985164863893,0.08490255711211983,127,127
-413,1.5421938272117104,0.21723582894969484,0.4999379841685683,0.0848089344324478,127,127
-412,1.5217997747948921,0.21635762807799244,0.49263397986703905,0.08472042260617714,127,127
-411,1.5126188217724303,0.21586534400376564,0.4840569031475294,0.08471694869285298,127,127
-410,1.5188656016166233,0.21620987162112004,0.48638422853173313,0.0847266370119082,127,127
-409,1.570602392891124,0.21696693036046213,0.49334239612223607,0.08471978915736783,127,127
-408,1.5573026676509423,0.21792277726767983,0.49365978486917955,0.08487630735577484,127,127
-407,1.5647614538054915,0.21855693143306604,0.5090964720628056,0.08507435148816861,127,127
-406,1.5860764229959166,0.21969313950667022,0.5050461431511025,0.08531975345061214,127,127
-405,1.6162248254576963,0.2203889727826827,0.5328153369738983,0.08555441431964354,127,127
-404,1.5807123712332865,0.22141161439966164,0.5199196351838387,0.08582148726551023,127,127
-403,1.4853915171049619,0.2218347942138532,0.47641015702824346,0.08588730863813034,127,127
-402,1.3954217841228427,0.22217478074492564,0.410976224578945,0.08605786665196602,127,127
-401,1.2878691086708056,0.22208168285355645,0.37387687788189183,0.08621316575760851,127,127
-400,1.3601984924536041,0.2206647948439894,0.400967509812773,0.08621515997581553,127,127
-399,1.3669073574864545,0.22033085328059326,0.399371741983205,0.08630289870489331,127,127
-398,1.424547177159693,0.2190852454700853,0.41659555388772246,0.0863911057405718,127,127
-397,1.456174518337579,0.21907437980069522,0.4291090453658558,0.08656699751683355,127,127
-396,1.4380363290366667,0.2190008487804036,0.433288436637454,0.08664446673629166,127,127
-395,1.441309566952157,0.21927570317925488,0.4300077618321021,0.08679671696328257,127,127
-394,1.4791306537196962,0.21952162088198243,0.430109439230963,0.08694633034516576,127,127
-393,1.4812311284487207,0.2195277516635746,0.4305050814847035,0.08713501603066226,127,127
-392,1.4622271022871733,0.22009021097198098,0.4287889521482181,0.0874696001691096,127,127
-391,1.4628649520925026,0.21949931969747327,0.42915617195704003,0.08764783683711583,127,127
-390,1.4644268122961805,0.21928235800187887,0.4319190740615325,0.08793751057050671,127,127
-389,1.4954739660007017,0.21814819781096173,0.42948187489224343,0.0879381037556433,127,127
-388,1.4744698817246351,0.21620367341415447,0.427151556299112,0.08797116939860093,127,127
-387,1.445694763639166,0.21453299128950612,0.41905798675211137,0.08792345584859061,127,127
-386,1.4279324175072186,0.21343225709633798,0.4114290816993669,0.08786798665499071,127,127
-385,1.4238451768797746,0.21223925574451968,0.41618198588292415,0.08780077693105337,127,127
-384,1.4193591602900584,0.21126494938618265,0.4259053958204148,0.08764784931491489,127,127
-383,1.489471992162413,0.21061529206420931,0.4365639654693348,0.08749478348903814,127,127
-382,1.5632828054094907,0.21029259149749985,0.457434691732302,0.0874115581589243,127,127
-381,1.5421508479957917,0.20980735387679322,0.46429382201763303,0.08730020550661619,127,127
-380,1.546968103788216,0.2097904444477474,0.48338876305709355,0.08726393706067241,127,127
-379,1.434345368186616,0.21062972464128044,0.44741459590531507,0.08725482582699592,127,127
-378,1.3669491573668549,0.2109336606789764,0.41759746582046375,0.08718174523746651,127,127
-377,1.3488244168237111,0.21162945255672908,0.4200525274987877,0.08711373604107008,127,127
-376,1.3973015464672498,0.21107333658866068,0.45704474662770994,0.08715989848602403,127,127
-375,1.4611642310025261,0.2097201363179537,0.4885735723241837,0.08726676976527883,127,127
-374,1.364846773596859,0.20793378326915268,0.431897688730834,0.08747540897235652,127,127
-373,1.3550309189549934,0.20660300008578725,0.438551323169562,0.08756757607904195,127,127
-372,1.3233522795373802,0.20504433101040803,0.42766142839303994,0.08773474913685528,127,127
-371,1.2983547874520605,0.20328008745243978,0.4064772594092768,0.08799478633757886,127,127
-370,1.3255640389231658,0.20119515556368606,0.407091338274034,0.0881439954576874,127,127
-369,1.4096994077211549,0.19939457282599243,0.4464210448615769,0.08842673597132551,127,127
-368,1.4121453235062524,0.19732921285060356,0.4438633311794794,0.08879711100207444,127,127
-367,1.4277125788522769,0.19653958771432561,0.43663243308154664,0.08918090661921635,127,127
-366,1.3944823323960003,0.1955851292012164,0.4221894693501313,0.08965909741281833,127,127
-365,1.4671703834490644,0.19223374204148244,0.46471831869483204,0.09080001750850583,126,126
-364,1.4623726596894022,0.1904732613487198,0.4656247127467629,0.09124629147224694,126,126
-363,1.4602819846060469,0.1886202130405688,0.4604176839093564,0.09171859634275682,126,126
-362,1.501726009778766,0.18793492023346184,0.4685028723259913,0.09207827280413566,126,126
-361,1.5033296394571847,0.1869136159315188,0.4520017354975985,0.09248215770651452,126,126
-360,1.485524262747636,0.18716456380215632,0.4406316359922889,0.09284508418260486,126,126
-359,1.544628835348734,0.1871877936982494,0.5081789570558567,0.09328929956282452,126,126
-358,1.5318788951008875,0.18703465960776683,0.4738359567023025,0.09387807649893908,126,126
-357,1.4604340562174434,0.1872591527989165,0.44956714472117376,0.09434185300375766,126,126
-356,1.4455658609335211,0.18619183430105682,0.4314848127299236,0.09457069323625668,126,126
-355,1.493634515057402,0.1852186004517611,0.4805105381324235,0.09479389048367644,126,126
-354,1.50656858919739,0.18580032661728982,0.48824915026755294,0.09514916951677159,126,126
-353,1.541912603045092,0.18531473920205788,0.5021493231403853,0.09553305290615755,126,126
-352,1.5768936252467771,0.18511306845528752,0.5111392335221898,0.09594710884329592,126,126
-351,1.540340321647398,0.18427277539077463,0.4936192172511899,0.09616607366125202,126,126
-350,1.4132566221797933,0.1831198906986168,0.43860366521699723,0.09643021080746315,126,126
-349,1.4526454038735053,0.18113586236682883,0.43747513473463834,0.09669819445597767,126,126
-348,1.42769072337165,0.17914569121190363,0.43464450136647076,0.09694997885452732,126,126
-347,1.4518803661798338,0.17813717566420278,0.44064673733689047,0.09715628533377994,126,126
-346,1.5253518641980102,0.17662922168099868,0.4703438088171419,0.09728975071981259,126,126
-345,1.5792458736998263,0.17445422519205617,0.5172753166017902,0.09740669854160436,126,126
-344,1.583271217252476,0.1734213660252065,0.5084209128040492,0.09732677357795379,126,126
-343,1.5075727586395178,0.17350662404114423,0.488647972046888,0.09732355796386627,126,126
-342,1.4571149519005115,0.1741223765040107,0.4698555985637601,0.0974070361878933,126,126
-341,1.4904235900937128,0.17427239879019454,0.4901171347833448,0.09753287510371643,127,126
-340,1.4436122477586948,0.1742802240010719,0.45643796367446565,0.09747519802498288,127,126
-339,1.5361174735561305,0.17383257348811473,0.5060437847257087,0.09711409668678342,127,126
-338,1.5790725133043588,0.17440092927703696,0.5377276065160408,0.09673759204437522,127,126
-337,1.5269738522218297,0.17351787968002447,0.5231312183492003,0.09633013102961811,127,126
-336,1.5253153918475528,0.17274581043067724,0.5061634251838547,0.09609105389695798,127,126
-335,1.539022248915229,0.1723562613922576,0.5264478909549836,0.0958503743623765,127,126
-334,1.5308205200129161,0.1724249272044984,0.513994286734826,0.09562863670019718,127,126
-333,1.5894451797870675,0.17320576475370975,0.5250907333636144,0.09535103386076886,127,126
-332,1.6212161877200608,0.1736159440842015,0.553488817914066,0.09498140321295381,127,126
-331,1.5871175965927604,0.17657932704225482,0.5512234629001275,0.09385134160352779,128,127
-330,1.555480382091916,0.17772695820589213,0.5478052764257351,0.0936301871094837,128,127
-329,1.5372835509890908,0.17825454120305267,0.5624149020893685,0.093411026940973,128,127
-328,1.5454328607821899,0.17861448213325443,0.5476911231907375,0.09307555361379703,129,127
-327,1.5828365041911696,0.1801011849243744,0.5309978570147305,0.09285423633054002,129,127
-326,1.5768551669008006,0.1817432078809199,0.5187473992722276,0.09277152264981381,129,127
-325,1.4500864257415964,0.18254107248928214,0.4498842022206005,0.09266115869351865,129,127
-324,1.4106309824682646,0.18352987177708394,0.43511646369698875,0.09249594074178061,129,127
-323,1.4189064515512735,0.18338954369971702,0.43346247147994854,0.09240026715544002,129,127
-322,1.476024924516596,0.18291500441734773,0.4315568213890283,0.09240212620145598,129,127
-321,1.5979065312027143,0.1780098075167369,0.48661630505201364,0.09190878634290914,129,128
-320,1.5690546539732588,0.17915786213508703,0.486906849541415,0.09239285846123554,129,128
-319,1.5294327231688967,0.1797990734368442,0.48522967007539636,0.09286579470679142,129,128
-318,1.5775609699312167,0.17874462798421503,0.5135186572738836,0.0928512211422449,129,129
-317,1.5873363112374104,0.17933898027627537,0.5287239754787644,0.09362767289709897,129,129
-316,1.5761882545141044,0.1813883093642378,0.509324742244776,0.09453096374664056,130,129
-315,1.5897202797742334,0.18398174768157766,0.5085219939148976,0.09547143036190056,130,129
-314,1.5952105183669152,0.18664662792905165,0.5254518535500575,0.09650169550796159,130,129
-313,1.6280022120722033,0.1885978851762719,0.5270175092350851,0.09736293288304644,130,129
-312,1.6362998013761823,0.19076039603756378,0.5248094068340847,0.09838752715564823,130,129
-311,1.5872637272037573,0.19377414684476213,0.5361915547943298,0.09969047337563408,130,129
-310,1.5991507402907414,0.1961943198764835,0.5226650195037638,0.10075948281914432,130,129
-309,1.6300377055374489,0.19886797622718116,0.5370991746389189,0.10179513998889873,130,129
-308,1.6486798369870266,0.20071192380737984,0.5321392997366573,0.10264560994218874,130,129
-307,1.677248559873824,0.20121126528857863,0.5710186426769124,0.10335241747462891,130,129
-306,1.6821289451501857,0.20835683352825649,0.5693475721781872,0.10367020635714244,130,130
-305,1.6740843588391294,0.20892215031060876,0.5606773725279028,0.10439562625501655,130,130
-304,1.6331112609907317,0.20965156395389997,0.557691506143195,0.10495768244131772,130,130
-303,1.5629025936980527,0.21067364237289593,0.5047492095309692,0.10543754710530798,130,130
-302,1.5406636574120567,0.2114841746698116,0.5073196893742191,0.10640542981212986,130,130
-301,1.578513410401104,0.2126180977669966,0.5272710873659212,0.10711962921917347,130,130
-300,1.5952152099969346,0.21330114485018742,0.5306089158784638,0.10800999342879879,130,130
-299,1.5319488374110175,0.21360473830928298,0.5260855700098808,0.10900505644975204,130,130
-298,1.53493845969633,0.21482890814148795,0.5223167838966178,0.11058948940757822,130,130
-297,1.5484104415369098,0.21373847124478398,0.5246899520521255,0.11053329643716425,130,130
-296,1.5813869258414703,0.2133900754941084,0.5315009774735742,0.11040307437837561,130,130
-295,1.635014332187537,0.21370630908826102,0.5332129703149426,0.1103020112506517,130,130
-294,1.6177518198044176,0.21432092273060144,0.5311813654232854,0.11034697164974674,130,130
-293,1.658684825674283,0.2151211466837175,0.5524033868075776,0.11039958597948654,130,130
-292,1.6394751537858918,0.21638323891337763,0.5500864173049047,0.11046102102244967,130,130
-291,1.6033979994095466,0.2185765144515868,0.5464790305432049,0.1102768772204206,130,130
-290,1.6212685660704176,0.22023239209310946,0.5450566668252184,0.10993429786162576,130,130
-289,1.6176889891866961,0.22256235222763537,0.5535882269405737,0.10991654611381993,130,130
-288,1.623975148896105,0.22510029502700382,0.5549617233004248,0.10995023876206114,130,130
-287,1.6282058141400497,0.2269376975668845,0.5538725525127874,0.10984163167991914,130,130
-286,1.5854132334570783,0.22906887480179028,0.5473074966410195,0.1095914272172486,130,130
-285,1.5953079054380328,0.23151677812976626,0.554383783801547,0.10951950077784812,130,130
-284,1.5798689765579712,0.23343153069502046,0.5442106618231898,0.10952090489121297,130,130
-283,1.6864406028042804,0.23522389111411593,0.5749986801802783,0.10967782272130865,130,130
-282,1.6579330152349228,0.23705856288311855,0.5631600041338468,0.10978710456820283,130,130
-281,1.672751359085924,0.24012097276413272,0.5586325984360528,0.11028434369032875,130,130
-280,1.6871757805439749,0.24384761489461562,0.5523256584266711,0.11077150630735876,130,130
-279,1.6868721297192688,0.2482474922683699,0.5511581905069985,0.11112429671792233,130,130
-278,1.6795577790804852,0.25296781216135794,0.5629222217624437,0.11150739978387851,130,130
-277,1.6927904238161038,0.2578552657159869,0.5683128853333679,0.11184523960677381,130,130
-276,1.7015768417535755,0.2609444694021502,0.5627903055791378,0.11191367684710533,130,130
-275,1.6660446030951495,0.26461390401856244,0.5631078650689331,0.11192825012459474,130,130
-274,1.618671183330733,0.2680948073628397,0.5629157761382818,0.11186386157286651,130,130
-273,1.6675257161831147,0.27160281120671204,0.5679409812573512,0.11198185534231975,130,130
-272,1.696606716475461,0.27551222518816115,0.5848959201977383,0.111899936785034,130,130
-271,1.695502588071967,0.27912676914911716,0.580273998783918,0.11168163441906197,130,130
-270,1.7177509326242617,0.2831648871482244,0.538598756591602,0.11155429866294574,130,130
-269,1.6404504053184654,0.2874937161421443,0.5025055332290403,0.11136562052842557,130,130
-268,1.5741322849914712,0.2922095963128166,0.45946422182211366,0.1111556655345752,130,130
-267,1.4615044416022196,0.2957564220677426,0.40166518648340144,0.11022819340960543,130,130
-266,1.2602033338578795,0.29781918039568556,0.36449731857597906,0.10922270976920868,130,130
-265,1.2364151978404627,0.30084622419736295,0.38881167398493544,0.10860176700528193,130,130
-264,1.2482782280672948,0.3040413794598137,0.3891765754176652,0.10778284617256872,130,130
-263,1.2600901872706318,0.3076312695128419,0.3953311504460941,0.10698610694638823,130,130
-262,1.3044095159125861,0.3115801393239041,0.4075071201526465,0.10622379482134914,130,130
-261,1.244661555358542,0.31532296636766904,0.4159894234714276,0.10552651444371605,130,130
-260,1.2780903008393574,0.31794983304376206,0.41592826760481005,0.10477679685532802,130,130
-259,1.3125025492389617,0.32075430590838033,0.41322906026397416,0.1039890458790396,130,130
-258,1.3134082463126153,0.32335588544456734,0.4123690747472726,0.10316324538521188,130,130
-257,1.1982248554848673,0.3254376365669365,0.3951192747477267,0.10236991561549533,130,130
-256,1.21791564638381,0.3272100500314827,0.3961414083880891,0.10156625684809263,130,130
-255,1.2055724372578716,0.32924408946454614,0.40101244548381126,0.10083281728132679,130,130
-254,1.2417339452497886,0.33211411702957433,0.41002187044987737,0.10022385028015497,130,130
-253,1.2164975606602912,0.3346683050014677,0.4043264691955865,0.09978857379768824,130,130
-252,1.2364896909264713,0.33739748350746224,0.3994259386607424,0.09939189430290593,130,130
-251,1.209759318148666,0.3399988628810276,0.39857706479128596,0.09905046637476374,130,130
-250,1.2338960931561267,0.34288216909064023,0.3980174611863048,0.09882595989118044,130,130
-249,1.2131799003218666,0.34562138417585364,0.3960703198439183,0.09874572702480829,130,130
-248,1.2393995562870062,0.34869079949662757,0.3917282307265491,0.09869886892325895,130,130
-247,1.2608404345199582,0.35258421761830677,0.3922271748686928,0.0988986638511091,130,130
-246,1.253781521086286,0.3566239675409283,0.3844087237636467,0.09902668732455101,130,130
-245,1.1861097057404155,0.36101946237232924,0.3845842875486875,0.09918726388504048,130,130
-244,1.214015165207719,0.36488266808787523,0.3906842752425779,0.09946529274882518,130,130
-243,1.2762256400870364,0.36835807261309556,0.400244179391401,0.09975093372760122,130,130
-242,1.2468821653397177,0.371547973762257,0.3908294074172393,0.09996289273376618,130,130
-241,1.2390233721696475,0.37455143398849633,0.3923715240878723,0.10005447289633407,130,130
-240,1.1935785469203473,0.3772449129005141,0.38691602896368243,0.10018719575133578,130,130
-239,1.1833453925739605,0.37966923471749003,0.38133088868963166,0.10029404716690754,130,130
-238,1.1621529393150893,0.38101415659115834,0.38257464183473083,0.10051974567190375,130,130
-237,1.1949322533773896,0.38422332917874397,0.3806913587295842,0.10067392912821685,130,130
-236,1.1911398663689428,0.3873226733700873,0.38722684818633435,0.10073322222175998,130,130
-235,1.1795951747606785,0.3904218936011359,0.38946514753313394,0.10072696528942994,130,130
-234,1.1824419460900246,0.3928901557163619,0.3640128118798352,0.10073945629778833,130,130
-233,1.1815863905354687,0.3952042683027588,0.35287879262743393,0.10064046054429568,130,130
-232,1.2075224875781325,0.3975610015451102,0.3492539196257536,0.10056570260342114,130,130
-231,1.2016520280584815,0.39925671662384626,0.3592858332656254,0.10050966337824106,130,130
-230,1.1836679286063885,0.4014936779644019,0.34913340740392623,0.10030993405151374,130,130
-229,1.1634430919183862,0.4034916664575011,0.3527125686009284,0.10004556469988381,130,130
-228,1.1216617879204855,0.4058386951993215,0.34723420947158573,0.09977607772584574,130,130
-227,1.1144398425513267,0.4077870200711809,0.3376426102996089,0.09941794004915652,130,130
-226,1.133285370429675,0.4098425467100258,0.3414513989293362,0.09911408310373654,130,130
-225,1.2759643554898796,0.4131066862951752,0.3456450565480002,0.0986974169315381,130,130
-224,1.1744157528693,0.41773395292396154,0.3463017873673591,0.0982357320207909,130,130
-223,1.2319116966766612,0.4220656874241742,0.3452789019745233,0.09777576285423131,130,130
-222,1.2394026467379466,0.4256704363516662,0.3475247234574112,0.09725840739385036,130,130
-221,1.2596565688148034,0.4289969778214911,0.34649704488007277,0.09670383522809811,130,130
-220,1.254738363611468,0.43217181468637117,0.3452120228686091,0.09616842948377574,130,130
-219,1.2936600946074002,0.43438745756405356,0.34922878448785405,0.09556555624621363,130,130
-218,1.3234460574853144,0.4359630005126801,0.3460009770243325,0.09501544295940056,130,130
-217,1.2881206489620853,0.43750970206274503,0.33586329433383394,0.09447626578251046,130,130
-216,1.2976694417373502,0.4403859170670312,0.35051361056976443,0.09390876647918847,130,130
-215,1.2979894734588342,0.4436547808930385,0.3506747855983195,0.09332916865641845,130,130
-214,1.328200156823705,0.4463137628123443,0.360068994426286,0.09269793377154995,130,130
-213,1.336538137857523,0.44964504676835465,0.3495707855581025,0.09211916868614588,130,130
-212,1.3511149564662492,0.45216608567586225,0.34550644193278074,0.09169155967817141,130,130
-211,1.355441356068625,0.45588656653421084,0.35008248669634484,0.09137926980459529,131,130
-210,1.3766201359417436,0.46024035372731936,0.3538959196309095,0.09107457405578306,131,130
-209,1.3639952789303726,0.46462744714232945,0.3502246817360012,0.0908133628088023,131,130
-208,1.3583307558086133,0.4686090492618307,0.3493577346727587,0.09061305465498547,131,130
-207,1.3384074784236706,0.47213127923621345,0.3422558380491788,0.09048051249093766,131,130
-206,1.3517881418712312,0.47581549463157585,0.34496457426596544,0.0902736712826004,131,130
-205,1.2987861461015036,0.4798583453044379,0.3433898399576309,0.08997176306096104,131,130
-204,1.3836950379327866,0.483420533776389,0.344314088203248,0.08968353306099515,131,130
-203,1.4195776103679378,0.4868243761379774,0.3490753048286733,0.08930518706168998,131,130
-202,1.430402989263994,0.4894350117973475,0.359417865170699,0.08898782244385031,131,130
-201,1.4432792468624043,0.4921802015787255,0.37274470166168144,0.08797560722406002,131,131
-200,1.4864792802126143,0.49557425351095447,0.40616046743839096,0.08779179094455901,131,131
-199,1.540569307838487,0.4984069112879874,0.4275684084322371,0.087647785075929,131,131
-198,1.4658217158255686,0.5001852276124146,0.4120754615758993,0.0875253985078368,131,131
-197,1.3856419271052218,0.5021994400878083,0.39782045521962917,0.08735489452948503,131,131
-196,1.3585602723579635,0.5043126502481778,0.38852659689336855,0.08731254340832116,131,131
-195,1.3992030135650093,0.5063623137382304,0.38948911227599614,0.08733601167755652,131,131
-194,1.475096910306529,0.5079729000836369,0.4328512646451293,0.08736974009699758,131,131
-193,1.5358460838003398,0.5095960147407558,0.4524900347320475,0.08747341195089203,131,131
-192,1.606853093737549,0.5107776761363282,0.4853458906270602,0.08770601438330766,131,131
-191,1.6679761944495584,0.5121969035967305,0.5404939621504125,0.08790133433646036,131,131
-190,1.7897038151267217,0.5133119076217603,0.587725446340752,0.08812983280860678,131,131
-189,1.8080897719348703,0.5144694278926585,0.57392317320389,0.08840458703498619,131,131
-188,1.8454246616741339,0.5156490468684226,0.606708872308555,0.08868546621943499,131,131
-187,1.8294234443539894,0.5168357563539184,0.6131231622935225,0.08889203685974889,131,131
-186,1.8172259006285145,0.5169128328703845,0.6374088582632285,0.08912007415788,131,131
-185,1.7932759169748123,0.5167225323025677,0.6352766463681947,0.08939300807272318,131,131
-184,1.8249922671708203,0.5167431592994338,0.6386710285578261,0.0897670618887392,131,131
-183,1.789230236500116,0.5169755235985232,0.6134594058351479,0.09025605683189628,131,131
-182,1.797684223485889,0.5170348011851109,0.6108314516912068,0.0908226600978015,131,131
-181,1.8490056591241901,0.517124611961381,0.6484272187083272,0.09148082825115691,131,131
-180,1.7770519182870248,0.517140054547188,0.6097070243988252,0.09225022073531407,131,131
-179,1.7553128900960469,0.5180704952237634,0.5752006143528239,0.09297470162677758,131,131
-178,1.7201069565652214,0.5195383657527565,0.5568022732149469,0.09367446493261844,131,131
-177,1.758818647841484,0.5214647984435857,0.5971142324502977,0.0944266096381531,131,131
-176,1.8235430386393676,0.5236763074392108,0.621519776583645,0.09516665370344943,131,131
-175,1.8219962742857407,0.5264001719263217,0.6289102263219044,0.09581104773579202,131,131
-174,1.8594222928658013,0.5289724459631776,0.6686759941337782,0.09649426467104798,131,131
-173,1.8653732730541543,0.531779516499702,0.6522991299121341,0.09702823866460929,131,131
-172,1.9373388971057723,0.5337907317633519,0.6836028823217234,0.09752570880503628,131,131
-171,1.9174483261246387,0.5354977613851509,0.6643983106101946,0.0980421149647388,131,131
-170,1.9468770944568645,0.5368576451193049,0.6759537116136802,0.098670834856691,131,131
-169,2.0413368294878054,0.5384304746686724,0.7143746482577626,0.09934847551437756,131,131
-168,2.1121758669057042,0.5407421774062093,0.7502029071032278,0.10003093524182896,131,131
-167,2.044309883953861,0.5432602627176363,0.722546118773229,0.100694111352643,131,131
-166,2.014312064850609,0.545787833926074,0.6972606745173011,0.1013158633701716,131,131
-165,2.0513349406112544,0.5466620463729164,0.6862626636859493,0.10188741059885471,131,131
-164,2.1518853892650562,0.5457833168996172,0.7239261219672697,0.10240563746710599,131,131
-163,2.176038437089377,0.5448390341111293,0.7548732617160719,0.1028245200463807,131,131
-162,2.228705894242186,0.5439630183193991,0.7660611291429672,0.10328661057203103,131,131
-161,2.294478315279337,0.5425785020886366,0.7892357434843238,0.10371081459387463,131,131
-160,2.2682432378614727,0.5401684047710051,0.7618225962777162,0.10417856232518397,131,131
-159,2.3449866528033936,0.5377231400443304,0.8124586387438929,0.1047076136146977,131,131
-158,2.4057525868335254,0.536077849817169,0.8421211170746703,0.10532446573862088,131,131
-157,2.445881085006977,0.5334847443760683,0.8679616362487493,0.10598914156036583,131,131
-156,2.5636011993232803,0.5306401797714813,0.9237423381468722,0.10669958455135964,131,131
-155,2.5769186840537355,0.5264147404975027,0.9054321153491091,0.10731368451588304,131,131
-154,2.54187072273722,0.5226936647507487,0.9006581695447123,0.10775896679441971,131,131
-153,2.611531984062844,0.517959531633859,0.9734188109841331,0.10808927487491406,131,131
-152,2.6531747984186067,0.51374512369082,1.003541531888425,0.10841843850213004,131,131
-151,2.7678890455573733,0.5097835651901127,1.0679675840235583,0.10883988614928806,131,131
-150,2.796595222646484,0.5049894319543029,1.1121091808906098,0.10906132693246136,131,131
-149,2.7616118494343236,0.5002575966487638,1.0945773245798813,0.10939489861733848,131,131
-148,2.8735080276628575,0.4955222923054015,1.1523601660841458,0.10973343204017431,131,131
-147,2.8869294342367207,0.49212241953418767,1.143530340520467,0.11009937359438056,131,131
-146,2.9084277990374168,0.48910357998414417,1.154824907608416,0.11034492705517909,131,131
-145,2.968361352152379,0.4859979085216762,1.2021697307327306,0.11076985410448659,131,131
-144,2.9563865605917226,0.4828218048129781,1.1718012148175037,0.11125571326826621,131,131
-143,3.0373806453703636,0.48042252888376763,1.2671225914622575,0.11171520167686082,131,131
-142,2.992095741038279,0.4773763209148094,1.2707100185063138,0.11209729850527134,131,131
-141,2.973036109202908,0.47372218965370466,1.2871078999561552,0.11240291008228423,131,131
-140,3.019763221447399,0.4697688496594582,1.3125693086328165,0.11275748544982361,131,131
-139,3.3088585020520065,0.4654826488259144,1.4069311182152373,0.11304929381689993,131,131
-138,3.452763560722804,0.4619821737119937,1.4557595845121916,0.11336188167986665,131,131
-137,3.36137860476757,0.4587779271536844,1.3909922764773788,0.11369973997885435,131,131
-136,3.438335552532233,0.45543138876842465,1.4055842074281122,0.11396824903856298,131,131
-135,3.5217760718720355,0.45219087894866944,1.4211169067279883,0.11419166120496199,131,131
-134,3.5282486676632665,0.44873631545352194,1.4011815588621725,0.11456007976858584,131,131
-133,3.6572090974214344,0.4457646828400502,1.4787968966131213,0.11481414559785856,131,131
-132,3.6594085630391824,0.4427015508939068,1.5151724705340082,0.11483258611859165,131,131
-131,3.748247515584985,0.438117720410687,1.5800733286261563,0.11485563433073705,131,131
-130,3.7769837471717613,0.4334739778572937,1.5943272022258081,0.11491067185818556,131,131
-129,3.82231223771722,0.42879714254856266,1.6291576435512025,0.11496126462445888,131,131
-128,3.8133522281194896,0.4248047403399517,1.5884815748484429,0.11494147825334573,131,131
-127,3.8217428305705625,0.4204213097233783,1.5853390875660474,0.1149468651720165,131,131
-126,3.77596099898099,0.4166077932241737,1.5372321843338121,0.11461946149956702,131,131
-125,3.9303636604365058,0.4133814209015975,1.545227262532406,0.11428120383991089,131,131
-124,3.9302410275649984,0.4091127250058895,1.6441783874637574,0.11389716043024972,131,131
-123,3.8454455469728424,0.40464908176181086,1.6219131987421644,0.11365977848844022,131,131
-122,3.895724194646278,0.4009934561705569,1.644101667427843,0.11338606466776731,131,131
-121,3.7756270953796416,0.39669028441045845,1.6515647089145515,0.11314561444835598,131,131
-120,3.873307938674163,0.3924257483154424,1.6979331606081522,0.11286561036898805,131,131
-119,3.989955447751122,0.3878107076007116,1.7598698631136354,0.11272009947177941,131,131
-118,3.993688648342044,0.38336929103381673,1.752814074226394,0.11268763442134694,131,131
-117,4.023558368620257,0.3786120604583952,1.754018700087786,0.11261499410179253,131,131
-116,3.8623827780055735,0.3745403170266399,1.7067887482396213,0.1124436546125556,131,131
-115,3.84531911454338,0.3700212138627007,1.7426870527746756,0.11225324608783886,131,131
-114,4.020686495758668,0.3652446816937361,1.813912736890205,0.11196175704666025,131,131
-113,4.08709839859648,0.3605788590073427,1.826788764793296,0.11174279026592343,131,131
-112,4.231515669487192,0.35706522840849786,1.9270203952259304,0.11154588246986859,131,131
-111,4.3106992822187165,0.35420258331058524,1.9931331948860003,0.11130060563239161,131,131
-110,4.276460652712054,0.351076460124481,1.9798635853967381,0.11102448565506105,131,131
-109,4.346218473929976,0.34866576508815256,2.0250932999139057,0.11075223137044272,131,131
-108,4.320378995033041,0.3453221913760845,2.0257753063785007,0.11048796004344244,131,131
-107,4.245802205091823,0.342372324096811,2.063233532609648,0.1102568255748943,131,131
-106,4.249568653299218,0.3395791410175991,2.072992526520187,0.1100905954847229,131,131
-105,4.387477758541504,0.3382774305388924,2.1309460745282887,0.10992318224609207,131,131
-104,4.368472145040486,0.33724693329337896,2.100841676906067,0.10977890133840212,131,131
-103,4.4869432024505445,0.33575929772705554,2.0878128925137904,0.1094903964353016,131,131
-102,4.574060288644031,0.33547313703822573,2.158752939621589,0.10926389917454855,131,131
-101,4.671056683395312,0.33418103262024973,2.2482263576945454,0.10888199214513007,131,131
-100,4.905999013317866,0.3336846968853718,2.3627892480483617,0.10852189125244081,131,131
-99,4.88569116193545,0.3350016829746781,2.330982664672414,0.10831683284443752,131,131
-98,4.8923778161321705,0.33635467916189066,2.338137949897543,0.10791779100013499,131,131
-97,4.838998853466711,0.33778383313063054,2.3061870711144774,0.10752183140393075,131,131
-96,4.58983774300507,0.34008679896880517,2.143635395803639,0.10702915397445183,131,131
-95,4.560576100762047,0.343433816753434,2.1910951040817257,0.10671863125442038,131,131
-94,4.714207704905789,0.3463276241527855,2.342315971079097,0.10644977610491439,131,131
-93,4.976352506541461,0.3496784886636232,2.552900408312809,0.10617868405280984,131,131
-92,5.119799981430876,0.35239460102969344,2.5786477394707434,0.10589526032528222,131,131
-91,5.097672283480062,0.3541772344037081,2.548403041448964,0.10553146825484123,131,131
-90,5.130936093351378,0.35622364196599177,2.574415890935432,0.10521600212669449,131,131
-89,5.157806150069176,0.3583197585648782,2.535600802479558,0.10495918844298166,131,131
-88,5.1848858299722815,0.3607754121948204,2.5455428299822676,0.10471026096667313,131,131
-87,5.164080759563302,0.36240302072433317,2.5026251909787707,0.10450967005770705,131,131
-86,5.25660003187851,0.36362031959853774,2.5573389737496353,0.10437897345475876,131,131
-85,5.2100069028332365,0.3640317556892761,2.5247206758339447,0.10406446782031706,131,131
-84,5.045210136290939,0.3645424120778375,2.396288469046877,0.10353026795530658,131,131
-83,4.989685857206774,0.3642547723906454,2.4199246307837807,0.10312497758300596,131,131
-82,5.04853496533454,0.3642621389053616,2.4427328296355912,0.10278065967172205,131,131
-81,5.075073018493173,0.3650411342224213,2.4726951527055467,0.10252285923000427,131,131
-80,5.1498636299901825,0.36628276021328926,2.5822881861718203,0.10224625289721762,131,131
-79,5.161767332657646,0.3676005490166455,2.581797457686108,0.10196043353506844,131,131
-78,5.171399449063793,0.36954226320657735,2.54370604998739,0.10168085598687635,131,131
-77,5.342449904076846,0.3709019045881163,2.5589109185297176,0.1013907401796696,131,131
-76,5.389564045605253,0.3725267795437829,2.602847654360905,0.10108392353696403,131,131
-75,5.612500290351349,0.37388754954756465,2.726313151717094,0.1008532469373721,131,131
-74,5.719965525740396,0.374989683004733,2.776938805209974,0.10050371868150723,131,131
-73,5.70233174174133,0.3756289672301716,2.7245688885342614,0.1002139573591268,131,131
-72,5.731868324505653,0.3766820466921467,2.687416094202372,0.09994582550576121,131,131
-71,5.814956767208153,0.37804706888067374,2.663418950644752,0.0996508324894891,131,131
-70,5.962615872750125,0.3802702381542505,2.655820621705715,0.09930210248993036,131,131
-69,6.035778915253755,0.3826429799267954,2.6776406305797154,0.09898690720137486,131,131
-68,6.114072878478074,0.3846700866279355,2.6965693822677306,0.09863057457449755,131,131
-67,6.104068789562538,0.38765127992905646,2.7254074994773045,0.09836558059008751,131,131
-66,6.209615296101763,0.3905143477811824,2.8150782268972208,0.09811196840868817,131,131
-65,6.253086085060151,0.3941290115976389,2.821338950040059,0.0978762657163458,131,131
-64,6.33426168563102,0.3982400384554368,2.8385352889331674,0.09761722815046062,131,131
-63,6.4735503972610795,0.40148932279780675,2.8405038675261487,0.09734709190126556,131,131
-62,6.567927056655628,0.4031596601766135,2.8386404670220955,0.09698426794947058,131,131
-61,6.586220612464697,0.4051650959499414,2.8121317487513444,0.09656047436883178,131,131
-60,6.571492112103234,0.4071979893586062,2.7803642484477,0.09606808718161362,131,131
-59,6.4407800637131905,0.4087961929660588,2.750810149393556,0.09560071289585136,131,131
-58,6.527293809794011,0.4097028936855795,2.940236132468378,0.09522675327942132,131,131
-57,6.606626899985604,0.4095672408635848,2.9649634666360285,0.0948707010632132,132,131
-56,6.752851721811346,0.40932636953812945,3.003462288080443,0.09460950840778411,132,131
-55,6.86421606649175,0.40907882496453757,3.011416019914186,0.09425083520877314,132,131
-54,6.900113717913311,0.40922958493390926,2.993996685077994,0.09386101718184246,132,131
-53,6.759805162984355,0.4097107575703484,2.955701501730584,0.09352155303930387,132,131
-52,6.668769741637045,0.4093969543051824,2.925791890375028,0.093136903985859,132,131
-51,6.693666689953137,0.40838321223242247,2.909694178466095,0.09271843916776076,132,131
-50,6.615664323877077,0.4085343611517559,2.88615432480705,0.09231195306676487,132,131
-49,6.534940954867795,0.4079995489350343,2.8138183061991406,0.09192976909175662,132,131
-48,6.699221465244105,0.4083690847013937,2.9131460700588603,0.09163066932331977,132,131
-47,6.7976748634490685,0.40301296657189845,2.996944324807027,0.09081666833965893,133,132
-46,6.706392526084168,0.4033454408530619,2.8902598406533366,0.09047717031045119,133,132
-45,6.846514587917282,0.4033743017611085,2.9658113328530358,0.09009112850818898,133,132
-44,7.121435018975387,0.40297359829990376,3.025842455009882,0.08972380317961635,133,132
-43,7.316486796879803,0.4032060745998371,3.1175678986225486,0.08936738309646923,133,132
-42,7.390019008324638,0.403544693946397,3.227949109622472,0.08899584861768252,133,132
-41,7.195035383613475,0.40475763865421666,3.2379572079391528,0.0886597431106789,133,132
-40,7.081846977982733,0.40615258573930246,3.1269870490868046,0.08829136183847296,133,132
-39,7.2712511756516225,0.4072072123047305,3.133476208067333,0.08802919196020172,133,132
-38,7.507819178390035,0.4079693781111582,3.2800243719321545,0.08782264902552832,133,132
-37,7.48331487415366,0.3975063797822111,3.2752380884076633,0.08776262725937738,133,133
-36,7.501874144731634,0.3965819202791591,3.279579220643841,0.08776010580875243,133,133
-35,7.5096089529736405,0.39602969637645985,3.217438830164381,0.08784820644727076,133,133
-34,7.4457832589646085,0.39551714800913734,3.110580440911498,0.08802754353320527,133,133
-33,7.296531038893535,0.39509321784949836,3.1415590674828286,0.08820382598068016,133,133
-32,7.499088512848196,0.3938759337168607,3.178180573289214,0.08840654279356415,133,133
-31,7.740130725803182,0.3932220652976926,3.2146701229787182,0.08856386059640206,133,133
-30,7.922266271138335,0.39380523550753116,3.254739370605734,0.08873445963763278,133,133
-29,8.106046003515994,0.39447498654608515,3.278815516347126,0.08893659933682362,133,133
-28,8.276501319868027,0.3945462439130795,3.3005490692905055,0.08916787340200207,133,133
-27,8.474940356974244,0.3945121191834782,3.307092647746147,0.08933773676221939,133,133
-26,8.520272949141985,0.39458557019918455,3.281197225301098,0.08950881742641299,133,133
-25,8.689541724944698,0.39508937671882405,3.424684651105512,0.08977827243591614,133,133
-24,8.810623969328713,0.3950188460171934,3.3936052321766663,0.09003975645863198,133,133
-23,9.605379818043245,0.39577976173424073,3.5182897609028623,0.09031931933318778,133,133
-22,10.382267544984819,0.3969977089079383,3.781509284413277,0.09063282298806014,133,133
-21,9.40916610678775,0.3977809735887323,3.4260644719147177,0.09090499597256345,133,133
-20,9.11654056352074,0.39816637814030625,3.262311219122554,0.09117959859763596,133,133
-19,9.861893146314644,0.39925702858483336,3.460650541513362,0.09148166125216656,133,133
-18,8.989768317968927,0.400772851638705,3.0192586350820907,0.09175256266411308,133,133
-17,9.493398028630534,0.40313143071893004,3.2624575188694105,0.09195388234201243,133,133
-16,10.280656324961758,0.405204837052231,3.5470104009512085,0.09219234449766224,133,133
-15,10.1381775259038,0.4066072616708286,3.3430370074678755,0.09241946177209501,133,133
-14,10.230993162565607,0.40886504302621207,3.2535258510078484,0.092691374569388,133,133
-13,10.460797993560432,0.4118232511774567,3.3466137165285748,0.09289550833318205,133,133
-12,11.4677969154465,0.4171166130044738,3.9348815772891026,0.09329258951805003,134,133
-11,10.895208997137638,0.42291619355684085,3.6462981766640596,0.09385304655698389,134,133
-10,10.752383040137348,0.42782779342182986,3.540778901331818,0.09442098455213063,134,133
-9,11.829571105222604,0.43162817299038087,4.174183054111932,0.09491685721142669,134,133
-8,12.871457747809275,0.4348019521868885,4.735899370691896,0.09550322405193888,134,133
-7,13.317889126927689,0.4355776839174759,5.064788379147049,0.09577755114565378,134,133
-6,13.759881948217426,0.43645211145077206,5.258331748243819,0.09603322884755298,134,133
-5,14.166232205582162,0.437157042999805,5.509555242584288,0.09622005334298625,134,133
-4,15.256870153290663,0.43829063395591017,6.448438597990384,0.09642642499995134,134,133
-3,16.07829605373399,0.43940277173676856,7.136208009386133,0.09662055390247468,134,133
-2,13.455878276976732,0.4384441224440724,4.909988810954123,0.09626164909704997,134,134
-1,15.035342398534256,0.4415482125061413,6.189768114752864,0.09641002655168013,134,134
0,17.5337036319685,0.4454205070936927,8.326927205158267,0.09660605055384776,134,134
1,17.92199131128349,0.450104805479024,8.391710849014938,0.09675701332251421,134,134
2,18.528329431855667,0.4542567291860521,8.927192060470787,0.0968385098729091,134,134
3,18.68627908307922,0.4585941561298715,9.09674504873559,0.09701548607011874,134,134
4,19.130560097186617,0.4628974705606778,9.24814288208525,0.0971212238576932,134,134
5,18.827079276591515,0.4673625374150646,9.284146887712328,0.09733974037395474,134,134
6,18.65707544779391,0.47182575488155865,9.342351308273248,0.09760475689289826,134,134
7,18.811876654649435,0.4756644785586616,9.443770109031814,0.09781532130650418,134,134
8,19.35937106970264,0.4794847669105097,9.572840812269634,0.0978790243413748,134,134
9,20.597443037159927,0.483044116357709,10.464123505770006,0.09785776230165275,134,134
10,20.80099830889312,0.48568451588786077,10.508359475681651,0.09783922134231023,134,134
11,21.261461900690254,0.4882285567205375,10.877175870685553,0.09794243820801164,134,134
12,21.437154985091798,0.4900267417408909,10.701581905411981,0.0980402810079459,134,134
13,21.105710540363123,0.4920079068693887,9.83422254777039,0.09826338627367526,134,134
14,20.72503379453923,0.4945265828268633,9.969131883894011,0.09840119778333047,134,134
15,20.545175175678157,0.4968509904096785,9.970953098580372,0.0986153162098282,134,134
16,20.41946925091672,0.4997551281920214,9.999269696700791,0.09892472539044996,134,134
17,19.295487012627966,0.5021916783000174,8.928291643520884,0.09900582496408088,134,134
18,18.07044264616436,0.5045796718705893,7.8667434926598565,0.09888567879300539,134,134
19,19.202843673111918,0.5061663393757593,8.898872487237638,0.09853087493038439,134,134
20,20.052528604964397,0.5069551186974331,9.479656728776412,0.09816242429159934,134,134
21,19.895759084031106,0.5072027048192222,9.490389181445822,0.09775080115893378,134,134
22,20.421487312349097,0.5082585936613008,10.279900570842253,0.09734651560840954,134,134
23,22.73990655780258,0.5091487402061136,12.163973282053993,0.0970513198814445,134,134
24,23.508533287280816,0.5103093502142676,12.295754487352688,0.09688150408207946,134,134
25,22.009583732854814,0.511120131743793,11.048890609548469,0.09672448597481674,134,134
26,21.716458762939588,0.5112578414316218,10.727827333958928,0.09655328440452735,134,134
27,22.285015597734578,0.5118497245332136,11.18402347136589,0.09637016378165651,134,134
28,21.87461875976443,0.5130358094993615,10.726370011564308,0.09622946017053409,134,134
29,19.739319226602106,0.5138284896276535,8.568498797967552,0.0961955501396806,134,134
30,19.12754972169865,0.5135766980240803,8.081086039361374,0.09612229594987756,134,134
31,20.546995881493736,0.5124799838407328,9.173677660812446,0.09591266627920596,134,134
32,20.463396075447463,0.5110778054019345,8.786285113250418,0.09579237199877803,134,134
33,20.54193305802511,0.5087943790737538,8.719413820391837,0.09567923993242954,134,134
34,21.596408602962853,0.5064081993356655,9.547081486398111,0.09550643584165924,134,134
35,21.707821934174905,0.5046798568323928,9.422459178726028,0.09541439419632096,134,134
36,22.956539799157536,0.5043637833744794,10.575876436318325,0.09545127519521429,134,134
37,22.916963587825112,0.5031751820938429,10.668109489377988,0.09546332541097387,134,134
38,22.940627597220526,0.5017785648341354,10.601790438112841,0.09547675807459957,134,134
39,22.953931942450403,0.5000855724263961,10.394332961167455,0.09547342180251513,134,134
40,23.253025026579675,0.49884930495139307,10.17377821001572,0.09544316958510699,134,134
41,23.313289304094916,0.4966564943184988,10.27051761586137,0.09544610871047235,134,134
42,23.917583371570068,0.49365172173245203,10.973607568227314,0.09548167061428099,134,134
43,23.20707535483069,0.4907407442469608,10.161415198444333,0.09556844027285397,134,134
44,22.01716184978729,0.488682114294152,8.986556295942467,0.09565768732146598,134,134
45,21.224649028717312,0.48572909856487945,8.145165987607964,0.09562031762840828,134,134
46,22.932538413828293,0.48220146824856125,9.364606802437518,0.09557607976477592,134,134
47,23.176856771753094,0.47901280526737156,9.550205129145755,0.0956148784577149,134,134
48,24.18887868516128,0.4741300902209239,10.324425173615223,0.0953677524046232,134,134
49,24.48841232832455,0.468809450429766,10.411552447482215,0.09512434808600814,134,134
50,23.900066873648193,0.4638464205453524,10.19553046585907,0.09488355105493054,134,134
51,23.77814548234764,0.4600828919910829,9.723146802544433,0.0947870803909934,134,134
52,23.80328567966823,0.4559703810716355,9.664225931170833,0.09480874727253379,134,134
53,23.738419403413037,0.4533958166185282,9.735431847086929,0.09468034415059728,134,134
54,24.000627400789707,0.4511656566447512,9.895594535849412,0.0946073843068674,134,134
55,23.971542308003166,0.44890970589369533,9.967603634489164,0.09449568746804629,134,134
56,24.10742124867478,0.44564092552806533,9.950852245889072,0.09438818131196322,134,134
57,24.1102552902978,0.442733434631557,9.762667858705262,0.09432160406420527,134,134
58,23.3574550176013,0.43947752592405664,9.02611324053435,0.0940749064659266,134,134
59,24.130916025732546,0.4363181413366016,9.633213221177165,0.09384716991053992,134,134
60,24.111395521436606,0.4331589509881954,9.573286218095074,0.09354862455073712,134,134
61,23.516308674927718,0.43063410403888974,8.874886783042783,0.09315596240013795,134,134
62,23.790079244887472,0.4286374024157445,9.230335442264765,0.09277151915566863,134,134
63,24.30030348743833,0.42640865252879856,9.403880647967725,0.09224006596147803,134,134
64,23.985947464178487,0.4234774802144633,9.138443206856955,0.09179322262306008,134,134
65,23.2482859124468,0.4201130363789961,8.7260875717812,0.0913011419899637,134,134
66,22.910209497250175,0.4167943783268865,8.62956860251178,0.09078908977667208,134,134
67,22.638640836417746,0.4129006878600631,8.516805348437197,0.09028121012519034,134,134
68,22.97484363143383,0.4098187725172665,8.705614599223793,0.08990867972214464,134,134
69,23.495611883721153,0.40727505254601815,8.91986768658343,0.08955259368867409,134,134
70,23.9087302743463,0.4062248460510678,9.055440480113415,0.08921979509285699,134,134
71,23.886350696284627,0.40500931023965603,9.026794678979666,0.08888752382459279,134,134
72,23.63453838045384,0.4045545927539569,8.970531604306608,0.08864465491273608,134,134
73,23.26655485947884,0.4025017489683164,8.792253033230187,0.08833821749235457,134,134
74,23.276195847600196,0.40005525344071485,8.661133786197777,0.0880326215808863,134,134
75,22.696993597021347,0.3979109455009661,8.08593361168996,0.08773022556155688,134,134
76,22.376868057289194,0.395672296860064,7.8437566622295325,0.08749771873983582,134,134
77,22.343739494152395,0.3934816099393122,7.84244560223596,0.08719748128814461,134,134
78,22.445474175281138,0.3908485097667484,7.993264566257365,0.08684277269503103,134,134
79,23.16043255857194,0.38959681698965215,8.613087850574393,0.08653966096097038,134,134
80,22.85785978331296,0.3881355350308257,8.180206178434807,0.08634233468406746,134,134
81,23.05360706245598,0.3862555317732186,8.205424385197134,0.08618517358826813,135,134
82,23.387727159477386,0.38414356384677617,8.671393850445584,0.08597556222469543,135,134
83,23.39380888632307,0.38152490532411104,8.965187024394195,0.08576471440274354,135,134
84,23.68510435589919,0.3792005723924788,9.118057725443238,0.08558193046795981,135,134
85,24.187476774743036,0.3767657416678679,9.259768047989665,0.08536036387258344,135,134
86,24.551453503232363,0.37452908073363966,9.322039417830673,0.08511214410807147,135,134
87,22.966363448877228,0.3725188456643668,8.270398127506446,0.08493749288688714,135,134
88,22.738814657015226,0.37062142072104637,8.12298675990958,0.08470072420270967,135,134
89,21.879826953406692,0.3686506629703678,7.428990531442551,0.0845887038710769,135,134
90,21.987021590549897,0.36774547400290913,7.5550945559002525,0.0846424383896021,135,134
91,21.49951754999699,0.36831901493496777,7.3130821097864915,0.08421138893237527,135,135
92,21.36889588900335,0.3685879036464188,7.233435391893057,0.08427176758373042,135,135
93,21.621448771837006,0.36927765618746017,7.3088822871694905,0.08449896156334064,135,135
94,22.002526890696533,0.3707943817704375,7.494268615226295,0.08484031170139501,135,135
95,21.918313556439212,0.3713692420579551,7.497764504124449,0.08478921131733216,135,135
96,21.793629144692613,0.37122757251770466,7.557414999991514,0.08472193617330087,135,135
97,21.835529219966617,0.37136893623526435,7.545190579675263,0.08470915176154716,135,135
98,22.636386689938107,0.3714974052345847,7.9264988822861415,0.08470417776254974,135,135
99,22.935871552950697,0.372296984720416,7.962356357087967,0.08467638152092967,135,135
100,23.221601920802346,0.3719917764043932,8.092615912902556,0.08461641355324605,135,135
101,23.1359154401419,0.37215196901240644,8.00452995570286,0.08455508388053899,135,135
102,22.62020517322083,0.3723203994708478,7.817051081186849,0.08456967523505932,135,135
103,22.605622514368257,0.37188717422811374,7.809956885624827,0.08468773652095117,135,135
104,22.4490592001835,0.3707189273093132,7.601983001743051,0.0847083482339784,135,135
105,22.109340671655833,0.3705976728514954,7.336308064281306,0.08494947194599481,135,135
106,22.76839037296477,0.3697628625971111,7.641856523636189,0.0851186017673165,135,135
107,23.04495076513529,0.3686441815098689,7.878204323151773,0.08520832047045697,135,135
108,24.31201703315195,0.3680664116311065,8.911058043608488,0.0852671957600992,135,135
109,24.12835195010901,0.3676395860543932,8.620614392650515,0.08532878878012182,136,135
110,23.621319329671593,0.3674355268212793,8.364001614436566,0.08545213245430938,136,135
111,23.377511071368595,0.36669657425258223,8.311750998107657,0.08557694605409791,136,135
112,22.771663212289223,0.366369564638148,7.798810349805139,0.08568436657310137,136,135
113,22.82368296371112,0.36715956523084425,7.936899136124181,0.08584789124612506,136,135
114,22.842940895059,0.3679015763004059,7.954324060422689,0.08601251631608756,136,135
115,22.784058701340765,0.36821181077427423,7.9273578564279275,0.08619350426676169,136,135
116,23.171242358447778,0.36950908402202487,7.9862688465205895,0.08640821624274321,136,135
117,25.04097300280422,0.3698505538533371,8.268780190272542,0.08657902375383875,136,135
118,24.12904267306518,0.3702639781021308,8.096123459192889,0.08674107221910382,136,135
119,23.43158492902613,0.3756814332485178,7.981073233452712,0.0864070299891935,136,136
120,23.284856373173167,0.3752070811205549,7.907071209964229,0.08653510451596404,136,136
121,23.382690781060955,0.3751675104278526,8.02577257962296,0.08657030980269874,136,136
122,23.813661324222053,0.3747975276482728,8.06162229954062,0.08666384652316562,136,136
123,23.425804870517414,0.3750454246124897,7.8917185812306325,0.08684061526835231,136,136
124,22.61017292045652,0.3755836212571369,7.503671585864517,0.08709038865845392,136,136
125,22.14300265162396,0.3767095563827231,7.271701868111126,0.08735826672590295,136,136
126,22.21176240282543,0.377657821931755,7.290643307265716,0.08761311456935225,136,136
127,22.075159406427456,0.3786436403308688,7.297051035486853,0.08789042148429987,136,136
128,21.444196326420098,0.37908712968190905,7.159766445377278,0.088088518069515,136,136
129,21.30937262676499,0.3796598074049276,7.099123488842423,0.08839967719100092,136,136
130,21.07142217039332,0.3791911207931649,6.973218778505422,0.08884005079069436,136,136
131,20.816356032412642,0.3791918986566065,6.889655462729836,0.08929117449830777,136,136
132,20.66352065175305,0.37857622418486236,6.788129820820433,0.08962531247824511,136,136
133,20.290060953093917,0.3777907321605714,6.666517535110379,0.0899380981192758,136,136
134,20.580333983624854,0.3773163691050516,6.741960947373647,0.09033538501529007,136,136
135,20.705553450527272,0.37686553776267334,6.785616474825947,0.09072899784488861,136,136
136,20.714087701968605,0.37638579263913335,6.757518148583388,0.09101917642852984,136,136
137,20.60050306721066,0.3750686128471337,6.696595112773517,0.09131985027131276,136,136
138,20.451011276760553,0.37349240332171457,6.671886276624829,0.09165703750676293,136,136
139,20.45336039866397,0.37175141188698785,6.655931740921856,0.09202767019368616,136,136
140,20.53502142396116,0.3716233238540192,6.652669570256007,0.09231915724426239,136,136
141,19.999179423562577,0.37256813001954503,6.459155580659853,0.0927909817735752,136,136
142,19.960789219527268,0.3732113239098698,6.416151219134437,0.09319546344376663,136,136
143,19.79990342288502,0.3750530451517721,6.347944957503074,0.09372476096593553,137,136
144,19.669832642165144,0.3765111641523601,6.3117783250587705,0.0941916309042445,137,136
145,19.9368533643656,0.37814729236228006,6.424028158153601,0.09449930341267335,137,136
146,19.947065936526347,0.37942207035673486,6.428181282660818,0.09485173189249048,137,136
147,19.908441664610592,0.3806385646523181,6.375849345761131,0.09523921397242965,137,136
148,19.977172149881987,0.3824886341476227,6.351858058469543,0.09573545992967133,137,136
149,19.793862787147116,0.3840221229657349,6.254111651977534,0.09626434666426249,137,136
150,19.858431520407972,0.3850403562057191,6.223954114437378,0.09675561469170595,137,136
151,19.537307664559606,0.3864718243014813,6.142441677591536,0.09722216864449146,138,136
152,19.527846824127202,0.38743714485500425,6.09864565274075,0.09759529873968183,138,136
153,19.4440980846743,0.38668621929083563,6.0504899906968745,0.09728467373639649,138,137
154,19.325123832276674,0.38629363716406523,6.015078884753821,0.09770176385924943,138,137
155,19.13686744827885,0.38584486940744434,5.956076602208107,0.0981397956622188,138,137
156,19.113392888254026,0.3860706154015996,5.937304548131204,0.09876066445678759,138,137
157,18.86211351652139,0.38592902904676074,5.869924367230451,0.09940854658971726,138,137
158,18.77970813572249,0.3861456685284054,5.8239612639907,0.10012318411254796,138,137
159,18.912976910095555,0.3857126411882904,5.835615533264673,0.10083458342287005,138,137
160,18.806542331824435,0.38569515238381175,5.782950642045132,0.10156542197583429,138,137
161,18.874225367634274,0.37864195469130874,5.749488053755567,0.10182403977949345,138,138
162,18.83934389637782,0.3794346609446482,5.718300133170747,0.10243119254511436,138,138
163,18.746236653956327,0.390167078656066,5.684124604053996,0.10310815092954068,137,137
164,18.919567103138153,0.3910515405814178,5.70568060783946,0.10354925041207312,137,137
165,19.01577474956198,0.39156778918799656,5.746234006077565,0.10393988881323946,137,137
166,18.924098967316077,0.3929671819211791,5.681058481675315,0.10436563016060547,137,137
167,18.72922985533795,0.3935833469320844,5.612385045036275,0.10475860039188868,137,137
168,18.612058232427124,0.39335045630418997,5.545066209420087,0.10507485620342308,137,137
169,18.495212802720157,0.3935249899028055,5.472206702115327,0.10529805358712822,137,137
170,18.5643032119546,0.39315866743098266,5.4608364515194845,0.10556641342660113,137,137
171,18.45836836686886,0.3917615390008165,5.453032023723748,0.1058186345958844,137,137
172,18.064387519920523,0.39045635333856543,5.312096617862243,0.10593747392777332,137,137
173,17.71818998291977,0.38874388929018383,5.169639381975849,0.10605058779396505,137,137
174,17.82800090398102,0.38775144579604637,5.166270554345234,0.1062273036012059,137,137
175,17.817173058912456,0.3876216662088598,5.187612302783383,0.10648777532944227,137,137
176,17.627054208884292,0.38766669484496824,5.182744039634704,0.10670303009609979,137,137
177,17.579774252878845,0.38853187308675674,5.161868257747113,0.10690618783561069,137,137
178,17.394896908625245,0.389535871259965,5.081306964606258,0.10710061578575901,137,137
179,17.286419803840193,0.39070336514923665,5.061063966498976,0.10731503680998818,137,137
180,17.343793232489464,0.3921066921849548,5.065841214159154,0.1074219220038161,137,137
181,16.907128562597002,0.39293253492582847,4.879919058717313,0.10748604441504017,137,137
182,16.605293884498348,0.39411176296295647,4.72943869001327,0.10751149974504662,137,137
183,16.76569188130366,0.3948062626925967,4.767724656935839,0.10755335293911529,137,137
184,16.691930050279193,0.3947475363642715,4.703178355332654,0.10754412029876627,137,137
185,16.74987129750128,0.39485470341298234,4.711982475266223,0.10752548302810205,137,137
186,16.7927547937044,0.39536610681810375,4.723584745857819,0.10756356448863624,137,137
187,16.482668964769182,0.3946602341976577,4.622927926125985,0.10750848012710532,137,137
188,16.067859299645107,0.39382178772243703,4.4652534786286004,0.10741081653086848,137,137
189,16.288607322034302,0.39273339524666273,4.556120448263547,0.1072433166281855,137,137
190,16.163101823526844,0.39249572141332306,4.543881831157408,0.10704426107239089,137,137
191,16.1489836089929,0.3925700806911788,4.544147069342523,0.10700255833088446,137,137
192,16.23195245299505,0.39346649433207964,4.540373782899022,0.10703946885106362,137,137
193,16.249084949559634,0.39508095948441163,4.541085046936435,0.10720682497881505,137,137
194,16.467647479511466,0.3970653278407313,4.555810419134222,0.10736553183078051,137,137
195,16.33962755967966,0.3989230731919058,4.490604333463066,0.10754593231461569,137,137
196,16.06496071183972,0.40054730938710104,4.4321734979716405,0.10772552620136544,137,137
197,15.786064883175033,0.40184894294597473,4.376447810747042,0.10789063181791093,137,137
198,15.807447347250486,0.4041369076285854,4.342297047387352,0.10815455502837154,137,137
199,15.682206650309011,0.40707224573288414,4.303027156478724,0.10836457903339503,137,137
200,15.605188366763313,0.4088516647804407,4.264124846135247,0.10850432415660179,137,137
201,15.64167001679925,0.41055096293557486,4.231013090032561,0.10880890854952234,137,137
202,15.56751481024297,0.4121780362965468,4.200970374549669,0.10914656766567955,137,137
203,15.368333953610044,0.41275349116793886,4.120294997567112,0.10935633609406456,137,137
204,15.357109727133755,0.41367993157811866,4.087179844037812,0.10950374130448291,137,137
205,15.227007959701675,0.4145057963150963,4.029105439595884,0.10979388443986418,137,137
206,15.174036489351078,0.41573003482399257,4.033722870163987,0.11012443964847196,137,137
207,15.062922427452573,0.4163981208157148,4.017376074411813,0.1104352168570435,138,137
208,15.02149772961469,0.4161488326568885,4.019891053344842,0.11075510425204112,138,137
209,14.905739120748892,0.4164098386576364,3.9923062801956943,0.11103866964256427,138,137
210,14.800352568227375,0.4168486431682237,3.9627351649335862,0.11135449893988592,138,137
211,14.541712096733752,0.41681489447883013,3.9165794192819754,0.11178908249547771,138,137
212,14.413891152093829,0.41728835345232074,3.8920986258614274,0.11232846890454222,138,137
213,14.3364263379179,0.41774880055891883,3.84514017368007,0.1128590528249974,138,137
214,14.799589342030274,0.41881197647900414,3.9048022324098404,0.1135100421021353,138,137
215,14.89178878991969,0.4201861738784043,3.9002831077389883,0.1140870091886718,138,137
216,14.019760500594096,0.4216039808214705,3.742117374344127,0.11469586815836962,138,137
217,14.0169020778763,0.4294671617563086,3.7316549086873034,0.1145553729158682,138,138
218,13.89767300998809,0.42962477926836945,3.7026534901554222,0.1148204669584947,138,138
219,13.755418420015658,0.4300398086278654,3.6750554714373918,0.11525279424268585,138,138
220,13.771975012179974,0.4298343849441214,3.6643532159046335,0.11546975899136724,138,138
221,13.695250336386064,0.4290933383768486,3.6379565022237186,0.11563731516397634,138,138
222,13.649962308998182,0.42834978092632,3.6163159156750475,0.1158845776930446,138,138
223,13.520891185488532,0.4276122898122982,3.574028348652056,0.11612083546433262,138,138
224,13.478089360054947,0.4271597420397577,3.555079776688344,0.11644223877934988,138,138
225,13.448393577041696,0.42638797334698025,3.54332050949887,0.11669372575034168,138,138
226,13.51544085783348,0.42523278924949093,3.5892097666630076,0.11717347232854577,138,138
227,13.324795396629625,0.4250117008255835,3.5478951430755026,0.1175605261554315,138,138
228,13.219108827545234,0.42444271969824343,3.530593558577595,0.11792396069028009,138,138
229,13.192918895749798,0.4237117552745955,3.53178169127398,0.11815705523459681,138,138
230,13.007073068955455,0.4225087768001535,3.5071681198200273,0.11843377681924903,138,138
231,12.961864825846465,0.4223381719074684,3.518280825170498,0.11867020891697229,138,138
232,12.941427887785656,0.42194312412259605,3.536667836127598,0.11890008001268866,138,138
233,12.96494077399806,0.4211945493892536,3.530494459387225,0.1189501144205269,138,138
234,12.896523264084532,0.42012523860644285,3.523778604487289,0.11907557669535948,138,138
235,12.798157606899613,0.41824810095599846,3.4965115183351734,0.11901912498754816,138,138
236,12.75222808393077,0.41618549665689275,3.4970120158391738,0.11888630431616574,138,138
237,12.59202986723497,0.41426657544208095,3.439256865352403,0.11885638241059987,138,138
238,12.544199543563938,0.41074760276007805,3.402944375640843,0.11842219171506115,138,138
239,12.535864661531368,0.40783266222001285,3.3626658047832905,0.11812390045511582,138,138
240,12.236921859019738,0.40462595778480825,3.265296100485776,0.11800898477055533,138,138
241,12.209199150150118,0.40177515215410736,3.283959669944162,0.11790248193995106,138,138
242,12.227245508476479,0.39876254353039553,3.292435936342535,0.11772434278372987,138,138
243,12.187604261226541,0.3958376381802727,3.294167608725109,0.11748171476424571,138,138
244,12.07790495615663,0.39381651893285874,3.246062126343198,0.11725405137593341,138,138
245,12.028123579942562,0.3912138262572689,3.225591887461595,0.11712662921958047,138,138
246,11.986354395262746,0.3883887244185098,3.2145872043885944,0.11694549422279063,138,138
247,11.961290343850028,0.3867049052607402,3.2127125130052767,0.11664569593033945,138,138
248,11.909486292473977,0.3859412095413183,3.174961905666365,0.1163456944438334,138,138
249,11.872705495302073,0.38497974962228915,3.157445695783625,0.11590108719004875,138,138
250,11.854700594103887,0.38417795561562845,3.146244256835347,0.11546959860885685,138,138
251,11.67843093908299,0.3827012236615525,3.1187317836415756,0.11485424963380203,138,138
252,11.564494793731601,0.3806001023127816,3.0966067318277033,0.11426165733587682,138,138
253,11.48015546574221,0.3786847606934492,3.0621257784147176,0.11377366710094186,138,138
254,11.415655890792635,0.3765115129726525,3.0294663150954575,0.11340302780352399,138,138
255,11.366216240013967,0.3745280915603967,3.020046068606043,0.11312949426160952,138,138
256,11.23632750976659,0.3718729243852259,2.9980984461593585,0.11284225952102322,138,138
257,11.220102931763499,0.36996794163933494,2.983696120988129,0.11250621916654689,138,138
258,11.351615671592157,0.3671404856803025,3.0048997490772775,0.11227993356496316,138,138
259,11.4426079824522,0.36333086286665855,3.013499943489515,0.11202131283600003,138,138
260,11.379580169669511,0.35972692352325214,2.989735876248808,0.11186848994225543,138,138
261,11.311784260426265,0.3559169643658183,2.9740601768068657,0.11166013211869318,138,138
262,11.29210439395517,0.35188322694770163,2.955353471889092,0.1115082498735589,138,138
263,11.228577757026782,0.34846417593911694,2.9302358104107786,0.1114265167491327,138,138
264,11.172815467616582,0.3455144316219549,2.904045730093804,0.11157723556995235,138,138
265,11.100297790722983,0.3423852968769984,2.8873635437752583,0.11177267860809857,138,138
266,11.095245332253446,0.33825825437143364,2.8952326135477753,0.11189629695257836,138,138
267,10.940919996480629,0.3337983047095301,2.8477678241732183,0.11179048593106704,138,138
268,10.820232749153014,0.32835474750720967,2.8180860266332495,0.11124995620314075,138,138
269,10.896112472908781,0.32338980897915787,2.8372852057588713,0.11072316617457287,138,138
270,10.882799253889507,0.3185823475398024,2.8314557530219293,0.1101858682378884,138,138
271,10.711779065480885,0.31397652234838364,2.7545302744634066,0.10962348840856141,138,138
272,10.387056392499023,0.309738441348414,2.6152989913827382,0.10900615817616664,138,138
273,10.036389036174862,0.30552625561502317,2.467156493091632,0.10818750823853582,138,138
274,9.91607186290445,0.30221690028437787,2.4566485999732204,0.10745320433939468,138,138
275,9.861884340906066,0.29897859718973596,2.4468893248307397,0.10661048198897166,139,138
276,9.884823169235224,0.29559231264848285,2.464072795111119,0.10584380863460563,139,138
277,10.021267078140408,0.2925196185205852,2.52672991475765,0.1051583147864176,139,138
278,9.76415632741979,0.2891367429816233,2.486497076082631,0.10444429903244204,139,138
279,9.395705061479472,0.2860214866962527,2.400936472442023,0.10369443111969369,139,138
280,9.128483511934094,0.28348987407852005,2.3463846097156966,0.10314551601795746,139,138
281,9.02153141459989,0.28185125854250587,2.326157527575895,0.10265358132595055,139,138
282,9.029380851628666,0.2802015384461275,2.3406794502948,0.10207678660129672,139,138
283,8.986985413547929,0.27921876583664296,2.3701119693064294,0.10163975608782774,139,138
284,8.875325884195933,0.2786468011574833,2.335140162036305,0.10135113689258003,139,138
285,8.899510497933328,0.2778508980311547,2.33338226864954,0.09998810302949837,139,139
286,8.927666092818555,0.2779121038053566,2.339369937572975,0.09922567564454055,139,139
287,8.807113116151818,0.2773131774583088,2.2749171650002844,0.09857277961924218,139,139
288,8.491727793626598,0.2766999461421031,2.232906534124805,0.09792513121248338,139,139
289,8.176720277815178,0.27777655976785465,2.182487085039416,0.09738711580410778,139,139
290,8.124106581213162,0.27863324230862835,2.2004639120789427,0.09687029840173597,139,139
291,8.051650821436564,0.2789317751748768,2.1914258791599472,0.09639574234058473,139,139
292,8.168513239307385,0.27883460721310205,2.2054717629812703,0.09586852843018559,139,139
293,8.132908462345025,0.2784878830449416,2.1925336203611923,0.09503836030379315,139,139
294,8.23308275474093,0.27912729632662897,2.188026797080594,0.0945491432429992,139,139
295,8.236334927184872,0.2801262014219032,2.1905156637116794,0.09403817983559949,139,139
296,8.319983182362238,0.2806056066594564,2.2037863468509284,0.09346416311792673,139,139
297,8.348563574417142,0.28048546666661683,2.220462496940199,0.09281210313888122,139,139
298,8.334842612759443,0.28193855275992397,2.223762557395752,0.09218345327820966,139,139
299,8.332358702347731,0.2831847158723605,2.2168776692570873,0.09162610092809505,139,139
300,8.282171825849199,0.2847462636447666,2.201465775450612,0.09108190244330831,139,139
301,8.233413835085633,0.2857847982015461,2.1916793512441504,0.09049927394423578,139,139
302,8.154349228429096,0.2872759998484837,2.1824030281913576,0.08996785716440399,139,139
303,7.968639094919651,0.28874564186673646,2.1554788555959137,0.08950722747158488,139,139
304,7.829511976750946,0.28966657191288286,2.128641119688224,0.08904928021083582,139,139
305,7.7954084690632275,0.2908402391283438,2.1192320307587473,0.0886603887161562,139,139
306,7.8085011161387925,0.2920102392338118,2.1117655694727895,0.08821606530435219,139,139
307,7.786000373773277,0.293526192981396,2.093565293403857,0.08790940531259717,139,139
308,7.69128716932173,0.2942822664593602,2.0755061219775612,0.08751351278227402,139,139
309,7.7646470546844,0.29469479366203805,2.069517649947323,0.08715769113613539,139,139
310,7.687192617413821,0.2948352760664742,2.0554464642645547,0.08691704065967276,139,139
311,7.678022984207135,0.2950443242891125,2.0474381310811998,0.08663742719876158,139,139
312,7.58151702894478,0.29575528503621346,2.0319725416083476,0.08632838585403306,139,139
313,7.593835596551391,0.2964414300507693,2.0296360555209163,0.08599106147442606,139,139
314,7.672185208579712,0.2971601133178414,2.0434773534280977,0.08553838703552158,139,139
315,7.659144594649266,0.2984490674866954,2.0424390422204555,0.08514643346908507,139,139
316,7.544575664957804,0.29966758521419606,2.032122828033226,0.08480980424987115,139,139
317,7.448773835070222,0.300502453531251,2.026878741564929,0.08446411990678522,139,139
318,7.422609815795162,0.30223853959198455,2.024995464501247,0.08420354465774986,139,139
319,7.432595901836847,0.3037266086986599,2.031258235766904,0.0839492170392116,139,139
320,7.451594235287916,0.3044438331966945,2.034348074193916,0.0836129026798162,139,139
321,7.486577858887383,0.30498106703394395,2.0339461228429507,0.08330573925674133,139,139
322,7.371305616861478,0.3052915799266774,2.0129849084164757,0.08293742262466358,139,139
323,7.388896998108547,0.305099960472453,2.0114760104771494,0.08258729487798086,139,139
324,7.278389331366174,0.3038954813063455,1.990122276702225,0.08225146485480693,139,139
325,7.242096243343628,0.3029958706760088,1.99523562167476,0.08185072931414077,139,139
326,7.35561261922991,0.3029582715714654,1.9962496624395043,0.0815230866771303,139,139
327,7.315266323761309,0.3025148207988192,1.9855314591721076,0.08128186284461904,139,139
328,7.1672850882731245,0.3024213739375328,1.9662759237875524,0.08128565517069182,139,139
329,7.15500511930397,0.3028321816907287,1.9598952948916912,0.0813009356557169,139,139
330,7.194204296053831,0.30394132509100336,1.9569847668373683,0.08138736666811784,139,139
331,7.098848704958053,0.30528189657276716,1.9468516878835558,0.08150438372045703,139,139
332,7.237672527283586,0.3058463392452536,1.9723674561582833,0.08154176529486401,139,139
333,7.295967563058373,0.3048987943538425,1.9862287603506967,0.08153360611937932,139,139
334,7.277855570806175,0.3036130549161366,1.9726420971047258,0.08156637868868889,139,139
335,7.303465866550332,0.30355962724172575,1.9830964424441229,0.08168215026824557,139,139
336,7.304543919609755,0.303221962035747,1.9931124533434343,0.08173995999373208,139,139
337,7.234101585002004,0.3028237958568798,1.9690533003809936,0.08178906643677748,139,139
338,7.253461596673066,0.3032286973953123,1.9490913754743178,0.08195154517355975,139,139
339,7.144200001913831,0.3035515842064805,1.9384724058487737,0.08217037888939902,139,139
340,7.08503340772372,0.30388436674394337,1.9225193343270623,0.08241015167872301,139,139
341,7.068389211503279,0.3033676876405081,1.9149958102702107,0.08261767798906407,139,139
342,7.058575153475641,0.3026230739554429,1.9148229705299522,0.08286505671200774,139,139
343,7.0506488372167775,0.30166645405023823,1.9098281408578321,0.08314799907012888,139,139
344,7.02093330822951,0.30002954122520464,1.9047179900682043,0.08335458106423518,139,139
345,6.921389140919749,0.2998768169815241,1.885565592643502,0.08373260845003311,139,139
346,6.890933540816744,0.2997195298302804,1.8790194586154487,0.08409030758991828,139,139
347,6.903360543969851,0.29976913379800535,1.8880754833953084,0.08451739472259436,139,139
348,6.876829356219906,0.30005786429828324,1.8911873330635736,0.08496151892882478,139,139
349,6.865508231501915,0.2989288648776177,1.8848600609952164,0.08532307136147108,139,139
350,6.804399883808364,0.29750855506772206,1.8770721340813992,0.08573549934005953,139,139
351,6.720586689791321,0.29585673835784976,1.8658590942581892,0.08620253260162246,139,139
352,6.692450402494542,0.2947562101201013,1.857925954503502,0.08667549183710108,139,139
353,6.650857428512984,0.293918897806663,1.8573939710580847,0.08719506636901637,139,139
354,6.590495867370451,0.29245185927521083,1.8480683379008902,0.08769710012374732,139,139
355,6.507613644276365,0.29028658180170636,1.8256520975690436,0.08824453718118203,139,139
356,6.45753812449132,0.2884482924319213,1.813814294555627,0.0887882129132198,139,139
357,6.394455710202054,0.2876784793140125,1.798614025008499,0.0892694992568356,139,139
358,6.327611868956165,0.2859205619295693,1.789735348806863,0.08963858650181494,139,139
359,6.39570779177343,0.2842575181960855,1.7889561396822826,0.08998916804111028,139,139
360,6.449975090672936,0.28264043135543276,1.7847406415178833,0.0904301731826714,139,139
361,6.469888693035205,0.28057984160988064,1.7918033848401462,0.09072066291882987,139,139
362,6.465632211851779,0.27826590739898915,1.765584135510358,0.09093963287094524,139,139
363,6.422909112807076,0.2761284085549007,1.742246563251017,0.09112891090768357,139,139
364,6.402966650636665,0.27348840921538636,1.7484520074151941,0.09131108901170987,139,139
365,6.358176232776244,0.2708472915703927,1.7493889424017328,0.0913904812206248,139,139
366,6.3348268080578345,0.26873401146036974,1.7379598323694327,0.09150698515691322,139,139
367,6.281304378422605,0.26582883549310155,1.7231379825859225,0.09168830521696548,139,139
368,6.159924196026837,0.2632351338376561,1.7030920718518845,0.09183376356123288,139,139
369,6.089471377985926,0.26099857467400867,1.693876924498281,0.09200810505454676,139,139
370,5.993067616613079,0.25866065097157437,1.6835165541893036,0.09202489320573316,139,139
371,5.993893777701275,0.2567684559083844,1.6774857012433897,0.09200067849527187,139,139
372,6.005411721172002,0.25469139846838285,1.672833545557847,0.09197175026122027,139,139
373,5.898126350816564,0.2518654295171805,1.659182784959245,0.0919554980631847,139,139
374,5.913831010899413,0.24900591713109485,1.6547089898319212,0.09187274464575507,139,139
375,5.945935482385803,0.2459540299310788,1.6488421375821083,0.09170104084034264,139,139
376,5.951630290850522,0.24354709373537065,1.6662802789103908,0.09156342350830098,139,139
377,5.975473160281814,0.2415537622485055,1.6764040125954813,0.09144350448575632,139,139
378,5.980255634935805,0.2396815834667122,1.6707931091666448,0.09136003527529138,139,139
379,5.96974154510005,0.23793582540778693,1.681480334693301,0.0912642507849195,139,139
380,5.9244937890846945,0.23605266698146782,1.6739701107007554,0.09116842631905407,139,139
381,5.921883748033678,0.2352144948746065,1.665122408759306,0.09104151980904475,139,139
382,5.947910966478804,0.23453569389929524,1.657648579412741,0.09085199718663983,139,139
383,6.3408329248928075,0.23412467864626635,1.71371420418559,0.09070255554942737,139,139
384,6.4467315922377,0.23483639579983254,1.7501428247443127,0.09057316922176381,139,139
385,6.4553299718844706,0.23551325870651973,1.7664885973530795,0.09040424948316678,139,139
386,6.305729690929798,0.236489607611621,1.7247298950214778,0.09024055039702615,139,139
387,6.438744368704172,0.23761812913773978,1.763128098213352,0.0900886581123609,139,139
388,6.3845115493906395,0.23932219993437226,1.7552607104393714,0.08985670704426703,139,139
389,6.211675299538776,0.23955240363870164,1.703607913661348,0.08944474845841635,139,139
390,6.161928001620322,0.23957176943579894,1.6887364778925484,0.089135408910594,139,139
391,6.022287496237567,0.24003493539657858,1.631586660971436,0.08881440546430529,139,139
392,6.03177509023667,0.2404937200737021,1.6288095567648258,0.0885055123367272,139,139
393,5.945602330833515,0.24155369903671095,1.6121469367240873,0.0881565801527759,139,139
394,5.883359139223972,0.24325569637934896,1.5986896379020614,0.08784590208140822,139,139
395,5.821025076124617,0.24331715267702916,1.586060546492561,0.0876243731676471,139,139
396,5.796959780391991,0.24377597338253637,1.5758217578851172,0.08740648739900966,139,139
397,5.759945230256414,0.24383264117616368,1.556893744540589,0.08713967267419843,139,139
398,5.734031284829013,0.24244186029662584,1.5450410270531543,0.08689910352776271,139,139
399,5.646913916900066,0.24119764866590335,1.5080088970540375,0.08668311690871477,139,139
400,5.547832045627379,0.23781259511487748,1.4842449500668102,0.08627240436927133,139,139
401,5.534126839694464,0.2349221284678283,1.4875594047445224,0.08590510900788306,139,139
402,5.568556607525149,0.23208882303608014,1.5111213892257405,0.08551680833969925,139,139
403,5.460353226998879,0.22969861059433488,1.4616180337355646,0.08525508091165429,139,139
404,5.395768990181996,0.22772348210495827,1.4311054544060482,0.08506398374998278,139,139
405,5.43689481230298,0.2252337581514821,1.4456942365425376,0.0849646054956941,139,139
406,5.327348531603346,0.22294745037688093,1.44369524396828,0.08494570765422868,139,139
407,5.247334565342642,0.22023611498786896,1.4316256471062403,0.08494272057105882,139,139
408,5.22669900211635,0.21759029955951736,1.4265560715241439,0.08489016698443305,139,139
409,5.15659768311511,0.21479214366706684,1.4122626147103143,0.08477768360447197,139,139
410,5.087571656160196,0.21178395002455433,1.4063369786246749,0.08442161876361362,139,139
411,5.046814715701096,0.2085326341525706,1.398338901687564,0.08381933200890423,139,139
412,5.014876045716027,0.20612311232670064,1.3849951713143756,0.08326465349963322,139,139
413,5.046574682204969,0.20443360386739348,1.3968958417822135,0.08271175983834506,139,139
414,5.0161190903863595,0.2026427483658815,1.390742250053597,0.08216354436921539,139,139
415,5.050668500562786,0.20042883397873976,1.3958386102054114,0.08149553122697559,139,139
416,5.099803593658881,0.198208426008144,1.4104583339652108,0.08088937008552884,139,139
417,5.091339648424501,0.19464011377696724,1.3973162625966433,0.08027729063675638,139,139
418,4.991758578500437,0.19209206231495024,1.3796578152645314,0.07977660555110717,139,139
419,5.042510845754387,0.19013733206619918,1.411197742229499,0.07933306353924405,139,139
420,5.066861681360439,0.1882654217625332,1.4100353128457788,0.07892766563016562,139,139
421,5.0595087097179405,0.18674039817189056,1.4035338151728114,0.07848646975802466,139,139
422,5.110322689879889,0.18551636372581248,1.4309823216536393,0.07822336142588864,139,139
423,5.132955563568513,0.18479741378998044,1.4310824594092393,0.07801345344287859,139,139
424,5.053655238416292,0.18374475858648393,1.4077963574676495,0.07777476696535128,139,139
425,4.969495890753378,0.18320868936607618,1.3855963410684884,0.07759483783357406,139,139
426,4.911580491561691,0.183362080478862,1.3653714377136943,0.07752057770243646,139,139
427,4.893748284196346,0.18278070024618592,1.3555685692346855,0.07736190350352341,139,139
428,4.88618178810307,0.1812189728818286,1.3635398146413285,0.07716474666162836,139,139
429,4.856875287126736,0.17952162475635688,1.3641943402642829,0.07695582141345599,139,139
430,4.804468199709081,0.17799241580608494,1.3473965216225043,0.07679662371203722,139,139
431,4.759062950467364,0.17538004207731206,1.321626323473653,0.07663101115184193,139,139
432,4.775009383534946,0.17241524196858743,1.3201843230257324,0.0764945375450713,139,139
433,4.723443343776987,0.16949025518603877,1.3121987554893133,0.0763776553276887,139,139
434,4.7179780797356115,0.16649434703922442,1.3195327881103724,0.0760544581070227,139,139
435,4.674902957740337,0.16336343599636077,1.2990788459098108,0.07569628131607997,139,139
436,4.663539062916846,0.16020982043472012,1.3004600715869654,0.07531049687746387,139,139
437,4.634236760100389,0.15629752181975404,1.303172988144737,0.07500102380511656,139,139
438,4.572158764974564,0.15266820632640166,1.2780071446324481,0.0746726914945633,139,139
439,4.341014906618848,0.14850266201604134,1.1872762380924924,0.07427852182306918,139,139
440,4.500029507437863,0.14507654005560536,1.246541579309956,0.07394625445987583,139,139
441,4.468003038857287,0.1411572937343245,1.2477542097298195,0.07366566386497639,139,139
442,4.406636583844225,0.1374877138825625,1.2261936916938012,0.07345188726791008,139,139
443,4.290943493607409,0.1340778617595978,1.1727870427480107,0.07335651197078792,139,139
444,4.360036488804962,0.13021479265943656,1.2006330809915917,0.07322527747515353,139,139
445,4.4218342066520435,0.1271113969362814,1.221069908673232,0.07316293237363815,139,139
446,4.483235100376884,0.12369019640976306,1.247233811378939,0.07312551501781332,139,139
447,4.416546518753775,0.1206594646720244,1.2176589451022781,0.07310581283187875,139,139
448,4.337388947135506,0.117600856603494,1.2008891951747735,0.07313792858922415,139,139
449,4.263159453460171,0.11548215505751883,1.1920498642620734,0.0732845781146898,139,139
450,4.26235986029541,0.1133917552525773,1.1974204312980818,0.0733667565039645,139,139
451,4.259439637550214,0.11167305231970764,1.2003588090322093,0.07348895438457885,139,139
452,4.139430551993425,0.11002061311350249,1.161685033710151,0.07363503688777713,139,139
453,4.053446769099419,0.1088303295817012,1.1427984452872495,0.07372488492226774,139,139
454,4.0273754071472725,0.10757701545289357,1.134291731915852,0.07379588053907933,139,139
455,3.980117124530977,0.10678798585920936,1.1342280640530982,0.07392808020967066,139,139
456,3.9478310699744608,0.10522584454125133,1.1288286797550693,0.07406348569893761,139,139
457,3.992594457441669,0.10452180544319949,1.130571368409408,0.07422809318925175,139,139
458,3.9962914264583675,0.10359002299503386,1.1278967772788897,0.07435061809000602,139,139
459,4.020125904624217,0.1019854475576045,1.130165898045,0.07452736982231188,139,139
460,3.9968117188793935,0.10181358645413388,1.1234594697749198,0.07466747402731257,139,139
461,3.9580188683563513,0.10111187491153129,1.096885564955978,0.07473012408766595,139,139
462,4.003437854106989,0.10143100363313516,1.0988067086699989,0.07485717926115777,139,139
463,3.993143236147189,0.10165307913136662,1.0932224586567705,0.0750085823955894,139,139
464,3.9726642050777463,0.10167964034955201,1.096581926327421,0.0751677233067452,139,139
465,3.97960848256839,0.1021516225141739,1.1008480963196163,0.07535819476506629,139,139
466,3.9879540498083506,0.10185780089095507,1.1034820886606074,0.07562803821788175,139,139
467,3.9466291799082516,0.10197674726833823,1.106945428727825,0.07584115036117141,139,139
468,3.9408260604097722,0.1021229766984158,1.1066608805108362,0.07608852707936004,139,139
469,3.880161990279454,0.10257691571599963,1.0925179178135982,0.07632941492343123,139,139
470,3.9143564186258826,0.10486221391100498,1.1055417650801205,0.07661234304290619,139,139
471,3.8711693072138167,0.10771485470405161,1.0975804682868844,0.07691344625594498,139,139
472,3.8332840335918497,0.10911521826567208,1.0955577018315992,0.07710277085809467,139,139
473,3.870729054049812,0.11034447558299929,1.09833574696455,0.07736488130393511,139,139
474,3.932081235330272,0.11191562019160685,1.1060300354156964,0.07774242932076757,139,139
475,4.021295360659191,0.11409885625764336,1.1269055220972193,0.07818828801063332,139,139
476,4.00482925919038,0.11526094383819824,1.1316020849441668,0.07861817500027851,139,139
477,3.974147271891303,0.11677630882093942,1.1380549157884585,0.07909855087664111,139,139
478,3.9675070335538645,0.11778891598783692,1.1391426577289847,0.0794892778539553,139,139
479,3.9030941473844867,0.11808347082139349,1.1248024235311573,0.07986779851605713,139,139
480,3.8401359376584585,0.11870035829597446,1.1075130006271057,0.08033745644943899,139,139
481,3.8497947830036856,0.1191449329442523,1.102410043769131,0.08082451304475602,139,139
482,3.9096076092370167,0.12013066715891091,1.111161695802988,0.08184774825961232,138,138
483,3.9130274143884862,0.11870288690750487,1.1157526330563297,0.0821816086349986,138,138
484,3.933707900398739,0.11779207316222166,1.1205048430170792,0.082559086526092,138,138
485,3.924209875439306,0.11615289319922328,1.1239695186104064,0.08285656591803807,138,138
486,3.865954794280719,0.11407237093104046,1.1189248883265592,0.08319509487106144,138,138
487,3.8553062670794125,0.1121659841958734,1.1186923601219376,0.08337286092207864,138,138
488,3.831251931741588,0.11026316856975243,1.1137834038292636,0.08355940947539141,138,138
489,3.829949568176328,0.10851359999111011,1.1080966189963612,0.08371094349359746,138,138
490,3.85570278640761,0.10623596004162313,1.1080845334979632,0.08386226724846049,138,138
491,3.8380047218127293,0.10367669856704236,1.0990830005657375,0.08399666804959482,138,138
492,3.8093226088926952,0.10186945643678572,1.095866689329026,0.08407020101280317,138,138
493,3.7718163428505145,0.10024347952832938,1.0901836243317062,0.08414449056815047,138,138
494,3.714930909436745,0.09824847447402094,1.0804302777520745,0.08416364426872348,138,138
495,3.722961331542491,0.09658086969354722,1.080750567249539,0.08411118630803706,138,138
496,3.7374958808488703,0.0958483621263628,1.0841546633201757,0.08402576463886817,138,138
497,3.7217279046437426,0.09538793761010583,1.0824824273617062,0.0840658526377235,138,138
498,3.655676088981603,0.09501982649344098,1.0561772086670471,0.08405297336420436,138,138
499,3.6514962188349824,0.0956685030346772,1.0551389741979653,0.08419376040180153,138,138
500,3.6525797439148,0.09588241275502415,1.0697293556390637,0.08417540720861798,138,138
501,3.6006222063769457,0.09546218669129884,1.0631329873112858,0.0840683826530464,138,138
502,3.541950751484857,0.09446828940597995,1.0495190060659028,0.08399400962224202,138,138
503,3.546431378002106,0.0936142354198959,1.0425347429326979,0.08398506149717995,138,138
504,3.5303364765516725,0.09250933822398255,1.0369874253772444,0.08392209378266387,138,138
505,3.5364090143786355,0.09076718484445959,1.0439740154070698,0.08390549465237782,138,138
506,3.5579299879441306,0.08865536640467983,1.0495622691039592,0.0838356737225321,138,138
507,3.5829505327420663,0.08721652736358836,1.0388535349490797,0.08376642874062162,138,138
508,3.5476171058660113,0.08499304945417938,1.0308800287853364,0.08369656722097779,138,138
509,3.467114769358681,0.08238494024485524,1.02191801089277,0.08351120822045756,138,138
510,3.5288307416026354,0.07929454507191594,1.044564523816042,0.08340930867073844,138,138
511,3.5573572866671705,0.07698641203813518,1.0480244783596595,0.08316737320172386,138,138
512,3.5395898269141357,0.07489547406522344,1.048014777648016,0.08292870638658659,138,138
513,3.5493902591867608,0.0731879502651373,1.0499357126164672,0.0828602786688828,138,138
514,3.5310967507240716,0.07110763301272714,1.0453881361651898,0.0828030943873239,138,138
515,3.55469524406664,0.06826953313251917,1.0523064380288099,0.08274631487823604,138,138
516,3.538779869593256,0.0662383701070982,1.0485800885597336,0.08268038679059597,138,138
517,3.4696640771775518,0.06348065593365472,1.018567761933366,0.0822015746941929,138,138
518,3.409135433108668,0.06159530214950289,0.9869323975911337,0.08179947149329175,138,138
519,3.388267776589959,0.060653954043155656,0.9748901032568895,0.08147675461592312,138,138
520,3.291640677505676,0.05944234873821799,0.9374470040257268,0.08113014866016936,138,138
521,3.302564347996721,0.05827325836728819,0.9554015666261393,0.08078136009868044,138,138
522,3.3764419360141282,0.05646479982802703,0.990937302060492,0.080545685038522,138,138
523,3.303956891400469,0.05433960301282031,0.979517983988901,0.08025004070500312,138,138
524,3.321599198659913,0.05214891685273347,0.9851674658403492,0.08000126283980596,138,138
525,3.3931157384199184,0.049221843727212944,1.0032147668885325,0.07973235343446616,138,138
526,3.3599135960647466,0.04718381296201472,0.9887205425315256,0.0795850580315407,138,138
527,3.2991685514483406,0.04530033332276582,0.9750203921065871,0.07974105145043642,138,138
528,3.2771581866170982,0.04398771400764224,0.969516415608007,0.07983691995525892,138,138
529,3.218880469592505,0.04327639155655487,0.966150960435643,0.07985861761436883,138,138
530,3.20580997859983,0.04191021900520353,0.9758080630819049,0.07972197833095938,138,138
531,3.2015197980451386,0.039807075966059494,0.93903422407436,0.0795908735761915,138,138
532,3.2259318712464875,0.03793018632354239,0.939114319537143,0.07952347892892346,138,138
533,3.2478065445187334,0.036136197114020926,0.9386813516708367,0.07947403098885458,138,138
534,3.2174091663736517,0.034172161335723365,0.9321910132189558,0.0793680258565826,138,138
535,3.259300622198345,0.029464065343504802,0.9408120939904154,0.07990008711442882,137,137
536,3.130299173753382,0.028203949281019235,0.9118151537973083,0.08001266129209801,137,137
537,3.143855816005609,0.026578782801649953,0.9290079914376813,0.07991128064832793,137,137
538,3.078367603283509,0.024597243281466435,0.9086966045270349,0.07975141777540838,137,137
539,3.137406361628923,0.022623356919513022,0.9240239297256342,0.07973652376446101,137,137
540,3.1392838843591635,0.020296770825546415,0.9150565436594608,0.07968626159325674,137,137
541,3.171212846145098,0.018324820744629242,0.9266022260581419,0.07959469752892881,137,137
542,3.186133937541001,0.01689569149635764,0.9198609324372858,0.07952696941428496,137,137
543,3.190086397568141,0.01586180436826918,0.9269124212799293,0.07947471305861646,137,137
544,3.1577586503668607,0.01454043222298931,0.912468655575404,0.07942931277156852,137,137
545,3.122497716165931,0.013704339304989916,0.9074616251081354,0.07952654870446377,137,137
546,3.1607594384273465,0.012081696639852993,0.8902162301599436,0.07951817974112595,137,137
547,3.182995815670536,0.012172593749857371,0.8954326396900775,0.07973604419545859,137,137
548,3.1974814524042383,0.012958377159222368,0.8921219216723927,0.08009867523724319,137,137
549,3.2428772819371705,0.013858108240756624,0.9029697418928508,0.08030345614297801,137,137
550,3.2813886020668157,0.015190303538888115,0.9181366746218078,0.0804493427489399,136,137
551,3.287462623762668,0.023463192867087864,0.915912100571982,0.08104301105774832,136,136
552,3.2429607474510425,0.026066644268428963,0.9096886446917217,0.081312588621239,136,136
553,3.2215191027982364,0.02912974249417502,0.908194692223979,0.08168858001828068,136,136
554,3.1495899972907617,0.0316158922577455,0.9025813456009686,0.08194036645591192,136,136
555,3.1076890590792363,0.034285900216900596,0.8938173171349334,0.0821636198294147,136,136
556,3.133658703174409,0.036285976495424636,0.8963640862141723,0.08230584386049732,136,136
557,3.0981456866927566,0.03765422616410126,0.8848775608995201,0.08249859723051563,136,136
558,3.093341886944346,0.03853919872649977,0.8774644816173763,0.08265785237615088,136,136
559,3.117556415391926,0.03925831739306651,0.8804564770531831,0.08284363486479533,136,136
560,3.069022158207312,0.040273131895602665,0.8672422623485601,0.08300671240642676,136,136
561,3.021874517930451,0.041222871238128754,0.8509763211270087,0.08318370427018867,136,136
562,3.0134418120047988,0.04260389204366418,0.850784296871837,0.08330787660468625,136,136
563,2.9955635419571682,0.04401682259909496,0.8463273000120147,0.08341344194716507,136,136
564,2.974093966303272,0.0452628659432062,0.8489343069126917,0.08356832776397612,136,136
565,3.01233741642898,0.04657998504223096,0.8579610440732156,0.08374900504127653,136,136
566,2.9934355463645144,0.04864717612511186,0.8526451232174835,0.08400336101456334,136,136
567,3.0101948520494766,0.04975012543751653,0.8541615974845562,0.08423110235902274,136,136
568,3.0011166158578915,0.051061049888902074,0.8537458990278718,0.08447168130848727,136,136
569,2.958990649431247,0.05188741030303862,0.8517138312721106,0.08474546288908448,136,136
570,2.860301070711838,0.05321559348157784,0.8406011425163062,0.0851904762280213,136,136
571,2.8365903517674145,0.053681701611589236,0.8367518011618683,0.08547344219650913,136,136
572,2.8590966773853443,0.05355861181381528,0.8362188637169191,0.08565891571190128,136,136
573,2.914900220982294,0.05289563708799827,0.8434808962248306,0.0856708576918126,136,136
574,2.9159686052354523,0.05312063914915565,0.8369047390327409,0.08575426171797294,136,136
575,2.8719927520231705,0.05319787707807566,0.8280152170371335,0.0858016018555049,136,136
576,2.854978395792318,0.05198896328253903,0.8228475390057367,0.08591722724279559,136,136
577,2.861186328986598,0.05205724630834001,0.8173889882342148,0.08607334524172172,136,136
578,2.819067617793133,0.05272494864390361,0.8098388760716744,0.08620079295813422,135,136
579,2.7945581701921363,0.056307479586586676,0.8116617009285946,0.08693614699239485,135,135
580,2.800122878897126,0.05693846629897413,0.8065841869760045,0.08711675963913397,135,135
581,2.772405817447099,0.05678313632861969,0.7972461993749561,0.08725867600948639,135,135
582,2.777489729501519,0.0574832465099181,0.7973320959700905,0.08738620193333277,135,135
583,2.811375452743585,0.058501725258664865,0.7991873902974014,0.08742851776965982,135,135
584,2.800194341386052,0.05977314593968271,0.7940709480647382,0.0873958093371558,135,135
585,2.7580317980130857,0.0616631248428068,0.7864070789135513,0.08735716581401805,135,135
586,2.7361541762878194,0.06284322425290169,0.7851442878051582,0.08711157240252226,134,135
587,2.6777638116853124,0.06658571657500188,0.7776115221033315,0.08739296880607407,134,134
588,2.6154003420285394,0.0672514629099247,0.7670439330387592,0.08697041374987174,134,134
589,2.590555690021473,0.0678836492299937,0.7635888222066731,0.08661573517288239,134,134
590,2.6164526167510296,0.06829516466764521,0.7672474334758412,0.08620419528289848,134,134
591,2.513658130685081,0.06946436070480747,0.7503854208866404,0.08578885192359118,134,134
592,2.4671554844872667,0.07154880431441722,0.7557371241710309,0.08528868842544833,134,134
593,2.4616356315163297,0.07301913092995378,0.749716838685262,0.08479588772574345,134,134
594,2.466315594993786,0.07349918038860315,0.7503349145703085,0.0842717825634695,134,134
595,2.4748837709757137,0.07489198647775955,0.7479129203545971,0.08370005935764495,134,134
596,2.44007874440143,0.07667819169707245,0.747285328984692,0.08315416837395369,134,134
597,2.3902212161197713,0.07879337125697064,0.728929472545674,0.08276569217872035,134,134
598,2.3738127292574456,0.08059786678569394,0.7299555678188994,0.08245376837563917,134,134
599,2.3530752160791812,0.08220770998941945,0.72945646999388,0.08218117408083787,134,134
600,2.363370480564755,0.08447502439610162,0.7317988587099078,0.08199435633591387,134,134
601,2.365853166358098,0.08593041726912763,0.7283889000896828,0.08172318967972886,134,134
602,2.3830036435939395,0.08698418932871595,0.7240182318805366,0.08154708055985842,134,134
603,2.6008562455586444,0.08852150726902092,0.784632437748585,0.08135774596579674,134,134
604,2.354848969093552,0.0904863901145171,0.7179981124883476,0.0811411658397388,134,134
605,2.299784013643824,0.09306502838128405,0.712462606181216,0.08097962483785508,134,134
606,2.2953029423601885,0.0951762652339415,0.7132450210649095,0.08076058349534379,134,134
607,2.306034762793136,0.09712516711877954,0.7043385948992471,0.08066371121361508,134,134
608,2.2902974170989885,0.09962800536958552,0.6973283294642946,0.08048185182650686,134,134
609,2.293657270446004,0.1014326652010861,0.7046840391429422,0.08022484395258614,134,134
610,2.2674874765460067,0.10289190677922538,0.7025048270616351,0.07994709813324828,134,134
611,2.2318307674349227,0.10430000684845346,0.7029875500694454,0.07979817562843809,134,134
612,2.2281027890946437,0.10522090903224383,0.69090139024284,0.07963688187877224,134,134
613,2.188054308998508,0.10584758915982609,0.6823452690780732,0.07955908818932106,134,134
614,2.155913561448084,0.10708638183776183,0.6793041013128114,0.07950251249143017,134,134
615,2.1341602143504788,0.10758436246776426,0.6725220637206326,0.07932534023689834,134,134
616,2.1485411553229135,0.10788225579597381,0.677676653815908,0.0792278313405166,134,134
617,2.1582842441119165,0.10856999007880638,0.685116535491015,0.07913112520901773,134,134
618,2.1936608701182436,0.10967097364371772,0.6935769104260017,0.07894817484928314,134,134
619,2.2021787259791403,0.11126057038875142,0.6921856731512251,0.07882367739748887,134,134
620,2.1566204350934273,0.11317718066059311,0.6858004753154142,0.07870720669163668,134,134
621,2.175599001026797,0.11548056791641649,0.6926496725958657,0.07860657429333053,134,134
622,2.1996276037020874,0.11800950109416998,0.6959050157187502,0.07860040398834847,134,134
623,2.192601172023389,0.11992865939404344,0.6944305254173827,0.07867776159573127,134,134
624,2.1446461423450307,0.12248561513122583,0.6811513424780546,0.078834737539724,134,134
625,2.1489901891603846,0.12529775150394365,0.6838027031085777,0.07900027944342586,134,134
626,2.162945228242244,0.12775699408700797,0.6815354230952803,0.07916854263336046,134,134
627,2.185789809357019,0.1306596639642863,0.6816816032445902,0.07938559413466788,134,134
628,2.2212764026878413,0.13335946379516325,0.688144288312316,0.07964439813035107,134,134
629,2.208975625242842,0.13676831786626256,0.6821397819024791,0.07987546099285761,134,134
630,2.220293208258108,0.13991530047790376,0.6796337475108318,0.0802557626463633,134,134
631,2.187926526916269,0.14299645560310276,0.6772106065030791,0.0806121302386453,134,134
632,2.1748635893754593,0.14631987082405903,0.6759964002003388,0.08104173646322409,134,134
633,2.1570378324219583,0.14952036120976775,0.6786197933593038,0.08133669223992657,134,134
634,2.1804455335136312,0.15194401714548036,0.6812857411741043,0.08173316163829825,134,134
635,2.180739487695067,0.15507352250374887,0.6780866535424969,0.08210761005014619,134,134
636,2.172179310308285,0.1595394260254595,0.6787856289191849,0.08263725640758576,134,134
637,2.1873339323833285,0.16395975917704333,0.6782126423624433,0.08318631856745537,134,134
638,2.170229329446042,0.16722298254098797,0.6800881002724649,0.08361505288072367,134,134
639,2.172715023109017,0.17103881580133526,0.6961022358536937,0.08398249846246764,134,134
640,2.156510378924598,0.17398865544983805,0.6965527018897592,0.08422953385237891,134,134
641,2.124574680976194,0.17734086869074625,0.6888405220684501,0.08447055709344804,134,134
642,2.1011556893630874,0.1800178597612471,0.6803218378324632,0.08469654489384947,134,134
643,2.0997698664310156,0.18179538982192553,0.6768469507542921,0.08482891370277408,134,134
644,2.123732483542432,0.18377001489241604,0.6760328009154091,0.08505431111693988,134,134
645,2.1334246058326065,0.1857645147206308,0.6725256386784744,0.08540493125274046,134,134
646,2.144297715868514,0.18748301963183356,0.6761149448057329,0.08582997855716798,133,134
647,2.1477752032452972,0.19804226268187913,0.6733170463407375,0.08631291719420515,133,133
648,2.1712444963297535,0.1987337158580763,0.6766749112321363,0.08676186967718988,133,133
649,2.154906047455294,0.19934547004168637,0.6751922581345421,0.08719415886189971,133,133
650,2.1020043753058677,0.20041354990445875,0.6641036733653163,0.08759849665882258,133,133
651,2.027039962120339,0.20032005242446232,0.6511198855505387,0.08798163407210255,133,133
652,2.0610466636380735,0.20022395289371614,0.651612326440505,0.08830732532325841,133,133
653,2.096096783847035,0.2003848287470683,0.6626378885948214,0.08863382655227282,133,133
654,2.07782585848083,0.20099190404627515,0.6718251372957452,0.08896363608445344,133,133
655,2.053176424435243,0.20034018917243232,0.647637076152195,0.08918755313920756,133,133
656,2.0290980522019795,0.19982699851130886,0.6475507125314562,0.08943801182807447,133,133
657,2.0193692502409037,0.1998479788838892,0.6561937562405163,0.08977352625282287,133,133
658,2.026287092910428,0.20076352414757057,0.6538809886967949,0.09016781229111928,133,133
659,2.0432653180103886,0.20137837691271457,0.654149211680999,0.09056341808070187,133,133
660,2.0189154298591165,0.20044892954269056,0.6500841475663959,0.09063976734667425,133,133
661,2.028506251489993,0.19981300732820703,0.6594919586676664,0.09076707593403176,133,133
662,2.061453032648322,0.1997992594859788,0.6680234067153061,0.09081870847097646,133,133
663,2.0402484034554105,0.19900311191034945,0.6696830192099507,0.09081649805507923,133,133
664,2.041309390519719,0.1981752853971238,0.6687711350408778,0.09071389782549036,133,133
665,2.045433173104303,0.1967784036337871,0.6702043327465373,0.0905969181014682,133,133
666,2.0240907220139555,0.19484523881457325,0.6695353200284963,0.09053091893509738,133,133
667,1.9847973095019065,0.193249792902651,0.6530879013159343,0.09028384396778719,133,133
668,1.9360176113493823,0.19172924134353317,0.6415653513618547,0.09007711906607199,133,133
669,1.9300384647912323,0.19019686278315603,0.6439888735069872,0.0898234464898028,133,133
670,1.982806046153971,0.18803254289912302,0.6280738257542154,0.08949944479624317,133,133
671,1.9659283041641553,0.18593761369141112,0.6278925250728782,0.0892330155907631,133,133
672,1.9664249866491885,0.18395382358795415,0.6335798976755664,0.08898895630016013,133,133
673,1.9408103302937088,0.18193134218520546,0.6280607134851678,0.08868962358911664,133,133
674,1.9161699044274336,0.17996095697169343,0.6237399073732914,0.08831913404002407,133,133
675,1.901265932296441,0.17807681225830202,0.6242698628693654,0.08801408094078539,133,133
676,1.9115905558535489,0.17650715038613174,0.6232914636839891,0.08772206856804812,133,133
677,1.8871269244967872,0.17435128228869465,0.6120501499763719,0.08741562416245116,133,133
678,1.8673435119170478,0.17179936665038237,0.6056587758079189,0.08709461959385348,133,133
679,1.841508476922598,0.1690971010954036,0.5970731641867716,0.08674300620251746,133,133
680,1.8150337021507876,0.16672793214169887,0.5924737642865545,0.08636176277362669,133,133
681,1.8362932117423305,0.1623648415845785,0.5962856164389793,0.08660391719051075,132,132
682,1.8507915330382012,0.15954092011946605,0.5983040641513954,0.08617092462592407,132,132
683,1.8581179539407402,0.15704925614265333,0.6012477344729015,0.0857201282169383,132,132
684,1.865374641857529,0.15456766182238454,0.6040375894967174,0.085285274864412,132,132
685,1.8336549342353392,0.15185645200728345,0.5939240093684451,0.08490551321410451,132,132
686,1.8093776716353362,0.14929377860780182,0.586509466102811,0.08453233568405291,132,132
687,1.8219085037699667,0.14701964210182666,0.5867696929382176,0.08407067663744541,132,132
688,1.809415126850976,0.14500884788816149,0.5785670780421401,0.08361088016796994,132,132
689,1.804994602344417,0.1431861786425215,0.574823747273839,0.08325850506439188,132,132
690,1.8223253477990804,0.14118504683966956,0.5688900209495547,0.08288594510285664,132,132
691,1.8361400972835753,0.13908976652034316,0.5682134517787701,0.08250835386368792,132,132
692,1.8368296961442758,0.13683444100608702,0.579133953544185,0.08219293378672715,132,132
693,1.8372991967411643,0.13506581597561193,0.5873576538410147,0.08185704661421604,132,132
694,1.8155723020492467,0.13336731663981663,0.5851774804946255,0.08143295484616113,132,132
695,1.799481134473657,0.1320707219719087,0.5810871041995328,0.0810428043722393,132,132
696,1.7761407086613277,0.13046653770641786,0.5773451106466218,0.08063370194844371,132,132
697,1.6981077286753374,0.1277320388204202,0.5698933487185509,0.08030856928191735,132,132
698,1.7158196041718194,0.1259136360399018,0.5666891297226215,0.08010784984071098,132,132
699,1.6868383143737937,0.12331399079660973,0.5616987948621901,0.07996951549446407,132,132
700,1.7108028737742906,0.1221336564424919,0.562639637647033,0.07985534276114092,132,132
701,1.6618937264730838,0.12070868527306644,0.5607201585461632,0.07979847263197389,132,132
702,1.651304195975072,0.11929119650397663,0.5551287122354261,0.07984710651793606,132,132
703,1.646961288644118,0.11905717563828658,0.5513581211400667,0.07979658863091392,132,132
704,1.6287939583293143,0.11835400034774757,0.548108008667657,0.07975653445479511,132,132
705,1.6139406956684612,0.11829441853224795,0.5484766928060972,0.07963054432666214,132,132
706,1.6059084470146936,0.11818589600919346,0.5444932615057041,0.07951747887966232,132,132
707,1.6327401092468947,0.11737232899124081,0.5417712300079937,0.07947268652753148,132,132
708,1.6400817161590244,0.11636204938547665,0.5401136355487905,0.07935665090010485,132,132
709,1.635512567257452,0.11501616223105142,0.536071055189629,0.07923596105659494,132,132
710,1.6342657945169068,0.11348389489368617,0.533594467520296,0.07911851812223156,132,132
711,1.6213105819135325,0.11274000725630466,0.5360351249197082,0.07895828422023499,132,132
712,1.6282796919582294,0.11156444768502562,0.5350683987083397,0.07882077888065182,132,132
713,1.6221226974333978,0.1107311785834834,0.5318901290458189,0.07878415588022808,132,132
714,1.631323033320103,0.10991079687492009,0.5312119432016776,0.07880550251072597,132,132
715,1.61549741950497,0.10885414935948062,0.5294183082092608,0.07879065388522251,132,132
716,1.6018398230236353,0.10838756092313348,0.5319166972783058,0.0787602929968062,131,132
717,1.6125584680335319,0.10214615141705807,0.5312080157783703,0.07925655175738229,131,131
718,1.62745460835503,0.09986216634639966,0.529370402121629,0.07933064571841351,131,131
719,1.633711779393476,0.09827121306544018,0.5331314449409243,0.07945466543798248,131,131
720,1.652040141522697,0.09712536536896435,0.5330805493835359,0.07968821172465627,131,131
721,1.6114207014257624,0.09695140596912191,0.5268654980572354,0.07985133753631982,131,131
722,1.5827403944177691,0.09657062397521429,0.524982560903655,0.08025194859108718,131,131
723,1.5809865843401323,0.09667185827348874,0.5211414307823169,0.08066658488255826,131,131
724,1.568246564202069,0.09596492933626284,0.5220166137694595,0.08102070421866589,131,131
725,1.5527221588189546,0.09532465596485995,0.5247945694532855,0.08145588079690157,131,131
726,1.5482831317257177,0.09535715513594924,0.5214910559911544,0.08189414155629243,131,131
727,1.5375501628018056,0.09509751498820339,0.5215131012422388,0.08226472236306169,131,131
728,1.5357641043306662,0.09418944549684875,0.5195208804176769,0.08267201707241084,131,131
729,1.5196533803437928,0.09298668591184682,0.5169451209038785,0.08293666261005728,131,131
730,1.5031682565511282,0.0918520930050923,0.5126568872344863,0.08332056032273022,131,131
731,1.5017207099048726,0.09064668410469914,0.5103141067158777,0.08374512701902997,131,131
732,1.4881430891895813,0.09009334223881112,0.5113330826545006,0.08421685021774654,131,131
733,1.4824747724810146,0.08949846142441062,0.5152950759266834,0.0847014110228074,131,131
734,1.4903223346045447,0.08927685354909663,0.5119674955851207,0.08519404688484376,131,131
735,1.4714859988013294,0.08890807420656315,0.509603575423088,0.0856707410535518,131,131
736,1.4828160562439685,0.08866050582767146,0.5090709016954257,0.08621161564060748,131,131
737,1.4629931419680793,0.0882118558272265,0.5044353157045653,0.0867415357834372,131,131
738,1.4610454459643298,0.08755486022543105,0.5072825254266349,0.08721067661731484,130,131
739,1.4458379311455192,0.09281258275568997,0.5069135718896164,0.08825477764445697,130,130
740,1.4554777300144826,0.09263563633508065,0.5020010523998508,0.08874451830255892,130,130
741,1.4394089317837895,0.09228146156467429,0.49988541953387866,0.0892062221264563,130,130
742,1.4446392883215282,0.09133359761883157,0.4994262799490759,0.08972009424662687,130,130
743,1.4232441788930283,0.0903608390756033,0.4970231793211681,0.09022506846864627,130,130
744,1.4366869337982993,0.08971193493052236,0.49453067212895957,0.09071626488156316,130,130
745,1.4447342554779758,0.08884672705785741,0.4849402922219248,0.09121204412496095,130,130
746,1.4645937444025225,0.08790113975981012,0.48607410481111485,0.09172050660084351,130,130
747,1.45592196878497,0.08613573612472702,0.4821580949297655,0.09216414946307264,130,130
748,1.4698218579720663,0.08383190145373527,0.48412263784266646,0.09265783407009515,130,130
749,1.4761475090432241,0.08156237810190199,0.48581686955879905,0.09300068255456283,130,130
750,1.474630225987366,0.07963949449084672,0.4891277596699286,0.09335363772399896,130,130
751,1.4601636254767314,0.07837259273629539,0.48714385625352835,0.09372363329796102,130,130
752,1.4342382287057978,0.07705806727306716,0.4869021309608348,0.09406239421348897,130,130
753,1.4421798006784816,0.07598032561935444,0.4835446021293247,0.09436198433613194,130,130
754,1.4348023187029506,0.07582953706320786,0.482348193500578,0.09462444120457061,130,130
755,1.4401987387480508,0.07542492606473263,0.48462175684320935,0.09500858967742805,130,130
756,1.4299933220003285,0.07502244612516187,0.48305407302300807,0.09538228897589046,130,130
757,1.4396074796777074,0.07495528864291065,0.48339027370122173,0.09573456363468545,130,130
758,1.451348853903036,0.07478414413968602,0.4818783116141205,0.09612960234788485,130,130
759,1.4495673598184335,0.0749979223068664,0.47898457076214146,0.09636651041560332,130,130
760,1.4462830651513436,0.07444230104327394,0.48031423343734514,0.09652542103311541,130,130
761,1.4415781965528858,0.07378110846783892,0.47741812954485735,0.0966093277731806,130,130
762,1.455166876723846,0.07258572020757587,0.47892648951045286,0.09668370839836478,130,130
763,1.4613698058150517,0.07053142601562014,0.47408049330602264,0.09675748003191194,130,130
764,1.5108568381832512,0.0689581638273273,0.47531416772826063,0.09684691568014821,130,130
765,1.441524722527335,0.06670708539982408,0.46630411449169296,0.0967911341836705,130,130
766,1.4331580825157326,0.06401495111743424,0.464519142217164,0.09671713990332531,130,130
767,1.4018682341800905,0.06175403811505556,0.4614107557182803,0.0966880659505032,130,130
768,1.3907928586425982,0.06024173098955521,0.461178709522633,0.09663129955894914,130,130
769,1.409207689385775,0.05970851831683872,0.46061035427531793,0.09665579550695844,130,130
770,1.4107155011490946,0.05958466318524777,0.45607085845397105,0.09674195644056809,130,130
771,1.3913668293797619,0.0590651748245277,0.4549264467355288,0.09687372015508523,130,130
772,1.3814714075974925,0.05892504392843079,0.4544195475152467,0.09704130425278834,130,130
773,1.3984351719070371,0.0590042756859561,0.455171321706884,0.09733950841296345,130,130
774,1.4327025084715348,0.059087813974778795,0.45545110426648705,0.09773218947569223,130,130
775,1.4563970594531879,0.05952858637975138,0.4558208887554883,0.09815596056430598,130,130
776,1.4371927813800693,0.06078929723556988,0.45285875811434845,0.09856627068464392,130,130
777,1.387557099421878,0.06278441515986223,0.4471003120221823,0.09890656686796832,130,130
778,1.3582843309215142,0.0655081116178703,0.44069333459084875,0.0993253806618842,130,130
779,1.3465054857241097,0.06858288354728022,0.438070967289172,0.09975644950526077,130,130
780,1.3320903188110258,0.07092004884891215,0.436417971900233,0.10008206020554543,130,130
781,1.3616708822697046,0.07291815484713822,0.43528977460975543,0.10046933869907418,130,130
782,1.3770688767743202,0.07520209753206014,0.44103466122332224,0.1007495907765101,130,130
783,1.3973452863691338,0.07716208216038876,0.43977184419766063,0.10110036993514081,130,130
784,1.3799886458986355,0.07951570221146789,0.43299961034630996,0.10153472310274725,130,130
785,1.373012507818918,0.08213317569889902,0.4298139372089747,0.10194334494385314,130,130
786,1.4051739747066765,0.08456101685762961,0.4287931614170128,0.10234130805141059,130,130
787,1.3982981509065164,0.08632110194335475,0.42843920399571317,0.10265459891082854,130,130
788,1.4245944605423948,0.0874105620184955,0.42646819108972817,0.1028726740465693,130,130
789,1.4258465637042352,0.08889191582693355,0.42419647587228143,0.10311439085234053,130,130
790,1.418149932672013,0.09078523248816792,0.42052240085437836,0.10334324291537698,130,130
791,1.3642430687707354,0.09276721543338992,0.41280840796724116,0.10352699190862,130,130
792,1.334725481914455,0.09458383153826493,0.4091314505151432,0.10355505232071398,130,130
793,1.328457132061234,0.09574410085564533,0.4048208121658055,0.10315763257536223,130,130
794,1.3239252939181558,0.0967683114272909,0.4018795365862319,0.10278766131924993,130,130
795,1.3248579230727917,0.09687392147778835,0.3996048646926321,0.10233218563476777,130,130
796,1.2883437898537067,0.09663236149687103,0.3992417007797553,0.10178550025909139,130,130
797,1.2854728458468863,0.09599666145212234,0.3975432332042884,0.10128052744163726,130,130
798,1.268692435370385,0.09527889870392506,0.3936322654022475,0.10074347590326894,130,130
799,1.2795508197908279,0.09513070511692809,0.3967354413880745,0.10037986370177135,130,130
800,1.305800617048056,0.09436664875167233,0.39377661401742814,0.10000325817239128,130,130
801,1.2839832443218462,0.09309714961523813,0.38731554873834345,0.09961333614771899,130,130
802,1.2623026993278823,0.0919164549397087,0.3809605512667595,0.09914425854159051,130,130
803,1.255613891053131,0.09104272781376675,0.38215733139799263,0.09865624311899619,130,130
804,1.2963721146239715,0.0901924636732739,0.3825581103226284,0.09815203432934229,130,130
805,1.2976401363698535,0.08922961711172996,0.3845394196992387,0.09765257631148093,130,130
806,1.288265544521076,0.08854101438676273,0.3813211804831036,0.09720820696324949,130,130
807,1.2752590904201622,0.08840179476756867,0.37815491201318335,0.09682847116101846,130,130
808,1.2627179233225865,0.0891808681926021,0.37570088342590957,0.09652873442235407,130,130
809,1.249821873539719,0.08885183452157111,0.37253363029142017,0.09624525391569945,130,130
810,1.2621281218134555,0.08935422502355662,0.37368887062010403,0.09594714898149219,130,130
811,1.2725782036498274,0.08845030133990897,0.38418540558453174,0.09558595511056253,130,130
812,1.262637506050619,0.08774029111392972,0.377354191577615,0.09531925486010644,130,130
813,1.2734652047496362,0.08671520658482898,0.3826820049877198,0.09487388212316147,130,130
814,1.244236541480943,0.08505286162894188,0.376622868429953,0.09438771611752311,130,130
815,1.2286733838569515,0.0840667676460951,0.37272884351054325,0.09397240673297569,130,130
816,1.216192470620505,0.08190687418340561,0.3728756813715351,0.09358849102990809,130,130
817,1.2140856343438173,0.08052610465585712,0.3708680371915528,0.09308960911947542,130,130
818,1.2238781357270987,0.0787157908515079,0.35955663549185346,0.0926982399675139,130,130
819,1.2578228176041113,0.07616056998781687,0.3547701504128887,0.09231584524528028,130,130
820,1.1973361408173957,0.07373815090792653,0.34173215134584795,0.09186693610589816,130,130
821,1.1892797780495492,0.07151753668621703,0.3360773617985057,0.09146886830094972,130,130
822,1.2017131870794775,0.0698712381678582,0.3338543988084756,0.09113622334686061,130,130
823,1.222464561809802,0.06859921819001227,0.33804337192161993,0.09079271189359868,130,130
824,1.1901218204031245,0.06712028194153555,0.34267152804327533,0.09036899335337781,130,130
825,1.1843046556172179,0.0652702189081145,0.33733941955156244,0.08994932430176082,130,130
826,1.023513017531196,0.06644707086178585,0.3055134114406551,0.09004069347284611,129,129
827,1.0118569409807125,0.06485413118865398,0.29711720174328965,0.08941626356084051,129,129
828,0.9935062933414756,0.06323714947222252,0.30055217944895485,0.08874626674391335,129,129
829,1.0035393373556338,0.060815942061816265,0.3039256665963575,0.08816227857040596,129,129
830,0.9947320036352664,0.05900046669522967,0.29506167626006435,0.08760603126789632,129,129
831,0.9789874406171573,0.05691323676518229,0.2943586540222963,0.0869516060824989,129,129
832,0.9786442143027185,0.05425317540992809,0.28895186561702535,0.08633674582852309,129,129
833,0.9697673263292093,0.05114655957548182,0.2897189981896246,0.08569286861401791,129,129
834,0.9699641151446385,0.0480836447932447,0.286649189511466,0.08501690531998429,129,129
835,0.9849331143827602,0.04509302594716748,0.28665196206526283,0.08433035865169987,129,129
836,1.000201343972307,0.04137937133955487,0.29111433633920597,0.08366360288842849,129,129
837,0.9949113353114781,0.03771268377238572,0.291262654998993,0.08305647296962693,129,129
838,1.033983975763236,0.03436160094224369,0.292022955994045,0.08242044419857028,129,129
839,1.0556303325663858,0.030968501247555878,0.2964439029185597,0.08183548067995217,129,129
840,1.0455989903582223,0.029092362471528736,0.2914985362088636,0.08134984102074029,129,129
841,1.0365101982689435,0.027406207082214466,0.28923816285629567,0.0809930840429168,129,129
842,1.0151591171923318,0.02544014080794661,0.27678729597314805,0.08074827251061707,129,129
843,1.009408201120527,0.02290409449118143,0.2781674269123257,0.08053234029586151,129,129
844,1.0018312989345437,0.020319817093156296,0.2776913268436186,0.08029039426142708,129,129
845,1.0263244852211113,0.01769824882902204,0.2812843422881221,0.08015089593981972,129,129
846,0.9914805965996246,0.015243304449993089,0.2786411374261344,0.07998216971383493,129,129
847,1.0037525122061468,0.01386363402791688,0.27919271970305737,0.07984081326678348,129,129
848,1.0064247861763196,0.01334584353154337,0.28115145510924666,0.07978808394150608,129,129
849,0.9893271943196201,0.01334420402701847,0.28105745909168695,0.07978508995878945,129,129
850,0.9836887470171582,0.013111217608697929,0.28045557959644674,0.07976389374805715,129,129
851,0.9625053221677101,0.012541994646587161,0.2788943945907105,0.07990440880187884,129,129
852,0.9514317345137601,0.012048342988975757,0.2749506227831151,0.08001797496683796,129,129
853,0.9699100334648615,0.012644050037333186,0.27767528868515173,0.08019387786577564,129,129
854,0.9472527024569557,0.013262963774057262,0.2743758863953611,0.08037228729001959,129,129
855,0.9138554426749279,0.014679743112044983,0.26605543711447543,0.08059121678243177,129,129
856,0.9280599481985372,0.015997263003755296,0.2720435990495151,0.08088409092291673,129,129
857,0.9062634888931609,0.01815169216701821,0.26348561308093105,0.08117615466745473,129,129
858,0.8836070280109779,0.020770225385008518,0.25649299762460903,0.08152422164946015,129,129
859,0.9033039955564363,0.023220978051679372,0.2592355472643751,0.08192060980996341,129,129
860,0.8825792208254873,0.025833087854512958,0.25329999559736216,0.08236249844576754,129,129
861,0.8901243292172271,0.028750358272350895,0.25643687669481413,0.0828677802173537,129,129
862,0.891450426750769,0.031814699968427396,0.259202110809041,0.08342096692931641,129,129
863,0.913897344990937,0.034629500164758915,0.25759224601576514,0.08401953767233782,129,129
864,0.8865797142548298,0.03713374410252086,0.2566258121663164,0.08469803964708056,129,129
865,0.8829179391773668,0.0387548369421078,0.2584638872696096,0.08512195252972124,129,129
866,0.8708489784536755,0.04039858845548397,0.25710449649961276,0.085541042688152,129,129
867,0.8944674416323496,0.04194916562651094,0.25636664738128856,0.08596241251695445,129,129
868,0.9865543671043276,0.04421040951934472,0.2756719638396177,0.08630560844375704,129,129
869,0.8903260154219486,0.046180099456493366,0.2508505743728813,0.08667590624354979,129,129
870,0.8600979981184654,0.047930020308887426,0.24701054552244534,0.08706292815244841,129,129
871,0.8578561308752702,0.05073172312001917,0.2491745165951288,0.08741017323774743,129,129
872,0.8548083435280579,0.05345360344204578,0.2529027488243248,0.08780815226405005,129,129
873,0.8479820580345384,0.056228654664826815,0.25265368228167423,0.08822158577842516,129,129
874,0.8605380926929727,0.05895835615566586,0.24594681316603437,0.08865207498057036,129,129
875,0.8491441130036232,0.060996176563112875,0.24390141548230854,0.08915817645774105,129,129
876,0.8344569509626414,0.06367677766773595,0.24374651746571374,0.08959544663962501,129,129
877,0.8187373936662325,0.06569084947953592,0.24146314666605728,0.08998237739992407,129,129
878,0.8240616202172532,0.06766792858924542,0.24264290507636446,0.09030273756987718,129,129
879,0.8338507147306413,0.07028629770259849,0.23975996767904167,0.09067228336164049,129,129
880,0.8126239742650848,0.07275721050926262,0.23678781758203613,0.09103980403273607,129,129
881,0.7634421185443666,0.07516720931191312,0.21015112587030294,0.09138905043819558,129,129
882,0.739736364426762,0.07746599245431232,0.1897748292671478,0.09162876919111745,129,129
883,0.752537521561258,0.07968267674937282,0.1819619173456063,0.09186414836055679,129,129
884,0.7500664409148405,0.08123601645123064,0.1805543820149701,0.09197048088669527,129,129
885,0.7160843063001321,0.08283107145201404,0.17861902041619,0.09204509592103012,129,129
886,0.7013913005878729,0.0839390029192348,0.17702230068816344,0.0921121854469401,129,129
887,0.6850554272563572,0.08521385871378065,0.1724572263678122,0.09208725701597126,129,129
888,0.6747980430549241,0.0871369200658563,0.1696949514939609,0.09216599818978637,129,129
889,0.6526708225683494,0.08916471356618265,0.16514900159780438,0.0923027340301632,129,129
890,0.6697028514647386,0.09091510291818625,0.16375941185414666,0.09253170794286888,129,129
891,0.6675545648783426,0.09344907697954764,0.16586715897759385,0.0927989713116624,129,129
892,0.6622208183429893,0.09614221012674033,0.16721969476637483,0.09301380935925932,129,129
893,0.655140167353848,0.09907602054264701,0.16935413436026275,0.09328085580918548,129,129
894,0.6894718639295336,0.10187358641756496,0.1688956016446709,0.09356803559422386,129,129
895,0.715467815912636,0.10462436981046311,0.16936479508332067,0.09388885984675005,129,129
896,0.7054554398191738,0.10749040655024306,0.1642339990968487,0.09428056745101417,129,129
897,0.6877206843884788,0.11036927527430765,0.1572217095893857,0.09460208156390455,129,129
898,0.6867702112427332,0.11256374056463234,0.1549758069148114,0.09483707340827131,129,129
899,0.6972719512004997,0.11380292260683708,0.1565010981198278,0.09504070736087132,129,129
900,0.6887399558714574,0.11536558381923644,0.1520249602183879,0.09517910536304179,129,129
901,0.6780779775216045,0.11699619995089008,0.1519958549247058,0.09522591338644378,129,129
902,0.6718796117948579,0.11852291264942592,0.15026705357242534,0.0951153414225793,129,129
903,0.675096036329084,0.12072219334954852,0.146591422886008,0.09500367056337954,129,129
904,0.6904943709652309,0.12281189195500385,0.14846101662693,0.09489818093896073,129,129
905,0.6909222790768735,0.12501069164103792,0.14539385216971681,0.09475877852861765,129,129
906,0.6957880737337695,0.12717096848010648,0.14361561272577492,0.09470098170321864,129,129
907,0.670010678431766,0.12869246255005196,0.1448701211541033,0.09446176250400438,129,129
908,0.6600520182767113,0.13052070742876543,0.14406763171400605,0.09424711404288191,129,129
909,0.6915003950185558,0.13246659575516692,0.14942353845320241,0.09387496961759703,129,129
910,0.7063747768582386,0.134026654763847,0.15495101966335298,0.0935613929769653,128,129
911,0.6757892921247379,0.14189129609021803,0.1500585518919514,0.09368978287644425,128,128
912,0.6604253849341192,0.1431761023600518,0.14416776711938903,0.09330044509479275,128,128
913,0.6502990546710367,0.14490660271030598,0.14017390013671427,0.09280167744407673,128,128
914,0.6352096198532396,0.14581974008229429,0.13752710845664456,0.09247455312185071,128,128
915,0.6488792566624145,0.14624057665609436,0.1355378645252802,0.09213796176084868,128,128
916,0.6504934894955285,0.14712041521154445,0.13612353826214738,0.09181946077708698,128,128
917,0.6452598455734172,0.1479146906047827,0.13648136995215995,0.09149501099601533,128,128
918,0.6399907445742451,0.1489563638224013,0.1372294952048798,0.0912369914576106,128,128
919,0.6467292964744108,0.14954752894307974,0.13788849050897897,0.09085269742957272,128,128
920,0.6419092623975812,0.1572818480588844,0.13801461054510544,0.0908793945680043,128,127
921,0.6335449262697921,0.15793397339917975,0.1372288842546343,0.09044812198868903,127,127
922,0.6136921513211835,0.1593116665756241,0.1368590211579892,0.0900224079077934,127,127
923,0.6099681172823099,0.16060175753571146,0.1376266711888246,0.0895807001314946,127,127
924,0.6028699608811453,0.16227920790815922,0.13615877477538768,0.08897857273909891,127,127
925,0.5913545936197707,0.16490866571794746,0.13669264698691228,0.08848142727347401,127,127
926,0.58136384647411,0.16710639812901693,0.13821902568007075,0.08808647995024231,127,127
927,0.5455292498312486,0.1694096390120319,0.13510796091220054,0.08778560600432105,127,127
928,0.5219503852041422,0.17191283654152772,0.13391400060672634,0.08755891951737696,127,127
929,0.5359650374293035,0.17476670234589756,0.13744114315331932,0.08739276437381306,127,127
930,0.5182160613826802,0.17707550366612013,0.13375644857470353,0.08723436196313424,127,127
931,0.5303316027062407,0.17921757894560794,0.13302673591073153,0.08721005983632782,127,127
932,0.5166337479294346,0.18137354444220952,0.1304486104163299,0.08726566984537343,127,127
933,0.5103763193876001,0.18379067270739838,0.1278986771389928,0.08742692801936432,127,127
934,0.528451116086913,0.18651905456479093,0.12683489224823682,0.08760636039190035,127,127
935,0.5392185490325954,0.18914093113715708,0.12611347705577372,0.08783400946497366,127,127
936,0.5554192549620679,0.19227564138109918,0.1283868099016774,0.088217016205384,127,127
937,0.5671893232333153,0.19387497061327466,0.127458086264076,0.08828676508996053,127,127
938,0.5610663639474801,0.19598241744871833,0.12925668147744376,0.08840442317949347,127,127
939,0.5502925157578462,0.1983362233009697,0.13370804307961112,0.08854709719935733,127,127
940,0.535847080629572,0.20039097702532252,0.1260362305594159,0.08848324842737242,127,127
941,0.5058208665188446,0.20234617765593155,0.12321009537866337,0.08841910384026079,127,127
942,0.5054852350164504,0.20358625847537065,0.11980319058266456,0.08843140752218588,127,127
943,0.5313408063930211,0.20457693745447533,0.12249660558160821,0.08842746913620002,127,127
944,0.5431896947641848,0.2061728472875743,0.125753065359508,0.08839629616944879,127,127
945,0.5260601459723171,0.20788141024437135,0.1252621572754657,0.08835902420190424,127,127
946,0.5172282749917844,0.20929139403993674,0.12255725455421833,0.08823679628797838,127,127
947,0.5375312991317636,0.21004358970688514,0.1264074132855346,0.08818227671277977,127,127
948,0.5285375058095085,0.2097454746040082,0.12400229293271577,0.08812025905985642,127,127
949,0.5192118832532927,0.20994047939818172,0.11973703004809588,0.08809175273373011,127,127
950,0.5253323414197794,0.210236022639337,0.12417413184444268,0.08815488301651249,127,127
951,0.5774554510903499,0.2092680332404084,0.13793245300148865,0.0883018596028068,127,127
952,0.5637485639727743,0.2081825503431724,0.13211061162356366,0.08843856654864,127,127
953,0.5102427214303997,0.20730191932715944,0.1230108656368301,0.08863856618520242,127,127
954,0.511777120177274,0.20676956655558965,0.12516649838112848,0.08884808437798339,127,127
955,0.5300974431962726,0.20579158691996244,0.12073589062277312,0.08910137625553897,127,127
956,0.5960119591482139,0.20470001630887807,0.13659851036731105,0.08937695706750468,126,127
957,0.5375050310706269,0.20097968971194813,0.12099850360434343,0.09045814760097058,126,126
958,0.5467709981625196,0.19947648165478013,0.12765265804233594,0.09084959514629262,126,126
959,0.5477177024795986,0.20005629658991267,0.1270485733819918,0.0911874634992647,126,126
960,0.5521177579118166,0.19955796073461404,0.1271395739123068,0.09140095321085442,126,126
961,0.5355941200158626,0.1989728422157893,0.12638546021817185,0.09163751310444924,126,126
962,0.5333935769339658,0.19842149639454854,0.12676921744559236,0.09178508858842951,126,126
963,0.5202317553593135,0.1980614813143969,0.12597486596847646,0.0918858200713138,126,126
964,0.5178311532684078,0.19834368295213547,0.12428643339910464,0.09203805418076764,126,126
965,0.5311508079187574,0.199311309182204,0.13086266601989666,0.09225884542759169,126,126
966,0.5714882209046551,0.20028705169928507,0.13417657369124314,0.09254724916043466,126,126
967,0.5617219211252706,0.20082795075631152,0.12862628264196366,0.09284472106486939,126,126
968,0.5134354014916315,0.2003016751779223,0.12245550557640131,0.09323698997703651,126,126
969,0.5020535950977308,0.19915969123164778,0.1206644315724406,0.09360183646712626,126,126
970,0.5279417770303787,0.19841983749785239,0.12162929267117098,0.09401381313339155,126,126
971,0.536523538568931,0.1975517853206834,0.1253620241825357,0.09439846376270244,126,126
972,0.5180046373678919,0.19660473303714926,0.1215809474605562,0.09479868075334892,126,126
973,0.5175792863085741,0.1953429106557073,0.11960308230012247,0.09512028478647909,126,126
974,0.50818696635108,0.19542870912368004,0.11883304460702825,0.09527178488105241,126,126
975,0.5203052803261773,0.19643899839365425,0.11894876262310347,0.09543759473462449,126,126
976,0.5209088693977391,0.1963924115074217,0.12091957992460775,0.09542756717141458,126,126
977,0.5279505595986367,0.19700123057108904,0.1220219511492378,0.09547428769291899,126,126
978,0.5122280321858711,0.19758790706847482,0.12072811923422828,0.09549735076094627,126,126
979,0.5001639578134821,0.1985604581121373,0.12473539233564827,0.09559274875698137,126,126
980,0.5138848357200904,0.1996517051975776,0.12253495055447414,0.09570344224696982,126,126
981,0.4865850983484546,0.200644228663975,0.12018278696403611,0.0957510331225271,126,126
982,0.48314276629387626,0.2009836747412453,0.11920264076176793,0.09573890000866186,126,126
983,0.47124019014812557,0.2015139955234165,0.12326964214601105,0.09578116601439787,126,126
984,0.4640032701822718,0.20139797223539954,0.1208586987368714,0.09591235305317916,126,126
985,0.4382891132957639,0.20076797033357954,0.12027678718520744,0.09599384428420504,126,126
986,0.43777495451671655,0.19994903551911528,0.12152684749480205,0.09609904993395481,126,126
987,0.4530901105522431,0.198823814832936,0.11867294152063067,0.09616148535378341,126,126
988,0.4486261118092313,0.19603823174043694,0.12003721274898178,0.0961636754600812,126,126
989,0.42929115604497,0.19331994505447578,0.11598608041039449,0.09600485931183997,126,126
990,0.41689512756684965,0.19019757645081628,0.11330437040417786,0.09585878751339642,126,126
991,0.40996925307482873,0.18618811474398825,0.11544597810040913,0.09568529330636613,126,126
992,0.42954720179271627,0.18295710381422153,0.11695221797820413,0.09561411305836379,125,126
993,0.4443241207094445,0.18604031701796964,0.11631815406291354,0.09609632809234013,125,125
994,0.434590598343494,0.18213015121302495,0.11755560931841799,0.09601582747016069,125,125
995,0.4129657755374444,0.17819137297579937,0.115749691734278,0.09584246284971938,125,125
996,0.4086145137807914,0.17461737077954734,0.11640106524411668,0.09550501181664231,125,125
997,0.4066765867337319,0.17303959342950664,0.11624064433765666,0.09512161711569667,125,125
998,0.4144611467940701,0.17182095610741413,0.11441628832635749,0.09487855534374008,125,125
999,0.4168625218882282,0.16983286814854573,0.11453375126215175,0.0946081189308119,125,125
1000,0.4421733474550798,0.16748974398913463,0.11632615082155927,0.09423758475475154,125,125
1001,0.42109816883128354,0.16488072843580787,0.11326232312161491,0.09390119392565986,125,125
1002,0.4178456800833425,0.16236613317857418,0.11295038251069184,0.09355636860168741,125,125
1003,0.4220472779241482,0.15953952872025176,0.1117322799774918,0.0932900402028278,125,125
1004,0.4278120285379764,0.15659001978128523,0.10992712690434647,0.0930056806016791,125,125
1005,0.42151712303846356,0.1539176999948165,0.11305743953684876,0.09270745061367319,125,125
1006,0.4018589236820231,0.15307836504355316,0.11738432469119943,0.0924890108317059,125,125
1007,0.40302342946709463,0.15226019025176,0.12046173706642763,0.09227499703449266,125,125
1008,0.41115110262703786,0.15203149018423456,0.12223919072136552,0.09205168324734989,125,125
1009,0.41159444750402646,0.1506277963298665,0.12128451391372651,0.09176011752561337,125,125
1010,0.3856718059169536,0.14932427431742018,0.12059124699430077,0.09144813513949084,125,125
1011,0.3731983126329595,0.1480417070679125,0.11963157018813202,0.09113725462140077,125,125
1012,0.3793896833273262,0.1465224863012975,0.12135807307225395,0.09065577702994762,125,125
1013,0.3879830201741413,0.14484092989769795,0.1240433736859407,0.09018935657043306,125,125
1014,0.3839917719465528,0.143296234834931,0.12196665186692054,0.08981615824833562,125,125
1015,0.37956460608617165,0.1430599882853122,0.11926912593789984,0.08940576646878184,125,125
1016,0.3725330230796987,0.14177323207285655,0.11862131941090533,0.08895596223187383,125,125
1017,0.3996861108899866,0.13992240251694232,0.11398116903732718,0.08836687566606286,125,125
1018,0.4321568060334174,0.13871339696409252,0.11535317860811703,0.08781823133546665,125,125
1019,0.45722576096767786,0.1366478037269419,0.11608710295196369,0.08731007742285612,125,125
1020,0.47465224286629787,0.13462129945685844,0.11684828992157512,0.08680867714297365,125,125
1021,0.47108849636775957,0.13212902243753025,0.11634356763697808,0.0864075223252717,125,125
1022,0.46205798580510465,0.1299541675873503,0.116765515127551,0.08614061825848349,125,125
1023,0.45945758437288525,0.12763572130943004,0.11609947445830793,0.0859820211057196,125,125
1024,0.4426868109136336,0.12504581953761743,0.1159213513714743,0.08581450853944061,125,125
1025,0.44843828016400045,0.12209382599160659,0.11411002435566682,0.08563483108875787,125,125
1026,0.4553499316234352,0.11951595094977542,0.11433057265933294,0.08556532292711648,125,125
1027,0.46148218541541863,0.11652723487058218,0.11115561032044993,0.08542970715463508,125,125
1028,0.46408961490634504,0.11418639822934556,0.11231538742546583,0.0853223720901789,125,125
1029,0.4459157804234373,0.11215148027571341,0.10750541856564629,0.0852551756866547,125,125
1030,0.4531534014594478,0.10970932140469983,0.10683859897710411,0.08510898288120697,125,125
1031,0.4437126564748424,0.10801102214105976,0.10522670826617175,0.08504848808190735,125,125
1032,0.42148461892338324,0.10598045816751334,0.10756745082717446,0.08489364796950538,125,125
1033,0.4552780936361311,0.10414067465436086,0.11109270949509363,0.08479832482026686,125,125
1034,0.44707370755633946,0.10271876629281124,0.11023158905913905,0.08472190552094583,125,125
1035,0.4387422109172731,0.10091546362646571,0.11067443723133624,0.08471685042120011,125,125
1036,0.45341950362482486,0.09987117741475193,0.11039638869028588,0.08469106882187147,125,125
1037,0.4621973042204111,0.09784413764658378,0.10965284139645787,0.0846745118818273,125,125
1038,0.4612348985488918,0.0950913102318813,0.1078730511071025,0.08467190036184553,125,125
1039,0.47037743842529894,0.09238180739943153,0.10862573520136877,0.08466297317199623,125,125
1040,0.48008078776058294,0.08933947450085988,0.11078711514570923,0.0845661442942226,125,125
1041,0.46765565127313,0.0862349327006111,0.10961650646604795,0.08451568880745533,125,125
1042,0.4618697528126883,0.0823426323151359,0.10764517383541676,0.08450597633467265,125,125
1043,0.45641305175950125,0.07780565165501904,0.10752274269176999,0.08450254299121651,125,125
1044,0.4457384349734389,0.07353024599507066,0.10818668758358847,0.08455083531886218,125,125
1045,0.4502421985002042,0.0691410472684308,0.1070498532684136,0.08460777405366088,125,125
1046,0.44718977553758965,0.06516580395506327,0.1087529628594441,0.08459280173750085,125,125
1047,0.45481214520261104,0.061139829631579955,0.10998850149159288,0.0845041143853352,125,125
1048,0.44468482255507574,0.058089675553606696,0.10714803194268811,0.0843938411652032,125,125
1049,0.44201922972528257,0.055513928119414045,0.10620441695780275,0.08432845871468587,125,125
1050,0.4426595064500662,0.05320684872391656,0.1075802747739521,0.08417413539815109,125,125
1051,0.43720414275826963,0.05075339503588013,0.10842212624947065,0.08410533681015554,125,125
1052,0.43583707815303346,0.04869645883687879,0.10923724622444872,0.08403175991921383,125,125
1053,0.4231446113958802,0.04655077627625456,0.10954819430929379,0.0840381472212639,125,125
1054,0.4243257705789352,0.04446040214912312,0.11124170404764634,0.08414215930373893,125,125
1055,0.4265956719387269,0.04306854465153423,0.11619416187830793,0.08434252581045662,125,125
1056,0.42180732933788717,0.041400101305221544,0.11661794102661328,0.08449615997690409,125,125
1057,0.41377974524060446,0.0397848058879072,0.1139522178063808,0.08476043289751511,125,125
1058,0.42750213405516757,0.038033413419876046,0.11140412857160485,0.08509826557947983,125,125
1059,0.42362597798386065,0.03664637604153296,0.10831764755203194,0.08543638527368118,125,125
1060,0.41769822388909933,0.03590482693523729,0.10591104824158633,0.0859107010584819,125,125
1061,0.41716186020313,0.0357636210947019,0.10537974058277266,0.086433786876213,125,125
1062,0.43005143092461046,0.0361694270993877,0.10496283736543481,0.0869687889291892,125,125
1063,0.4343388125760034,0.037746940930083295,0.10425500768171125,0.08749919433687554,125,125
1064,0.4503849376472546,0.039255253013577546,0.10595005066417984,0.08804092569865168,125,125
1065,0.4288688566690627,0.040397505692083245,0.10676312575958756,0.08846945236209858,125,125
1066,0.4130630531009573,0.04104852555963782,0.1035425495748577,0.08877298004217897,125,125
1067,0.40744577061768195,0.04277381904931202,0.10600032034428797,0.0891548367530931,125,125
1068,0.4307153067205029,0.04373589441701694,0.10640062637272214,0.08954112194466617,125,125
1069,0.4237141539083943,0.04540097669878638,0.10606293704002992,0.08998465835741604,125,125
1070,0.4131968023162272,0.04692361070117441,0.10523667844362328,0.09043232742034037,125,125
1071,0.40604806757272205,0.0492543892833386,0.10279268706332624,0.09088863535543691,125,125
1072,0.4045766917619051,0.05182740419402505,0.10278693510972652,0.09146267709270102,125,125
1073,0.39992653065858336,0.054179510100614024,0.10355804843330416,0.09207448865120166,125,125
1074,0.4028306721973253,0.056481835024622014,0.1032097703673141,0.09271366492569152,125,125
1075,0.3982884870052683,0.057957871396137825,0.10407378027910166,0.09334231837560282,125,125
1076,0.39148188943998663,0.060039826446152245,0.10392688969131396,0.09399737642784736,125,125
1077,0.39723977452374654,0.06222513705155619,0.10474259825105274,0.09465337500012258,125,125
1078,0.40376857178206926,0.06445058777730261,0.10505253784337693,0.0953066367977051,125,125
1079,0.3832021433685448,0.06547376022247677,0.10408056262363674,0.09588627987080985,125,125
1080,0.3863270965315497,0.06572168322480643,0.10374095118875483,0.09593649127620144,125,125
1081,0.3836744246528896,0.0659048868048345,0.10304025550011287,0.09585713778885248,125,125
1082,0.3729053319194926,0.06613705313690638,0.10327797945004231,0.09583537945406509,125,125
1083,0.3931554627207404,0.06582307555162828,0.10368131759691614,0.09571197344901422,125,125
1084,0.38439602632583364,0.06495768857017531,0.10404259740765344,0.09562005557395316,125,125
1085,0.37331386318922843,0.06538038879731951,0.10367535589431487,0.0955572514707767,125,125
1086,0.35835027740146985,0.06503232124435539,0.10456268175881778,0.095429167236092,125,125
1087,0.3727814491671712,0.0650852804048363,0.10461057728657076,0.0954475589365318,125,125
1088,0.40114453392533306,0.06548866973850606,0.10525888368421818,0.09545322587130564,125,125
1089,0.37632757064147426,0.06596364704692118,0.10259552478915696,0.09547916439273031,125,125
1090,0.3604940728154095,0.0667973944322177,0.10061346356738166,0.09554686331152494,125,125
1091,0.3480183089210715,0.06788026698988758,0.10048714895415535,0.09567393156447106,125,125
1092,0.35217837290491694,0.0693916228098606,0.10363247054560741,0.09588967375939123,125,125
1093,0.3610523753959057,0.07017035413539252,0.10326045463863666,0.09614254475563512,124,125
1094,0.33809726627486697,0.047633243344457565,0.10160861229563879,0.09424557440172421,124,124
1095,0.31953771291417665,0.047996084366485905,0.10498570756768963,0.09432443412813211,124,124
1096,0.3596454598908519,0.04827345953745439,0.10745741274295897,0.09436231536043804,124,124
1097,0.34598480065915055,0.043009326764247874,0.10699300583732689,0.0949747281302965,123,123
1098,0.3789854914823017,0.04365880338194954,0.10092806292581998,0.0949862214835921,123,123
1099,0.37345375880074655,0.04441289466570726,0.10406092416598034,0.09504925947365651,123,123
1100,0.37863776425908485,0.04506695919071471,0.10784238895411166,0.09513625695624232,123,123
1101,0.37391597157826845,0.0457903709042194,0.10748057136623188,0.09513698518304577,123,123
1102,0.37370850133708244,0.0473755293879875,0.1055788059649051,0.09526749809851999,123,123
1103,0.3739290259793873,0.049847518130170056,0.1048907269229163,0.09540404455615123,123,123
1104,0.37656153978742807,0.0526441519156255,0.1036532699526089,0.09553273216719611,123,123
1105,0.3831377259474439,0.05572190938937399,0.10375413036202763,0.0957126652125936,123,123
1106,0.3799016151504259,0.05913302982142397,0.10685314375592782,0.09590490277008125,123,123
1107,0.38339138428482283,0.0628702526715126,0.10630729093337714,0.0960572241963462,123,123
1108,0.38082572402397696,0.0668895346729983,0.10529190477879469,0.09619675730462339,123,123
1109,0.3769333165584451,0.07040984762809528,0.10474874377564093,0.0962582264967279,123,123
1110,0.3892193747870551,0.07378966158350928,0.10572245599522766,0.09636322582692797,123,123
1111,0.3823393463075047,0.07654900180217986,0.10445987869267812,0.0965953472212847,123,123
1112,0.37197023487328723,0.07890698306776757,0.10192283187191953,0.09688382250612314,123,123
1113,0.3798456468242835,0.08084342815557262,0.10278948023169593,0.09718501712419023,123,123
1114,0.38800940454222355,0.08250803412475537,0.10439667715744104,0.09739945915204963,123,123
1115,0.37643794700774874,0.08297053956863099,0.10531161948548257,0.09735984132259462,123,123
1116,0.38567675957482656,0.08279892684318833,0.1015165071439997,0.09724149853555833,123,123
1117,0.37792379373990215,0.0821604694129833,0.10037400090530338,0.0971644324586118,123,123
1118,0.3570728757413788,0.08175774608216786,0.10008791579754778,0.09674638510159159,123,123
1119,0.3717147866699925,0.08143238073658425,0.10013186585367212,0.09630105509215996,123,123
1120,0.38186165214867374,0.08181105084253305,0.10013909528244432,0.09599458629074638,123,123
1121,0.3758257258869804,0.0819471176355243,0.09761413521055577,0.09557875928324736,123,123
1122,0.36810740423359667,0.0822029562489108,0.09573520004472902,0.09527043461257281,123,123
1123,0.3635066910794889,0.08126515389662585,0.09811865276375041,0.09492931652631847,123,123
1124,0.35751753261891966,0.0809563223554907,0.1004973158613054,0.09467759425289295,123,123
1125,0.3532940621632386,0.07980314615094514,0.09825703237802487,0.09441349451739074,123,123
1126,0.34562998873456724,0.07820776863919947,0.0967784766287893,0.09422287358975362,123,123
1127,0.35523232128353066,0.075851670960562,0.09633652772274306,0.0939858994965676,123,123
1128,0.36603292217419875,0.07385693149884168,0.09566749412830378,0.09381870459255985,123,123
1129,0.34268310360984827,0.07222041752544242,0.09377448415418597,0.09367609771713281,123,123
1130,0.35237296425647785,0.07021897033472087,0.09609051249494677,0.09364959341573796,123,123
1131,0.3413864056450037,0.06805565490831077,0.09621328103110935,0.09360268153723318,123,123
1132,0.3350271821225047,0.06484776289394391,0.09810720118769257,0.09345166950737678,123,123
1133,0.30494443044460323,0.06201525401487411,0.0979701075785776,0.09337108835835836,123,123
1134,0.2820475651064127,0.0584857831148444,0.09909982361585352,0.09329613346695703,123,123
1135,0.2727588726256177,0.05462745285208749,0.1017499116357168,0.09318190976005594,123,123
1136,0.25451315693043575,0.05109190600431057,0.0974168878778645,0.09305551863060363,123,123
1137,0.28570627198449705,0.04712100082329953,0.09950632478319794,0.09293029275604775,123,123
1138,0.2856025104677657,0.043138944713116405,0.09897084528452996,0.09285647969458523,123,123
1139,0.2635392201729286,0.039239783384238516,0.09870334039389286,0.09279316348087913,122,123
1140,0.28817006682752594,0.016806078189871045,0.09576509107558631,0.09148248893023157,122,122
1141,0.28165838843924734,0.012893503107538696,0.09565907275510188,0.09112984778956758,122,122
1142,0.26767465907455956,0.008384067951996952,0.09536904378714607,0.09066307714682059,122,122
1143,0.26049214807609683,0.004298967393461607,0.09912141528676421,0.09014564059102011,122,122
1144,0.25751621079834175,0.0002717228164020309,0.09842237753278074,0.0896776657455589,122,122
1145,0.25671512883228736,-0.003637552474181127,0.09785076920832614,0.0892549960757056,122,122
1146,0.26244017651394824,-0.007730358191575971,0.09779892577407955,0.08880589516043559,122,122
1147,0.2546805530924632,-0.011273023215456424,0.09825620894831243,0.08832528224150554,122,122
1148,0.2607951886956281,-0.01492325800094944,0.0981367686839293,0.08782726114245475,122,122
1149,0.2627642361580892,-0.019170530319845707,0.09715738611337914,0.08731454302720927,122,122
1150,0.2645798801009913,-0.02333765394625331,0.09710250716797972,0.0868165842228302,122,122
1151,0.28624882289932824,-0.02787107054734771,0.09015077930902168,0.08622764132981374,122,122
1152,0.2846256948498317,-0.032103595686946845,0.09698822036829273,0.08567737812120751,122,122
1153,0.28270320154126016,-0.03499218384831961,0.09987573152102276,0.08508737865909574,122,122
1154,0.28451483693014495,-0.03733786786913722,0.09927287229029144,0.084524461441482,122,122
1155,0.27969290025096244,-0.04049021242598947,0.09737561604760481,0.08388053118671518,122,122
1156,0.3101221300252293,-0.04353059282930365,0.09365562417145569,0.08333802108041238,122,122
1157,0.3031454575419675,-0.04618512446642156,0.09571420270589819,0.08282841082340812,122,122
1158,0.3098747664393459,-0.04763243637645127,0.09928567539582048,0.08252081419050179,122,122
1159,0.30331324665384535,-0.049419984548468306,0.0947605662295975,0.08206437323975287,122,122
1160,0.31039924191606266,-0.05039162616991415,0.09281380151114514,0.08163408080700635,122,122
1161,0.310217184868017,-0.05065929876461313,0.09301039297650358,0.08126147655495773,122,122
1162,0.3125239994834134,-0.050756816051621356,0.09401769621075888,0.0809092524724328,122,122
1163,0.32200680907190826,-0.05089069784821879,0.09292163929093658,0.0805005064156912,122,122
1164,0.3169102349037469,-0.05122789224915456,0.09248423181031232,0.08019895467358869,122,122
1165,0.3210174187310549,-0.0511957848314153,0.09241650492140417,0.07995018662544354,122,122
1166,0.31927737748478696,-0.05152258487690205,0.092861246542387,0.07972650927728718,122,122
1167,0.3153866941725888,-0.05187699464546369,0.09317373101878992,0.07959704066939684,122,122
1168,0.3187810999808876,-0.05260403365262083,0.09267884464374544,0.07952559387592562,122,122
1169,0.3414163382955689,-0.05288134274804541,0.09311457394148036,0.079414492506243,122,122
1170,0.3253802932590684,-0.053326240514610615,0.0928030832571702,0.07937847361275434,122,122
1171,0.32465296331401583,-0.053633567458156506,0.09387332559262412,0.07937461921518782,122,122
1172,0.3195625269824575,-0.05383297941490989,0.09103545521053295,0.07941385959811884,122,122
1173,0.313368844039154,-0.05407152864915372,0.09101524179794496,0.07955773123095078,122,122
1174,0.3152663362127044,-0.05425339988006856,0.09123311582077887,0.07970763339255359,122,122
1175,0.29549892975306336,-0.05424977135346451,0.0912384480555048,0.07991490126511414,123,122
1176,0.2884582031966533,-0.05441520840122742,0.0902031655929479,0.08021827990304617,123,122
1177,0.2822191107244991,-0.05460060285610505,0.09023917116640771,0.08055516506054353,123,122
1178,0.28191757447645927,-0.05523197430257393,0.08993943236496572,0.08100538672121674,123,122
1179,0.265019929359354,-0.05629937034897343,0.09414927126586936,0.08154554229637041,123,122
1180,0.30408704361720273,-0.05717894559247545,0.08713399655777561,0.08213530153717977,123,122
1181,0.3174281149451766,-0.05863026877173841,0.09034156196302616,0.08286804166052679,123,122
1182,0.2860412121482484,-0.05997139493121088,0.09014972060462624,0.08353781522077362,123,122
1183,0.2716921697203684,-0.060664021079002005,0.08865991940091329,0.08428582287763728,123,122
1184,0.2914201546612904,-0.06142221976770801,0.08867180464410869,0.0851089644707923,123,122
1185,0.29893519657939427,-0.05807379996115731,0.08940534072570877,0.08525692655461105,123,123
1186,0.3406235675229355,-0.05705925471686652,0.09690725768437827,0.08596191834642535,123,123
1187,0.376601509450118,-0.05606918303751143,0.10359089863763674,0.08675940957801836,123,123
1188,0.323600285118949,-0.054326859014749394,0.0890134352790916,0.08786476351300006,123,123
1189,0.3127053580977689,-0.053155574284579094,0.0890126560419652,0.08893496255803307,123,123
1190,0.32693511538817854,-0.05151695940465902,0.09020353492365789,0.08991399344561023,123,123
1191,0.3274136769698169,-0.05076040748646993,0.08855002517072026,0.09021811169188766,123,123
1192,0.3317915367676656,-0.04877872815020931,0.0884225868056342,0.0905614050936172,123,123
1193,0.3267167203737559,-0.047881880446392446,0.08728079702131103,0.09074142118985117,123,123
1194,0.3193761635482933,-0.046439152489111006,0.0853507304282396,0.09096979632779713,123,123
1195,0.32843035772294205,-0.045643147975226436,0.08770013690597052,0.09113619984059707,123,123
1196,0.3524437031615976,-0.04574109400848451,0.08982158001630108,0.09119990024822605,123,123
1197,0.34747902410077464,-0.04582931426018913,0.08738651955992006,0.09127441014195294,123,123
1198,0.33848132912619744,-0.046199411679753374,0.0884875756002058,0.09131319880815603,123,123
1199,0.36687795465259115,-0.04544553430188121,0.09641092706910197,0.09151418322835442,123,123
1200,0.33828015278817347,-0.044152390451548035,0.09033133232175242,0.09169969658455727,123,123
1201,0.34020862081667164,-0.0425410147502827,0.090310126871743,0.09192000199391355,123,123
1202,0.34528119710095695,-0.04010764934072932,0.09175416488077356,0.09206930155915148,123,123
1203,0.3492323068758505,-0.03829497859804556,0.09254578799885754,0.09215741533169429,123,123
1204,0.3476998869999751,-0.03676547361949289,0.09360015678088067,0.09215011160199599,123,123
1205,0.3160639912035178,-0.03572641253494929,0.09281204397776154,0.09214104115233196,123,123
1206,0.3307388687280517,-0.034049633666053444,0.09349523973392589,0.09198864385783671,123,123
1207,0.34727359679555764,-0.031189346699169423,0.0948878902929206,0.09189532489290769,123,123
1208,0.35933239729727645,-0.028580257514802726,0.09838065726881799,0.09184685898972594,123,123
1209,0.3610262845975429,-0.025651341181261944,0.09882538526653589,0.09169772963898448,123,123
1210,0.36007868664353676,-0.022322861431457158,0.10064102645516601,0.09150278936428971,123,123
1211,0.3723823608816614,-0.019451875954046894,0.10289478016226965,0.09141634056832541,123,123
1212,0.37310771024330736,-0.016704403767470163,0.10534845783855097,0.0912846103348386,123,123
1213,0.3700556325564141,-0.014475178190636992,0.10510207938366022,0.09119481146311434,122,123
1214,0.36164796233967944,-0.013583376454507393,0.10345398259861666,0.0917802966029936,122,122
1215,0.34528249961945345,-0.011092584016165065,0.10042015039764395,0.09160007758418548,122,122
1216,0.35461982685089766,-0.008908221077100098,0.09965059704704515,0.09145554845910125,122,122
1217,0.3881186654291513,-0.006902696297027621,0.1055513299830531,0.09125353088389318,122,122
1218,0.395503924135552,-0.005874435129046191,0.11462101106540541,0.09116226197534455,122,122
1219,0.34500048021265806,-0.004241393785554567,0.09993841972988758,0.09119814906853811,122,122
1220,0.315050196033325,-0.0031539211831868885,0.10074566420095897,0.09113553404864559,122,122
1221,0.30241557943876873,-0.002057091548832681,0.09730986627902881,0.09099011071026689,122,122
1222,0.3064259368470144,-0.0008828506171353148,0.09609448464102412,0.09096790851404765,122,122
1223,0.308838964140276,-0.00030384634316761377,0.0950554085642678,0.09092973249436853,122,122
1224,0.2962428722770819,0.0006268679094168197,0.09614936586066254,0.09089200041662632,122,122
1225,0.29158721269357274,0.0020791408419155053,0.09758349560433564,0.09112050179626766,121,122
1226,0.2858243024813105,0.004866181673717152,0.09802742654375006,0.09108300494180996,121,121
1227,0.29102094279638197,0.004576185426505272,0.09574785685768271,0.09027864629583442,121,121
1228,0.3060355305050422,0.0055240586477280935,0.09586043280776954,0.08957307610786353,121,121
1229,0.30680024574963494,0.006217622588230941,0.09909353822775575,0.08898877995859394,121,121
1230,0.30950842502428,0.006702289875355131,0.09925749133896429,0.0884048700444305,121,121
1231,0.30720459635376857,0.00727559809226815,0.09859524040347321,0.08765907651412601,121,121
1232,0.30647050047718877,0.007448614468410495,0.09745773038730682,0.08685892813366831,121,121
1233,0.29482642762244166,0.007769663223982159,0.09622654590065628,0.0861646211097372,121,121
1234,0.31518675231657123,0.008618867681331242,0.09508042924588231,0.08557710261766407,121,121
1235,0.29689582294054884,0.010303600962401535,0.09299625979232279,0.0849860784765028,121,121
1236,0.29678173937159913,0.013106318488459133,0.09207059918412096,0.08428293594190105,121,121
1237,0.30079449246093126,0.015205071848658425,0.0911358957514874,0.0836136200092024,121,121
1238,0.3063138382974081,0.017254549401536423,0.091282275248256,0.08298703263230343,121,121
1239,0.2956767091050527,0.01942410074944432,0.09068185414183588,0.08235891098135212,121,121
1240,0.28026899843443526,0.021790625864261694,0.09225715967915646,0.08183989016995256,121,121
1241,0.2882916910500913,0.02508231147414234,0.08975039059707278,0.08141753356055663,121,121
1242,0.29641536161148097,0.02759467169146183,0.09056825770291436,0.08117355549555742,121,121
1243,0.30280636832109126,0.02965258313666953,0.09235294952599693,0.08090113198737786,121,121
1244,0.3001228799107879,0.0307093902144472,0.0988293566462043,0.0806678504609129,121,121
1245,0.3445786791383014,0.030775177734192038,0.09477096190081352,0.08048745982602172,121,121
1246,0.34338860956874073,0.029950217563736815,0.093711662253051,0.08036645682478323,121,121
1247,0.3458027349072402,0.029806653329892262,0.09326946655680471,0.08021104028817651,121,121
1248,0.34347464368323266,0.02904528001063666,0.09197662257738463,0.07996545552797134,121,121
1249,0.35721314162033896,0.028243281259356216,0.09374383503703597,0.07972122141752659,121,121
1250,0.45664299065008657,0.027852997794457945,0.13435443117343102,0.07956889274223279,121,121
1251,0.36825715967854805,0.028865899990486377,0.09345095554197275,0.079494351653258,121,121
1252,0.33838411210722114,0.028978636919182933,0.09300114923141126,0.07922606005598419,121,121
1253,0.35193154481742384,0.02982163029650854,0.09360472675402792,0.07883959955942166,121,121
1254,0.3640220806649713,0.030775231277643908,0.09316030125842886,0.07848392020916328,121,121
1255,0.34558069036591504,0.03256128324645612,0.09598116684898962,0.07828811942487203,121,121
1256,0.35955686302644163,0.034941459820898364,0.09728354687712555,0.07817524553373063,121,121
1257,0.35301094113589426,0.03749472813838,0.09553841388783609,0.07806369744724984,121,121
1258,0.3573262781380238,0.03985996317951192,0.09307536786465148,0.07797594206152757,121,121
1259,0.3673683102197947,0.04178119223117204,0.09290831375131993,0.07791243578313366,121,121
1260,0.3556319490585603,0.04336616968641936,0.09305882114521181,0.07776619518317006,121,121
1261,0.35367081132009676,0.04515955561452292,0.09369954325918323,0.07768525185858295,121,121
1262,0.35308259523487645,0.04619664465005433,0.09246137662490864,0.07751335692205814,121,121
1263,0.353807271909212,0.04760921047013636,0.09070411006405878,0.07740933756435743,121,121
1264,0.3465813604908572,0.05047163560144251,0.09166023833422562,0.07736053180312179,121,121
1265,0.3625711494814459,0.05295558718878792,0.09121009676969073,0.07732210154436202,121,121
1266,0.36068526588415645,0.04423230108223803,0.09179926237884335,0.0773090553803654,120,120
1267,0.3657066422209123,0.04440738903972766,0.09075019365091103,0.07733968536959389,120,120
1268,0.3621575744826158,0.04451977590771416,0.09075054149771623,0.07750434458785857,120,120
1269,0.3403327575772788,0.04464255712378353,0.0902870473384581,0.07774369768144032,120,120
1270,0.33802184074478603,0.044549205666446635,0.0885768777384086,0.07799285013482127,120,120
1271,0.33491434779440304,0.044920420019069714,0.08822109186008531,0.07828672356989534,120,120
1272,0.33343627731162623,0.045644566520488795,0.08860203633602384,0.07847999802739124,120,120
1273,0.32632169281085954,0.04525302510367004,0.08807273147494156,0.07866169042320974,120,120
1274,0.32715382696553885,0.044548944854644064,0.08721480325955057,0.07879638944219347,120,120
1275,0.33160302837855815,0.04337343429945121,0.08688252533461636,0.07899018639620035,120,120
1276,0.32633837465266263,0.04242986977523417,0.08813646085632224,0.0792065249166626,120,120
1277,0.33131811160801383,0.04120944061637041,0.08960251409305468,0.07947500601876957,120,120
1278,0.3307377061463839,0.04078893379057802,0.0894805284830331,0.0796930779395321,120,120
1279,0.3276261328936484,0.04018915261931854,0.09180009246818706,0.07983920178223361,120,120
1280,0.31914258749966123,0.0395037886806383,0.0893696466065653,0.08003722182081988,120,120
1281,0.31754145767851444,0.03888212233219251,0.08735704214341686,0.08025362915345634,120,120
1282,0.3126878942681311,0.03776924575389325,0.08665528803339433,0.08040949310603263,120,120
1283,0.3088202917450264,0.037007371899061746,0.08684394752948794,0.08056952817244697,120,120
1284,0.2977275933015501,0.03557710960748635,0.08756318266054423,0.08075531056833692,120,120
1285,0.2937505847778379,0.033922472427997466,0.08811280406484402,0.08079429787373174,120,120
1286,0.2961178429960953,0.034866336556110135,0.08790145199542883,0.0807734910147994,120,120
1287,0.2900207336715465,0.03507837996585449,0.08695275377733439,0.08070733218344843,120,120
1288,0.28889823190758823,0.03505351096783378,0.08601036294577664,0.0805909841482179,120,120
1289,0.28949838848511966,0.035286461391523756,0.08574408048017344,0.08056281435080624,120,120
1290,0.3040786505695131,0.03618605523448283,0.08512433060551017,0.08054037967584937,120,120
1291,0.30179094429528364,0.03757255850222907,0.08578578715129533,0.0805409235126902,120,120
1292,0.27455848977434794,0.03899525260826254,0.08392406898084874,0.08059629938579309,120,120
1293,0.25837334419302926,0.041141728945175406,0.08744036733164226,0.08075605676545733,120,120
1294,0.26935840017412527,0.04278347749756388,0.08613566433809325,0.08092078285381839,120,120
1295,0.2727439926523459,0.044240513768766386,0.08818472853403415,0.08118301398707306,120,120
1296,0.27368533546623397,0.04426647713077525,0.08882991450117525,0.08154096181788582,120,120
1297,0.29349051500599427,0.044959909879328526,0.08906010392638546,0.08193098749051195,120,120
1298,0.29932178678147275,0.046250758619621496,0.08897131841819192,0.08241930794315083,120,120
1299,0.27969417692244797,0.04779254812997884,0.08821923967482692,0.08296264051764747,120,120
1300,0.2848450819134447,0.049197956782185685,0.08848617931958984,0.08340605673796121,120,120
1301,0.28687577398322134,0.04951045897924155,0.08795534102012588,0.08380371880470304,120,120
1302,0.28010107319454336,0.04980601664912534,0.08826132555007511,0.08415392457144887,120,120
1303,0.28652354528102486,0.050634945778327195,0.08799071205145366,0.08456617590438155,120,120
1304,0.29302686694397456,0.05315980820916519,0.08997338451823271,0.08501781241761958,120,120
1305,0.30573706754794217,0.056181115097371746,0.09082327905579118,0.08549192099679334,120,120
1306,0.30101885650676724,0.05942322190481704,0.08850364564513692,0.08580367729293371,120,120
1307,0.2895344401280331,0.06284759185681373,0.08555943711952198,0.08621421748403339,120,120
1308,0.26626578292293634,0.06697308562739208,0.08531880801352686,0.08662380512573972,120,120
1309,0.2637828906998498,0.07129509457276191,0.08832326529996525,0.08705890394441078,119,120
1310,0.2597759158675778,0.07693152474471557,0.08996917525692216,0.08810962201392501,119,119
1311,0.2724475010692274,0.08113064438368434,0.08844929068465322,0.08844900070205962,119,119
1312,0.29392748740057084,0.0843747132107607,0.08772948866492958,0.08871193885225509,119,119
1313,0.2714345469595753,0.08737364544688618,0.08881280983557699,0.0890224883641827,119,119
1314,0.2607998470640338,0.08992788984376326,0.08729512619982345,0.08905705589065564,119,119
1315,0.2503233927239529,0.09172244411861133,0.08622164318428026,0.08892040127830665,119,119
1316,0.26312146434062084,0.09381996550884937,0.08712547481458824,0.08872436220767305,119,119
1317,0.26999876057760114,0.09539621823362364,0.08674600170273218,0.08846067628366579,119,119
1318,0.2829166346823589,0.09694638155146956,0.08664393724368047,0.08808256721693061,119,119
1319,0.2771661170404085,0.09798620364350061,0.0848312670887972,0.08766739216237726,119,119
1320,0.26879097997048934,0.09870905007861676,0.08403528400343285,0.08722336443011955,119,119
1321,0.2568010094968395,0.09944302890759496,0.08235628669211878,0.08677881501565175,120,119
1322,0.2734725472009562,0.10110337227851966,0.08731470813236994,0.08647519539143067,120,119
1323,0.2528753172349026,0.10261875870167601,0.08599822770369735,0.08625342648227002,120,119
1324,0.27151857520535433,0.10351104160679038,0.0835196144315952,0.08602091127131818,120,119
1325,0.2928239031659737,0.10409648323953591,0.084829003768422,0.08594944734462939,120,119
1326,0.28883211610158077,0.1050324128239921,0.08310918295365892,0.0858916234188627,120,119
1327,0.26765351843224955,0.10604900996801071,0.08282349834269205,0.08588774025774132,120,119
1328,0.25145605601132337,0.10656224708547121,0.08200250052200872,0.08583989174815813,119,119
1329,0.24895051152747355,0.10928621084338005,0.08049126332605996,0.08644890700590012,119,118
1330,0.27429521350961944,0.10924960065771612,0.08620501947095442,0.0864751396142773,119,118
1331,0.266855059408783,0.10506418109569311,0.08157735246589176,0.08592598554278831,119,119
1332,0.24562929309865658,0.10542659821207086,0.08171675740964002,0.08596327023596906,119,119
1333,0.23638278272581226,0.10674340934467479,0.08405495038379861,0.08605449240322756,119,119
1334,0.2365672579529392,0.10793806757060252,0.08360639852341235,0.08620892113480212,119,119
1335,0.23943291156426869,0.10990576346152461,0.08308289137611474,0.08633792765511318,119,119
1336,0.25100486435229663,0.11183625769963261,0.08035263110674136,0.08644042003758677,119,119
1337,0.26805406981536,0.11403806881066102,0.08080160719919914,0.08651178230519291,119,119
1338,0.26291243798648534,0.1159145837715397,0.08053220965767745,0.08663984109408808,119,119
1339,0.25824748694279176,0.11749680287521352,0.08017401945970049,0.08675579430759149,119,119
1340,0.2490978625647184,0.11874887079912992,0.08028344144884149,0.08689473369468723,119,119
1341,0.2570868230586489,0.12036615669176029,0.07889863542564393,0.08699876778298864,119,119
1342,0.24950217354619875,0.1221412135438577,0.07762466489738715,0.08705652263918254,119,119
1343,0.25066362468014086,0.12422660397738582,0.07745584531354986,0.08682702678750842,119,119
1344,0.24919793981668034,0.12603865090076802,0.0779883352063233,0.08713082217399623,119,118
1345,0.2448516087433846,0.12827481978400335,0.07986371300684021,0.0867749175824147,118,118
1346,0.2436367917459711,0.12933841663865,0.07906088094609158,0.08635353091910228,118,118
1347,0.23811620076373818,0.13102562638433185,0.0789168639075311,0.08594238934401001,118,118
1348,0.24920222643524015,0.131715161510314,0.0802852354056773,0.08549568818541677,118,118
1349,0.25777680467622294,0.13227140482619335,0.08091436080495513,0.0852040367125247,118,118
1350,0.2648800707060819,0.13168631369918476,0.07838501375876897,0.08502281565148988,118,118
1351,0.25514534741722866,0.1311398519902407,0.07841032015042293,0.08487022053772958,118,118
1352,0.25095742468317916,0.13016614571317195,0.08097683595010208,0.08469204824621926,118,118
1353,0.26060830260562207,0.12923657642729228,0.08047840094467118,0.08455675529186975,118,118
1354,0.23844827962683365,0.12862767447656248,0.08011278135137252,0.08448717819939577,118,118
1355,0.20149856589113557,0.12787811221646422,0.08244092728199813,0.08442451012380774,118,118
1356,0.2215920678530818,0.12754752631185381,0.08083875768197062,0.0843844156862738,118,118
1357,0.24847512784055345,0.1267926803672035,0.08274900142122765,0.08427650477264696,118,118
1358,0.2329029606458796,0.12537052053616557,0.07875844922064026,0.08417320173334183,118,118
1359,0.26983448713815716,0.12370887651119558,0.088618378884173,0.08411857918679728,118,118
1360,0.27750277032603327,0.12053458789676486,0.08417275169037018,0.08408313415133063,118,118
1361,0.24947901946276543,0.11869955303883901,0.07801948310743623,0.08394280705829918,118,118
1362,0.24486496572259853,0.11711577839170395,0.07696462983884186,0.0836181730094537,118,118
1363,0.2447414378021849,0.11535844799905602,0.07818835172520547,0.08334952706154468,118,118
1364,0.25587054711351964,0.11246719663125972,0.07918660694315881,0.08301880638534952,118,118
1365,0.2545687458697223,0.10931447523516466,0.08016124643711747,0.08265971154275437,118,118
1366,0.260120842389497,0.10581384322944802,0.07838891151829955,0.08224259972913565,118,118
1367,0.2574664138365216,0.10221562890566929,0.0792269270414211,0.0818330002844582,118,118
1368,0.2533562924085252,0.09811219382113123,0.07933142867325065,0.08141150027571703,118,118
1369,0.2514257371502196,0.0934341769880286,0.07735900109494813,0.0809795870202138,118,118
1370,0.2562960001318716,0.08869723067413145,0.07719853873676495,0.08057926822616676,118,118
1371,0.270563583825449,0.08434349984128944,0.07809422020256135,0.0801701547942371,118,118
1372,0.2548839303713,0.0802932280414788,0.0779184397261395,0.07980650304356189,118,118
1373,0.2370745910846596,0.0764956002314837,0.07839016599820893,0.07952217674683877,118,118
1374,0.20944311092232668,0.07317754338599482,0.07941938858221732,0.07939022694042097,118,118
1375,0.23685828777632015,0.0708724002449192,0.07791281380905697,0.07926832442108107,118,118
1376,0.24810561191601052,0.06817139380882398,0.07901589243755178,0.07913103163631922,118,118
1377,0.24981715072806618,0.06584146707092824,0.07824861771816662,0.07903908644231716,118,118
1378,0.24753214837674095,0.0636157148624901,0.08016861661788327,0.07892609216497642,118,118
1379,0.2681276054025458,0.06197934650434147,0.07931155707502159,0.07882924188810861,118,118
1380,0.28216769178631357,0.06184711878097514,0.07899368061931232,0.07884354023336607,118,118
1381,0.25081162528617534,0.06223538750454868,0.07934195674234032,0.07889027386929315,118,118
1382,0.24952421542591544,0.06183320184481946,0.0785880322538209,0.07871798538158518,118,118
1383,0.23599975203545884,0.06124533978358215,0.07879126524962299,0.07856604658457604,118,118
1384,0.2261455538091817,0.06044493092062563,0.07954560061635851,0.07841422696199563,118,118
1385,0.2515847605257346,0.06030541817858849,0.07835033950145986,0.07832545844482282,118,118
1386,0.2834466845616993,0.059477441546996156,0.08021330190237144,0.07822816217836288,118,118
1387,0.273812448912391,0.058490878005695815,0.07992526134723651,0.07820554199637643,118,118
1388,0.24251589304524174,0.05716687580891769,0.07692312468989394,0.078301020382651,118,118
1389,0.2319405674934306,0.05658756568661365,0.07797680088445517,0.07847750299352142,118,118
1390,0.2311410294389139,0.05659394672823341,0.07931225426962454,0.07865434184859126,118,118
1391,0.24140143420564564,0.05601763387827786,0.07993700912853814,0.07876085428105671,118,118
1392,0.25025416656534705,0.05462301168205076,0.08189422036042589,0.07890029083248436,118,118
1393,0.26447358680560307,0.05261818689966866,0.08268974199052942,0.0790538590126205,118,118
1394,0.26343238361448745,0.05152711431348086,0.08118308418097206,0.07913747707174507,118,118
1395,0.24621187807861727,0.0500768113309233,0.08161625550135061,0.07926662178802232,118,118
1396,0.24828483100684237,0.04881489130050046,0.080999889566928,0.07945375787882926,118,118
1397,0.24955463372893358,0.04788255353661548,0.08098364869888322,0.07964186556876401,118,118
1398,0.26701753983619475,0.04699067041776583,0.0810178571310259,0.07978689284405181,118,118
1399,0.26559276741503046,0.045984093889624045,0.08173097828570844,0.07996325197500814,118,118
1400,0.25831034124520486,0.04518359094982244,0.0812927967423838,0.08007766404696928,118,118
1401,0.2605925102433337,0.04351408571477505,0.07868990773584049,0.08020340716656958,118,118
1402,0.257697341318287,0.04575525203788823,0.07976466360551435,0.0809272573697622,117,117
1403,0.2601213631828813,0.04366229090230161,0.08162138691214318,0.08104274338097399,117,117
1404,0.2570896521866179,0.041165030713656826,0.08004993443012608,0.08108798863768549,117,117
1405,0.24719539544873004,0.03888865902460098,0.07890868754639907,0.08108279237682235,117,117
1406,0.24432103405662214,0.036262044607629676,0.07926291918673298,0.0810657104094069,117,117
1407,0.21428769676226705,0.03368996839449751,0.0818175990296077,0.08107200174708509,117,117
1408,0.2184586689283208,0.03157578743910966,0.08156450913521371,0.08116548844961217,117,117
1409,0.2281475886823651,0.02944611613061026,0.0793984589651101,0.08129596794104219,117,117
1410,0.2587741174584576,0.028267905927048084,0.07814110700762489,0.08131127744119734,117,117
1411,0.26845731164869846,0.027026685013905427,0.07988172232679092,0.08138645068225453,117,117
1412,0.27277727129312046,0.02617122473955557,0.07843309366577478,0.08141122491754925,117,117
1413,0.2501215168062923,0.025093804651705527,0.07839194216944256,0.08140688867426102,117,117
1414,0.247422038371895,0.02414669180246704,0.07899771532784991,0.08154321904547827,117,117
1415,0.22317726114778463,0.023124747576456522,0.08122205520873146,0.0817167935206158,117,117
1416,0.20841610273746042,0.021609331445636086,0.08274254941051187,0.0818876602184604,117,117
1417,0.21185253888328037,0.02052687296012669,0.08299528877247916,0.08214998428115033,117,117
1418,0.19415509713218798,0.019283269208833744,0.0840789620200449,0.08243077926566951,117,117
1419,0.2062827287007852,0.01851671066215818,0.07900502792590368,0.08264900920486569,117,117
1420,0.23066023134011368,0.018905441218839775,0.07661288458890347,0.0828381606337003,117,117
1421,0.2537615417472641,0.01871849908838198,0.07756868803248639,0.08309566891676393,117,117
1422,0.2481134778748198,0.018596394977463637,0.07704560078634808,0.08344134423542579,117,117
1423,0.24163583984258097,0.017626065014125527,0.07854745497113734,0.0838735642409359,117,117
1424,0.23937221721822696,0.015888190906209177,0.07874711567134181,0.08429359313536065,117,117
1425,0.22646105213215792,0.014096900091119397,0.08022845820005886,0.08476271744705872,117,117
1426,0.24594031891888557,0.012128833306597486,0.08031503869684169,0.08511657612420274,117,117
1427,0.2448558493470663,0.010535837262528349,0.0795360509615211,0.08543166936921257,117,117
1428,0.2289417116198624,0.009037248464233814,0.07993432451558587,0.08580588482868762,117,117
1429,0.22342271830988217,0.008013098903785236,0.07865866992490794,0.08617871057976151,117,117
1430,0.19821055782106148,0.00823958562125228,0.08022442376395471,0.08653420373761216,117,117
1431,0.2085315697677288,0.008736489101703547,0.08025497646438018,0.0869048129323655,117,117
1432,0.2138633109110164,0.009835035539418977,0.07940093709101768,0.08723271161556666,117,117
1433,0.21007716829870943,0.011012394720552633,0.07903370439353198,0.08753881868096808,117,117
1434,0.2130032825561649,0.011883389918291553,0.08019641547581689,0.08785078037846368,117,117
1435,0.19520329998543876,0.012153564637438883,0.08052091158494729,0.08819154881875725,117,117
1436,0.17099932873073537,0.012767992682668188,0.08136815612317556,0.08851921211679573,117,117
1437,0.18543867175967374,0.014042647789878659,0.07791526362790346,0.08886761390439563,117,117
1438,0.19439343865334222,0.015070464404104474,0.07760101471036121,0.08915895550851163,117,117
1439,0.19666757362496964,0.015769336842540737,0.07778974963871835,0.0893917447718229,117,117
1440,0.19686942207161318,0.01580571141987867,0.0781129772335646,0.0895481833806454,117,117
1441,0.19464340058106153,0.016046400082165384,0.07895389416747925,0.08971601507379498,117,117
1442,0.18687374284811314,0.016395154093670334,0.08113524411191687,0.0899415349742477,117,117
1443,0.20532170498853186,0.01719108630925696,0.07978602356185288,0.0903003883837391,117,117
1444,0.22858207205587822,0.018884648535776056,0.08164135892666916,0.09060462747662495,117,117
1445,0.24008815740051542,0.020102170515253263,0.0831233415215592,0.09085068287594837,117,117
1446,0.2361723114597076,0.02171331382749912,0.08200258277785101,0.09111389046207174,117,117
1447,0.25825625395702206,0.024356769150259666,0.08091236166471519,0.0914119067842161,117,117
1448,0.2505970594866064,0.027863489275033,0.08076707300438386,0.09188519445998955,117,117
1449,0.30233874827208645,0.03152159497382968,0.0862602801044868,0.09234039773709893,117,117
1450,0.39060322993004265,0.03456329460149835,0.1396208722092101,0.09263290844891633,117,117
1451,0.32794779320014517,0.0379035371877797,0.0957459238079767,0.09295495847508299,117,117
1452,0.27277879844935476,0.04125833196139506,0.08747119887456904,0.0932927676547863,117,117
1453,0.2662072178059281,0.045014540438555746,0.09058916443836469,0.09356069389890637,117,117
1454,0.2671397605609873,0.0476172091785479,0.09419693927758244,0.09378605699202137,117,117
1455,0.26167809162834144,0.050579940114487416,0.09705443503954414,0.09410247368123657,117,117
1456,0.2858239985586943,0.0530592813777446,0.09549506237479531,0.09436558509912903,117,117
1457,0.2960758941672523,0.05533264569400288,0.093205464959451,0.09472005370339114,117,117
1458,0.26377804334485333,0.05719142426779162,0.09147506014749525,0.09512403973880541,117,117
1459,0.2501760885894982,0.05887965957570046,0.0881432768293249,0.0955464212263392,117,117
1460,0.25327030038756454,0.06098070865776809,0.08692628690443012,0.09601263898812105,117,117
1461,0.2531098387289183,0.0634241623037914,0.08863813084018013,0.096371426390484,117,117
1462,0.25728239146369214,0.0656564012709407,0.08952308687895563,0.09674317433444513,117,117
1463,0.25699519667812143,0.06843829551651628,0.08810164393537671,0.09715701753796051,117,117
1464,0.26934295302910344,0.07134189465048607,0.08878150847126606,0.09749607068522094,117,117
1465,0.26475084367410134,0.0745903872623489,0.08684461042358632,0.0979848590112316,117,117
1466,0.2377814429400974,0.0770515269941626,0.08507647199555891,0.09809387935643157,117,117
1467,0.24137220645619228,0.07886802407231311,0.0866602623631003,0.09823964120709841,117,117
1468,0.24202755312508567,0.08054004493482175,0.08565924816715352,0.09840171766497874,117,117
1469,0.2406960606194923,0.0814195249951507,0.08629929625798068,0.09838727697040275,117,117
1470,0.23320654172602293,0.08219375002704325,0.0854888985988905,0.09845891057472157,117,117
1471,0.22647145017419534,0.08231248152622185,0.08460074032893779,0.09845753135250496,117,117
1472,0.21896218358976607,0.0828091376169782,0.08415021455272366,0.09834689086430687,117,117
1473,0.22145999438559244,0.0831080387298997,0.08381040178255382,0.09819432607040592,117,117
1474,0.23703344742035584,0.0830198734952932,0.08609160400180556,0.09783028541551195,117,117
1475,0.23318822745481588,0.08375489515878723,0.08553506925594778,0.09745753487080182,117,117
1476,0.23247279966504686,0.08545903723196956,0.08654812029600197,0.0970588948408967,117,117
1477,0.2423347106916055,0.0867251901183492,0.08724536268086638,0.09668609399285574,117,117
1478,0.24633993053573347,0.0881040936372324,0.08920233348184547,0.09629673951407795,117,117
1479,0.23429099119989896,0.09018837569474866,0.08705574509533583,0.09594339159502623,117,117
1480,0.22449217312418965,0.09237028173239525,0.08649919593998767,0.09557839484142809,117,117
1481,0.21505398362649372,0.09484946060949376,0.0859561195801135,0.09526871807298207,117,117
1482,0.19328904511959355,0.09704852000537069,0.08598974420308354,0.0949798593546828,117,117
1483,0.19130840758486226,0.09971894267480699,0.0868046463276385,0.09478692685180437,117,117
1484,0.21531224315253494,0.1030168065176547,0.08706786668654191,0.09468835677348333,117,117
1485,0.20873787043685338,0.1064147449590271,0.08807749145189718,0.09456742444269516,117,117
1486,0.20908061721430093,0.1112079292928373,0.08591747626447477,0.09439039487234964,117,117
1487,0.19371739425323045,0.11499296339666511,0.08635881167556185,0.09414365234312042,117,117
1488,0.2112949488730063,0.11897324157300924,0.08622927803181374,0.09388402229463003,118,117
1489,0.22347940825547663,0.12392047719116067,0.08746926268032956,0.09369993821061365,118,117
1490,0.22881095348188804,0.12782227500134505,0.08826561242324164,0.09353703289582256,118,117
1491,0.213422711174159,0.13154694541023432,0.08992667905817699,0.09337431177220354,118,117
1492,0.19787928933252882,0.1351361238139172,0.08973727625867749,0.09333042089445048,118,117
1493,0.20177541309753338,0.13825759621633132,0.08957815027317668,0.09333942039370606,118,117
1494,0.1882901559963028,0.14052110847062105,0.08813447978250114,0.09330604630459323,118,117
1495,0.21511352595996586,0.14306694068187586,0.08703299504280074,0.09342707483968281,118,117
1496,0.18705356833023604,0.1449769666587489,0.09071246700389161,0.09355701627156479,118,117
1497,0.1839781247236889,0.145236938057759,0.0937462234583929,0.09358001813265145,118,117
1498,0.19968137640990424,0.14337396077163275,0.09102835179315695,0.09292146766888096,118,118
1499,0.2075660913025327,0.14393094348395505,0.08951609637108109,0.09294316753488958,118,118
1500,0.1859555021214444,0.14475766906060455,0.09142431338514806,0.09303639378743614,118,118
1501,0.1650565628595915,0.14514816128981353,0.09019208051291354,0.09311207388451526,118,118
1502,0.16509184180263567,0.14574572683750356,0.08894344162457679,0.09322543432707575,118,118
1503,0.1786547157309305,0.1459948172630076,0.08760364597689684,0.09308606347240139,118,118
1504,0.17454059614555084,0.14549472910895836,0.08812653929474146,0.09283513263385695,118,118
1505,0.17105390451595895,0.1452424105639827,0.08625478582072443,0.09266974938024264,118,118
1506,0.1756735825491774,0.14502363642134555,0.0846360712512539,0.0925074474758976,118,118
1507,0.17006060128123904,0.1438419570352594,0.08309060846473025,0.09231226344479415,118,118
1508,0.17294354218029453,0.14294693300933697,0.08492895113757172,0.09209586198567389,118,118
1509,0.1630578963197567,0.14126689271152731,0.08552281384096662,0.09185592098408688,118,118
1510,0.17672866251173552,0.13898489634240474,0.08700991922110839,0.09161109192978488,118,118
1511,0.17597462566354877,0.13748575397708132,0.08734185823859197,0.09149991994514202,118,118
1512,0.18590073162425402,0.13680732880111063,0.08789071930051058,0.09135319529962331,118,118
1513,0.20434806977490128,0.13603384499118937,0.08882226127966754,0.09118520538359473,118,118
1514,0.22290599829205832,0.1369999398197776,0.09062421251229817,0.09109910418604361,118,118
1515,0.20960721989042133,0.1374164292728819,0.08896935947254403,0.09094085224262553,118,118
1516,0.1820480800937321,0.13835879559520856,0.08693611055956749,0.09083377386380007,118,118
1517,0.1995806798291484,0.13940340614376304,0.08696787863568366,0.09073838089747366,118,118
1518,0.2186180309946532,0.14117851984884397,0.08799712442577831,0.09066796642329476,118,118
1519,0.21956018865748383,0.1428151758296154,0.0892981488731179,0.09050725222904671,118,118
1520,0.18573453010690716,0.1442807593088782,0.08956091966108946,0.09050293009981115,118,118
1521,0.18383444508464816,0.14577073775991567,0.08950458377701036,0.09052726847155576,118,118
1522,0.16293618168940066,0.1470754831004505,0.08812986953972571,0.09058995744362289,118,118
1523,0.15593720045983334,0.14837317932064117,0.08666049321072862,0.0906791580962215,118,118
1524,0.1662949624021323,0.14885967196439268,0.08576956235986911,0.09076880739832129,118,118
1525,0.18164857390879519,0.14970707922280407,0.08576028486024136,0.09081966463850287,118,118
1526,0.17563174705582935,0.1510995590426044,0.0862644283963012,0.09084778661449873,118,118
1527,0.19001137034793117,0.15333832561796745,0.0866191689678867,0.0909817932884035,118,118
1528,0.18964081504623873,0.15605185436182112,0.0867292103610588,0.09116552440774099,118,118
1529,0.18041667980405546,0.15833215073766527,0.08609377060735002,0.09145706080103694,118,118
1530,0.17186242792205583,0.1606782015753455,0.08830211058202407,0.09174186881595144,118,118
1531,0.1752635082837426,0.16342283277184622,0.08761120395311127,0.09202287135767412,118,118
1532,0.15766496764849225,0.1664831272022842,0.08640042996005848,0.09224653824862845,118,118
1533,0.14352284855934583,0.16941579429808037,0.08455107967667808,0.09250960676512254,118,118
1534,0.12825966124120566,0.173394428957265,0.0835145002758501,0.0928833157364834,118,118
1535,0.11816272476628711,0.1765766549874596,0.08269280853798316,0.09322930938630553,118,118
1536,0.11922152254676649,0.17960946568889133,0.08042124830010011,0.09368448379179221,118,118
1537,0.1338995886954627,0.1819656649727384,0.08029099345898509,0.0939757678705753,118,118
1538,0.12904432791610515,0.18521417024325146,0.08026200899775005,0.0941425137453774,118,118
1539,0.13116275129130336,0.18743183249621365,0.07959327801282728,0.09430462673801855,118,118
1540,0.12355273789327009,0.1885951192784255,0.07986018791873074,0.09446387349738097,118,118
1541,0.13567691994707248,0.18939420610992483,0.0795500253293043,0.0945704314094367,118,118
1542,0.13816800478865626,0.19113087765210837,0.07818921956890236,0.0948886611004815,118,118
1543,0.14904073817542007,0.19246644890680964,0.07300999343257299,0.09598188204591157,117,117
1544,0.13638712587856405,0.19512915118196136,0.07185381928626304,0.09639739050246435,117,117
1545,0.14079909318139333,0.1979763075044271,0.07202336880330704,0.09685113416717744,117,117
1546,0.14759492603402208,0.20014232641618007,0.07276850731182673,0.09699925283632688,117,117
1547,0.13469650864963845,0.20246971805606923,0.07192274421926126,0.09704831474328984,117,117
1548,0.13388195054293844,0.20401688255336548,0.0697942139923993,0.09677200350088759,117,117
1549,0.13693367649912472,0.2048846204932605,0.06982597258220372,0.09633692169052577,117,117
1550,0.12607237160584114,0.20475301437842652,0.07002740451317686,0.09600757812677285,117,117
1551,0.12174743761539818,0.20415291702820393,0.07065416426188703,0.09563995799287267,117,117
1552,0.1231085057761395,0.20359743849631204,0.06959744198720216,0.09534402940262908,117,117
1553,0.12400024220166896,0.20429874845654025,0.06881591375978172,0.09515100975109235,117,117
1554,0.1308743658915561,0.20571802265476863,0.06923297788177146,0.09485049904671798,117,117
1555,0.1329899842832472,0.2068329521401966,0.06873988343644463,0.0943494942118564,117,117
1556,0.1254247985817146,0.2081791575402755,0.06909400539613268,0.09386214752053418,117,117
1557,0.12738583086972646,0.21117700019912553,0.07011082629884151,0.09366818557267839,117,117
1558,0.12394350122326887,0.21450465846663525,0.07048724965877895,0.09357478490900294,117,117
1559,0.12502742071338874,0.21712454326881941,0.07138630040270338,0.09349505838113373,117,117
1560,0.13680339716150594,0.21983337893102256,0.07314522911718344,0.09324696102418874,117,117
1561,0.13946080242528752,0.22251500444767647,0.0747317203141524,0.09307911625483542,117,117
1562,0.13530907256015412,0.22547561796287252,0.07650061941634695,0.0929395918038478,117,117
1563,0.1233537602735698,0.22848990068936367,0.07872949225059585,0.09291050011444868,117,117
1564,0.12038288591919878,0.23155305007355656,0.07692392312947283,0.09286331742111395,117,117
1565,0.12326324723896578,0.23430507147197213,0.07811858198574503,0.09283608379303886,117,117
1566,0.13632709510440308,0.23688047691822367,0.07789030908210469,0.09280466328569109,117,117
1567,0.1278157287163898,0.23920566562988166,0.07802898508335661,0.09280117527603735,117,117
1568,0.11360116494197099,0.24100587647484278,0.07869063112172664,0.09275710341960351,117,117
1569,0.11698858245443905,0.24200704055171038,0.0790952743326156,0.09275348779256368,117,117
1570,0.11422261619974944,0.2428469635411824,0.07878998219707423,0.09272366552698441,117,117
1571,0.11814395900194141,0.24325974829985333,0.07930752649594976,0.09274689006831577,117,117
1572,0.11561856722192093,0.24254706716931312,0.07851133459405271,0.092714809717691,117,117
1573,0.12100097970626209,0.241499803042936,0.0800583441257217,0.09267598211872953,117,117
1574,0.13991320197096122,0.23938042025437964,0.07790866360015841,0.09259508782734774,117,117
1575,0.18109052907075152,0.2378583931434974,0.07813297153807215,0.09262345176282069,117,117
1576,0.1724260027937122,0.23620134380195085,0.07810514378080775,0.09263519276009981,117,117
1577,0.17183885436301996,0.23461890297488153,0.07721522462905714,0.0926871525604445,117,117
1578,0.15720163833853298,0.23298052207720193,0.07835820930619146,0.09287583527970625,117,117
1579,0.16218520311555815,0.23189250710048517,0.07768854619883518,0.09313838836090824,117,117
1580,0.19141899237110463,0.22946314343546778,0.0757113701461653,0.09340643577476136,117,117
1581,0.18345762702830049,0.22479415363171695,0.07766029428623718,0.09447293750969074,116,116
1582,0.20659398904424411,0.22220874220451542,0.08912231985717889,0.0948330363957702,116,116
1583,0.17930062378984354,0.21958879939621173,0.08343492777279882,0.09523361285621314,116,116
1584,0.1903816961641274,0.21738063210665162,0.08133624378360972,0.09556529816208084,116,116
1585,0.18737691531657638,0.21537173654277683,0.08013517931975404,0.09576187389720661,116,116
1586,0.1748636975237968,0.21374094225773663,0.0794554529734024,0.09592411206664864,116,116
1587,0.16709170184757421,0.21186184793367155,0.07987975461946237,0.09602672448273775,116,116
1588,0.16444194366530399,0.2096599570785219,0.08021220074668704,0.09603632219252035,116,116
1589,0.16859703771953327,0.20864433345291683,0.08151299004937937,0.09605683587399902,116,116
1590,0.16406204377547554,0.20771655396214503,0.08307987126851914,0.09603429418558379,116,116
1591,0.16791500083857397,0.20640108028344822,0.08400132219735502,0.09587819926110114,116,116
1592,0.16407751852966024,0.20438569292331116,0.08393931771117033,0.09563379280229717,116,116
1593,0.16137870726422057,0.2021832614411137,0.08439496304717896,0.09531309224452739,116,116
1594,0.14465371085368078,0.19941960143648602,0.08443783969026032,0.09505117940141745,116,116
1595,0.13558011006981396,0.19636102034945477,0.08383544921343117,0.09473281857715496,116,116
1596,0.13652672067423494,0.19349400715748064,0.08519433397851546,0.09444805324641445,116,116
1597,0.14165139117521966,0.19180375759784635,0.08554281793896246,0.09406990887366731,116,116
1598,0.12827418384130956,0.18847701536646053,0.0868647588469981,0.0936679996329494,116,116
1599,0.1151188619578667,0.186259380758817,0.0852501244182398,0.0933217557244657,116,116
1600,0.12195864157955831,0.18467981415343693,0.08364346439969085,0.0929673525511439,116,116
1601,0.11465080244266725,0.18251713168952668,0.08548231074975923,0.09266685393101025,116,116
1602,0.12947520961664993,0.1799414118587687,0.0835493249697956,0.09234401725982899,116,116
1603,0.1195046222417201,0.1771875027741361,0.08355510532824041,0.09206132105512257,116,116
1604,0.12094776166934024,0.17319664376347654,0.08063853354152006,0.09164600145124695,116,116
1605,0.12730360049453332,0.16911102111348064,0.08058579858291463,0.0911990897753422,116,116
1606,0.11484868336928869,0.16533756664049754,0.0799934133145475,0.0908733984912243,116,116
1607,0.12513180391972434,0.1613493489627266,0.07986410775448956,0.09053098799754442,116,116
1608,0.12963031294463168,0.15799366695076184,0.07890083094204513,0.09023131593814179,116,116
1609,0.13477339715417785,0.1538812853406055,0.07811954775980486,0.08989349966965914,116,116
1610,0.20505159291338537,0.15041904215223728,0.1133908759701524,0.08965987130354877,116,116
1611,0.16374124324790412,0.14709456661375828,0.08862740973322948,0.08935501584652208,116,116
1612,0.09991802824760196,0.14409093898723457,0.07822976812562694,0.08905448072064559,116,116
1613,0.11496693935867836,0.1401565278543594,0.07852810397986004,0.08873287412728507,116,116
1614,0.12590684064438304,0.1363613926834367,0.08007902415525352,0.08835299954303785,116,116
1615,0.13808870836715464,0.13299366788401765,0.0804702567274965,0.08794514859251054,116,116
1616,0.12370756758791175,0.12962676339415882,0.0849846043241682,0.08754092556116089,116,116
1617,0.11478892609225805,0.1262559408570747,0.08595013202534846,0.08702144648728122,116,116
1618,0.10659010768086911,0.1240311430618553,0.086178569543985,0.0869375583929043,116,116
1619,0.096118043021323,0.12285849339076496,0.08642617559815614,0.0872116806967213,116,116
1620,0.0944653759801187,0.12195155178049508,0.08615097477029682,0.08747465796607176,116,116
1621,0.08888097719677451,0.12087518187609544,0.08384380304755597,0.08773173608487762,116,116
1622,0.08225202736131393,0.1191393510500618,0.08268003665658513,0.08802189533237581,116,116
1623,0.07715650340719443,0.1168474835947516,0.08376790586237141,0.08830829729916938,116,116
1624,0.06679840609305426,0.11453575760040842,0.08239868984267641,0.08860607535518329,116,116
1625,0.06476755179927189,0.11116227259099278,0.08247736757743879,0.08889577964445006,116,116
1626,0.07559471830645997,0.10806693849832512,0.08250648048249803,0.08907326348518266,116,116
1627,0.08158843052065043,0.10467037638670043,0.0821222856572826,0.08927267183329916,116,116
1628,0.09198938764888824,0.10140804352477374,0.08120335577021397,0.08964535382607178,116,116
1629,0.08804409167237488,0.09906572846111482,0.08154259047679682,0.09004435430109906,116,116
1630,0.09770207504283127,0.09740977041334878,0.08391562453291372,0.09053232108876003,116,116
1631,0.11219579780189987,0.09593905739834054,0.08537123999580513,0.09086284693204932,116,116
1632,0.11997169856518183,0.09474617280982477,0.08630817026150084,0.09118715900689926,116,116
1633,0.12553628870586156,0.09360940309325093,0.08693638743575312,0.09155715011474516,116,116
1634,0.1096687778111162,0.09325725535086334,0.08806088101518209,0.09196861844893647,116,116
1635,0.12035290005514895,0.09222982497213371,0.08803383899042326,0.09222662897065656,116,116
1636,0.12807416723283044,0.09116644835289497,0.08773477647454675,0.09254475099261886,116,116
1637,0.13301866385488584,0.090393619345891,0.08707287291607181,0.092824983054402,116,116
1638,0.12983986322107613,0.08863025635345452,0.08759982154401769,0.09310423321369064,116,116
1639,0.12113974830622413,0.08609869917773061,0.08657888831517581,0.09330559805042454,116,116
1640,0.10297685551070525,0.08457344736135401,0.08572101765783637,0.09326140199978618,116,116
1641,0.10139862103851766,0.08264869647110021,0.0848379471741819,0.09327179458530856,116,116
1642,0.09967240737624214,0.08025683623134047,0.08631585608156571,0.09303252290441265,116,116
1643,0.0863397015710028,0.07797876249323543,0.08767697669401035,0.09287419127283161,116,116
1644,0.10458788090938954,0.07521383682021539,0.08675632825861343,0.09259767671339772,116,116
1645,0.12844621441348628,0.07230208217958689,0.08232608301176032,0.09220502295758484,116,116
1646,0.13444367802787843,0.06908833579459733,0.08193254355709935,0.09201888868939175,116,116
1647,0.12280396138874862,0.06574322584125478,0.07918565491179644,0.09181386103334102,116,116
1648,0.10900293741311626,0.06238174978925538,0.0789955524386861,0.09165378078178889,116,116
1649,0.09111936266608109,0.0581027554664777,0.08076565914869985,0.09145274170567395,116,116
1650,0.08651084566873463,0.05477407486838844,0.07982520578860368,0.09128937811112785,116,116
1651,0.08121048017915387,0.05233880724694159,0.08058003391794841,0.09122563925102589,116,116
1652,0.07255495697594026,0.050342424629636603,0.07852761770800766,0.09113966710458835,116,116
1653,0.0771543601031923,0.04848355667988209,0.0776081304307265,0.09104234142988081,116,116
1654,0.08047994101998175,0.046787094330926565,0.07783408824555205,0.09109021861312766,116,116
1655,0.10342789806152479,0.04492524961652709,0.0802643169029521,0.0910721031200733,116,116
1656,0.10561295393090443,0.041627973692972546,0.08226145684623225,0.09105883260513573,116,116
1657,0.10345992140244777,0.03868226465879892,0.07850664531388026,0.09118608763819279,116,116
1658,0.11381160204840454,0.03720868183972441,0.07939414281351623,0.09144853139936739,116,116
1659,0.09841593024365887,0.0352568878736112,0.08118519214840882,0.09164518143859765,116,116
1660,0.12439309259022908,0.03372946654346501,0.08389711640148138,0.09184161117069398,116,116
1661,0.11637166319935136,0.032243115152552494,0.08586373377103652,0.0921454805153037,116,116
1662,0.10900687975970787,0.03094024928343217,0.0856023916542859,0.09246658976042751,116,116
1663,0.10653921449499586,0.029455226657930503,0.08346588387122797,0.09285397371104372,116,116
1664,0.08970340040940661,0.028302526547561248,0.08295970494499166,0.09316108717540507,116,116
1665,0.08198312954342707,0.027767757566575936,0.08242140223238112,0.0934178328119962,116,116
1666,0.08265968374633573,0.026330004741923596,0.07943806849908741,0.0937662154242381,116,116
1667,0.07421542624751777,0.024993391032719345,0.0773775624289552,0.09410785095073933,116,116
1668,0.08514749208172613,0.022919068496489933,0.07562666661822003,0.09444929222344492,116,116
1669,0.09855066839245459,0.021033940956004703,0.07548870648675955,0.09466403745663382,116,116
1670,0.14295691911096192,0.019620827243142357,0.07754713049656141,0.09476640217063205,116,116
1671,0.15659126567817583,0.017808305649510244,0.07869576729037883,0.09473187511206073,116,116
1672,0.15085163247440747,0.016320018038318694,0.07746484174081117,0.09465713503670897,116,116
1673,0.12432398332753777,0.01614948922648918,0.07573681046253655,0.09470683219962406,116,116
1674,0.11394700899896625,0.016346599473282538,0.07581807279910995,0.0947890043726729,116,116
1675,0.11213951221316115,0.01639459786954702,0.07535400461641392,0.09476773208419934,116,116
1676,0.11590029259245087,0.016239582820483465,0.07666752320740172,0.0947695338133674,116,116
1677,0.11268772362925786,0.016025411555185772,0.07953177604799785,0.09481771653956687,116,116
1678,0.13017490544600863,0.015301517784587399,0.0815785494750214,0.09434395449913067,116,116
1679,0.12397139398512966,0.014211944842281542,0.08261072882651531,0.09368398615799076,116,116
1680,0.13322199882869482,0.011839987869935108,0.08421962577214348,0.09302572134319419,116,116
1681,0.12777244511547145,0.00991499604332023,0.08256182108684808,0.09244272500808348,116,116
1682,0.11026376211045201,0.007947545617421411,0.07791711584047231,0.09184195843919071,116,116
1683,0.11451167428615137,0.006077744458404971,0.07725872300814068,0.09119391658153436,116,116
1684,0.11935039064019454,0.00467122915395077,0.07836864342746777,0.09045300164765063,116,116
1685,0.11563522887634148,0.0012154065286967858,0.08255451983453527,0.09054543691138375,115,115
1686,0.1258632469484794,-0.0001833033853530059,0.08579502250565045,0.09004784734351202,115,115
1687,0.18728084965909947,-0.0014226287772351905,0.12456475535072543,0.08961483612422852,115,115
1688,0.11233116328056283,-0.0026264557048835653,0.07875985971948349,0.08897741298701237,115,115
1689,0.09042480874065742,-0.0038537146292063483,0.07705059981635251,0.08838998176514973,115,115
1690,0.09145300628460384,-0.005271870278757301,0.07720525880144244,0.08780452173876403,115,115
1691,0.11508595190767287,-0.006892970382920051,0.07756372432374312,0.08729660968965954,115,115
1692,0.1009651859783561,-0.00831078270075749,0.07667079073844907,0.08673930410063826,115,115
1693,0.09711541515916924,-0.009602750569766822,0.07470072109933433,0.08614477547280333,115,115
1694,0.09394133230549814,-0.01132056931484968,0.07415380996241346,0.0855905009615999,115,115
1695,0.11838261046211762,-0.012782308427276637,0.07664862012433388,0.0850937681557781,115,115
1696,0.13641519890898868,-0.013764670867308369,0.07924154416897253,0.08457520666384814,114,115
1697,0.13247982905937972,-0.025536129823478023,0.0777542371843431,0.0842873066259452,114,114
1698,0.15822931780766594,-0.027439019523879327,0.08964781918655003,0.08380421256440226,114,114
1699,0.22547287865447788,-0.02904400468968246,0.13690706786496004,0.08323936166115199,114,114
1700,0.24104100066552464,-0.03140709942662065,0.1388799088686215,0.08261947736435743,114,114
1701,0.21963539122975567,-0.03377533918324081,0.1166879841277799,0.08205038752364986,114,114
1702,0.17841757824492177,-0.036279835394833704,0.09238863183458156,0.0815549882640261,114,114
1703,0.17055851523235427,-0.038736846160812105,0.09320707280158931,0.08098028848312847,114,114
1704,0.1742346941406433,-0.04077847860064115,0.09687648370362494,0.08051895515699745,114,114
1705,0.17794824943928092,-0.04343740429337034,0.1033838537859874,0.07997366174632142,114,114
1706,0.1857899232660211,-0.04525013699477361,0.10688803539634335,0.0794607374074873,114,114
1707,0.15014414061216722,-0.047223231103030075,0.0864063771583295,0.07894780428982918,114,114
1708,0.11832149538829319,-0.049206171003373336,0.07933890060719655,0.07851688750447115,114,114
1709,0.11567993944757274,-0.05088949062754041,0.07941030988921624,0.07808388165507602,114,114
1710,0.14134325294515437,-0.053286906897078254,0.09213707072511271,0.0776642156004216,114,114
1711,0.07778832051231487,-0.056750922243010156,0.07532088025783766,0.07721122037274672,115,114
1712,0.17892466466053386,-0.059725685279615526,0.11974642380718512,0.0768448318932881,115,114
1713,0.17707605289175757,-0.06281033898260546,0.11223266861489119,0.07647025668799831,115,114
1714,0.19194836341435145,-0.06567273620543118,0.12419871342541468,0.07609984499176645,115,114
1715,0.23272051267844687,-0.06751264445719522,0.14354550352762696,0.07569536156006508,115,114
1716,0.23850486601589024,-0.06845877630045204,0.15086902613578998,0.07541688455856589,115,114
1717,0.2575674820612579,-0.06931653277535255,0.16153397483232315,0.07507258643806204,115,114
1718,0.26274850736802324,-0.07092035118325117,0.17549360522791504,0.07465618761974704,115,114
1719,0.27562265312245804,-0.07248434946460963,0.18301799540520325,0.07431934356780903,115,114
1720,0.27836276560067724,-0.07460157908455892,0.18721448195649393,0.07409288652477108,115,114
1721,0.2800641270487834,-0.08174667827373577,0.17861653525376645,0.07349375440869185,115,115
1722,0.24697303981962102,-0.0832448113425673,0.16777003284276737,0.07337834144670823,115,115
1723,0.24772854260228286,-0.08433451143574426,0.15861348429364308,0.07332336574079265,115,115
1724,0.2478359263051613,-0.08565441731772662,0.16081253243318108,0.07329216743330201,115,115
1725,0.252672690172768,-0.08716182418071054,0.16746771809191272,0.0733395480072246,115,115
1726,0.26658105598690285,-0.08757833442065363,0.16943989044502744,0.0734379102258181,115,115
1727,0.2766260776745747,-0.08683708351662091,0.17450980070485075,0.07356610044533968,115,115
1728,0.22495660433084497,-0.08492939121982898,0.13188256106177734,0.07363248255191913,115,115
1729,0.29398517901933113,-0.08297244031992834,0.18951261364311509,0.07370822176293994,115,115
1730,0.33921897153420566,-0.08109146840743336,0.21382632328316137,0.07391766507162581,115,115
1731,0.3326530171930842,-0.07876633463325612,0.21492991061404348,0.07421905242742781,115,115
1732,0.17339130781996237,-0.0773814040247524,0.09465784980698129,0.07448816280827486,115,115
1733,0.15005186325233907,-0.07711405536660539,0.09210776569544583,0.07487214995709843,115,115
1734,0.14594228325935138,-0.07722175825625281,0.08832498524513481,0.0753255195763747,115,115
1735,0.1375873419746943,-0.0776203054768907,0.08460691564066103,0.07582694573523734,115,115
1736,0.22114485236785422,-0.07834032858763491,0.12397113909700129,0.07623979436892299,115,115
1737,0.17034480407756578,-0.07930587760164916,0.10267151238598433,0.07668355139835198,115,115
1738,0.2124807225947029,-0.08119365711804927,0.1479022770533996,0.07707525399966561,115,115
1739,0.24578303198120413,-0.08345718724782582,0.16493587740059262,0.07730778774874286,115,115
1740,0.25166566969296955,-0.08431512154000317,0.16795515990034482,0.07743781455783685,115,115
1741,0.18307192349470994,-0.08525466579426734,0.10882444329176408,0.07762130661744113,115,115
1742,0.11579508103983922,-0.08647193221833455,0.08287023719693914,0.07743557408887394,115,115
1743,0.16936737946052133,-0.08712134889152146,0.10289064437642516,0.0772642564692832,115,115
1744,0.19043806256356566,-0.08938561980295845,0.11600179605147011,0.07699053082169746,115,115
1745,0.1863672563786189,-0.0907746492427,0.12743660485903027,0.07675387945969854,115,115
1746,0.19454645606669604,-0.09165538004626343,0.13963441160281045,0.07656837124041088,115,115
1747,0.11931344663493569,-0.09213397548765322,0.09579929735179914,0.07637833686346335,115,115
1748,0.13570900241161596,-0.0916449513660313,0.10699885003914553,0.07623030792858387,115,115
1749,0.14842008561066458,-0.09198838544688621,0.11110933301571044,0.07597572502184716,115,115
1750,0.16027567717833058,-0.09258087376850425,0.12129518486943422,0.07573644777638433,115,115
1751,0.17855599964755123,-0.09266327182658975,0.12169275516872644,0.07556196583889349,115,115
1752,0.19119690988503146,-0.09307632345861325,0.11963463267247652,0.07549211399106305,115,115
1753,0.17243792870570748,-0.09424756158497093,0.12155250529583429,0.07552135734001836,115,115
1754,0.1564375960005711,-0.0959096852746309,0.11871296145565936,0.07553805592736021,115,115
1755,0.14923069675923079,-0.09762321981370621,0.12133165039913832,0.07559684757331345,115,115
1756,0.12105323762941957,-0.0992438347113806,0.11740279729090622,0.07567573033076212,115,115
1757,0.11242635393920349,-0.09971481448805017,0.11408916066301353,0.07564656128401748,115,115
1758,0.0962300169106918,-0.1003660212873353,0.11214012363949688,0.07564282584267251,115,115
1759,0.10096706366367539,-0.10069878624163714,0.11096603535702888,0.07557489321686525,115,115
1760,0.07116991736179883,-0.09981070975206845,0.10552742603848073,0.07547559723762212,115,115
1761,0.09043348371371351,-0.09841301638257931,0.10525079857540375,0.07538840181855902,115,115
1762,0.10747596521200628,-0.09619692828018782,0.10313652200847168,0.0752804146279678,115,115
1763,0.09713556774425959,-0.09420495224660579,0.10061811925160212,0.07516765152246911,115,115
1764,0.0803859143414431,-0.09120831167596302,0.09872328810542072,0.07510063588333919,115,115
1765,0.057989534349944465,-0.0881568786731694,0.09786925399150857,0.07503363565496382,115,115
1766,0.07145159900447695,-0.08547208015924758,0.09905957301293107,0.07495563520369282,115,115
1767,0.06994896093816827,-0.08240203084659672,0.09570829258921079,0.0748736398891509,115,115
1768,0.0691007658405038,-0.07818245862559019,0.09475576961499411,0.07467616418915124,115,115
1769,0.05251114556074429,-0.07355694837456807,0.09826387344083469,0.07447447729837828,115,115
1770,0.058087558109232836,-0.06846842310548823,0.09468811037459468,0.07425342170861925,115,115
1771,0.05159368198905427,-0.06312077965093697,0.09244888211963077,0.07411614446180355,115,115
1772,0.046484140784867546,-0.05845554889916321,0.09582209073604478,0.07395863666192196,115,115
1773,0.068797696688583,-0.05354297117161743,0.0988385157264206,0.0738028623499901,115,115
1774,0.0622082410788429,-0.04835549105630023,0.09940545627338056,0.07370132211938593,115,115
1775,0.06959790257382302,-0.044138019749458565,0.09610130544091824,0.07362892204848404,115,115
1776,0.07098731911198364,-0.03953881206021067,0.09984898838362892,0.0735142554036977,115,115
1777,0.07197556203331576,-0.03448897983553025,0.10158799757692781,0.07339736803287077,115,115
1778,0.07960571376772776,-0.02972437102646647,0.10019066488148862,0.07308900769270449,115,115
1779,0.06329810061236983,-0.02486518492501561,0.09853591815566098,0.07278254365040504,115,115
1780,0.04988721532469705,-0.01979377195904697,0.09877105472976376,0.07260211059049827,115,115
1781,0.06829533976228247,-0.014111664191092435,0.09753164336883524,0.07241460829565884,115,115
1782,0.10552371575315751,-0.008958450603116341,0.09778522598214147,0.07230298250034867,115,115
1783,0.0862452830672187,-0.0037851102917463597,0.0990071680237939,0.07217258775480556,115,115
1784,0.10047409257511117,-0.01753569511167879,0.09913607428262165,0.07029094407138585,114,114
1785,0.10573100707853622,-0.013422898820792189,0.10037927347537534,0.07018049927991518,114,114
1786,0.0930390300229446,-0.010094794347872162,0.10650562177357602,0.07018924027301975,114,114
1787,0.10737334760221433,-0.007746883121949488,0.10912966667279381,0.07016550253297521,114,114
1788,0.09392105820040413,-0.006320050705413822,0.10470937673391398,0.07019114523559025,114,114
1789,0.06448502516126114,-0.004557413261042589,0.10039877947204172,0.07023627631855277,114,114
1790,0.07325106398223233,-0.0021172755921681726,0.09969227089028217,0.0704283465770821,114,114
1791,0.0780317610144187,0.00018752150378368942,0.0995352689811044,0.07056669327276917,114,114
1792,0.07649750634035181,0.00270001634417491,0.10123161108606712,0.07076225758264351,114,114
1793,0.08055337419725946,0.005711730233834611,0.1019597404750911,0.07101690071098977,114,114
1794,0.08326365781579387,0.008696740609229653,0.0977472259688714,0.07128366957666425,114,114
1795,0.08015339900994184,0.0115799372245898,0.09123836775835317,0.0715972920158786,114,114
1796,0.08124095539574692,0.014307895818891978,0.0952978288756314,0.07202359395275501,114,114
1797,0.07586010913124577,0.017052748215402754,0.09708940812227126,0.07239894254107841,114,114
1798,0.08794720735438957,0.020285470069000392,0.0950141990988317,0.07284841931637537,114,114
1799,0.07400820678603712,0.023995736719794714,0.09482177710310102,0.07330910251538533,114,114
1800,0.07326837949699741,0.02757472358151603,0.09360745468150473,0.07367775983724463,114,114
1801,0.07079303968169072,0.030700775692832215,0.09342649234122503,0.07407603545146063,114,114
1802,0.05225545906322405,0.034778082205019024,0.0936361501984956,0.07452336875122777,114,114
1803,0.03907546773103631,0.03753247800018147,0.09276862536673239,0.07492360754306546,114,114
1804,0.027108897782001828,0.0407965696358421,0.08965927490729719,0.07527311700088624,114,114
1805,0.03852093503707324,0.043425651129199286,0.0904474309622065,0.07560233461763312,114,114
1806,0.061465471200512094,0.04480634660015707,0.09447608877728468,0.07582706261596804,114,114
1807,0.038615202694146124,0.04558356997892766,0.08815587190491697,0.07610475640351484,114,114
1808,0.07714930456161238,0.045702445685768756,0.12034903146134776,0.07630624505864554,114,114
1809,0.048400665814509074,0.0466017403173213,0.10253154761136186,0.07647859917056848,114,114
1810,0.015967567251267266,0.04754854850692803,0.08607549900325283,0.07661993155365875,114,114
1811,0.06611189847481923,0.048487986949729237,0.11726948219602944,0.07673530022889163,114,114
1812,0.11135108720066078,0.05054268506233492,0.14566161718605997,0.0768193389988023,114,114
1813,0.12522540562417764,0.05318754709469597,0.16246458007735115,0.07691013411657263,114,114
1814,0.09432248594051476,0.05636452329162447,0.1537310602037828,0.0770072073244738,114,114
1815,0.07011361848604089,0.06051024394129332,0.14214803646085336,0.07717432677843779,114,114
1816,0.06939568224850666,0.06434877005619094,0.14156544980403504,0.07736613799471331,114,114
1817,0.0930384153035386,0.06717929220281316,0.14388580074623383,0.07739447676167367,114,114
1818,0.08177906030718543,0.07005234160204724,0.1438270080820737,0.0774233441676305,114,114
1819,0.0826764660122763,0.07335968191729669,0.14457949132965028,0.07760812754526498,114,114
1820,0.0754311224567882,0.07679409445347667,0.1493700885765288,0.07781272689306336,114,114
1821,0.09633633637297631,0.0794401933358561,0.15850479253675387,0.07803098300049265,114,114
1822,0.07197304983549885,0.08158367055760858,0.15316129614632082,0.07828768234156466,114,114
1823,0.05834551776443531,0.08384190552383025,0.1498328077935151,0.07858826358482324,114,114
1824,0.07640014684520405,0.08535786605396992,0.1554465103928138,0.07879820677307695,114,114
1825,0.08977875694799073,0.08733772991246953,0.17364223492850558,0.07899269677723815,114,114
1826,0.03334268525342357,0.08900010467711958,0.14051489696188618,0.07915769529628043,114,114
1827,-0.06585352274934825,0.09006851948323293,0.08078068145811838,0.07935877451804475,114,114
1828,-0.0010617967625726882,0.0904398645360022,0.12001576323777385,0.07954665561986295,113,114
1829,0.01658422602772195,0.10190787596472595,0.13894896059526657,0.07950781022858179,113,113
1830,-0.02882549238604158,0.10063115812937436,0.11696147438202299,0.07955703565095645,113,113
1831,-0.051333977041426865,0.09982996320284752,0.09342607655743432,0.07976552728420139,113,113
1832,-0.035438669534536504,0.09866464105063445,0.08896994142536671,0.07997123971281,113,113
1833,0.06241991344798892,0.09717193096324275,0.15734900613400585,0.07999469179990623,113,113
1834,0.08547900953475371,0.09499612547531264,0.16437179233252733,0.07996509522730112,113,113
1835,0.09638720557493177,0.0926204108748994,0.16146588966177028,0.08003583879370486,113,113
1836,0.1232355340761049,0.08996499653090523,0.16551423486288322,0.08009693751955997,113,113
1837,0.03619997505370016,0.08710789606956133,0.09632564775323817,0.0802149907845692,113,113
1838,0.007821596173736758,0.08424844107865062,0.08278234963037925,0.0802976889812393,113,113
1839,0.06750510243394249,0.08125215334505781,0.11505581632549641,0.08033332601805195,113,113
1840,0.13234949462079892,0.07775052664248154,0.15775896931480207,0.080291949777679,113,113
1841,0.12264628144093455,0.07419301814955592,0.16116104644499588,0.08022793186408257,113,113
1842,0.11607518866395064,0.07049290747192548,0.15730456342576787,0.08023697120704208,113,113
1843,0.022219235479868808,0.06568585945156837,0.09144446368267518,0.08098120553612513,112,112
1844,0.01450007543284007,0.06166308010529343,0.08702897896862616,0.0809587061185116,112,112
1845,0.009642775261839686,0.058270593256264006,0.08470789941397586,0.08089997395963754,112,112
1846,-0.015511914978045518,0.05545121474338669,0.07750375807019272,0.08070305625398164,112,112
1847,0.053951628604472564,0.05249707739265912,0.11223966310535129,0.08056111292470396,112,112
1848,0.04195865020846571,0.04966325495357284,0.1075171485938385,0.08032407218811968,112,112
1849,0.05586679037309713,0.047195156874717877,0.10720253072059707,0.07998323911228622,112,112
1850,0.04736760081346584,0.04473588678188682,0.11196012765969786,0.07952075206053033,112,112
1851,-0.008146099750101115,0.04230982142624734,0.08517557731491288,0.07914455680652879,112,112
1852,0.055701462492952956,0.03955090824851142,0.11031076510153508,0.07870596963148772,112,112
1853,0.05266593317328904,0.03665137146971027,0.11162887536935195,0.07834327619764325,112,112
1854,-0.019645372925283233,0.03425288645878186,0.087240698595823,0.07801225919528915,112,112
1855,-0.004101942267053529,0.030947073401235554,0.09319224386746673,0.07754406257751699,112,112
1856,0.02434780556786508,0.02813520817533277,0.1014072224413907,0.07717203573132518,112,112
1857,0.04544694216213685,0.025179688897514575,0.09652549469525899,0.0768079510942982,112,112
1858,0.07219459179300461,0.022541859997473015,0.11701544519339843,0.07657683552212961,112,112
1859,0.045688045810621455,0.020629966169509104,0.10385647436480451,0.07640031665141046,112,112
1860,0.03856209938311023,0.017807264917795964,0.09477441911489928,0.07622941022838751,112,112
1861,-0.019682233994963435,0.015444982346367224,0.07952317385879513,0.07609034833972116,112,112
1862,-0.017253453271050385,0.012705893607075585,0.07998912383909929,0.0759976097760955,112,112
1863,-0.005148102027423343,0.010017664642293986,0.08097213718464458,0.07589902004237409,112,112
1864,0.029660491304591554,0.0077099116891737925,0.08505551771013527,0.07586607245554615,112,112
1865,0.061902704142259464,0.006028721442633598,0.10012419604413433,0.07579735288676727,112,112
1866,0.07961820454028919,0.005642130317782048,0.12093395675382007,0.07584401307015548,112,112
1867,0.0009602537645751633,0.005409150870178635,0.07819512254658617,0.07593774511494669,112,112
1868,0.014768210702015654,0.005027757882058426,0.08449050247168875,0.07612527246406738,112,112
1869,0.05873050893778208,0.005539137638853,0.11289134473961053,0.07639172579274754,112,112
1870,0.012347227400382825,0.00531619863357202,0.08641658463065674,0.07734395838082715,111,111
1871,0.03107467471948358,0.004829963592882015,0.09179749332284791,0.07763423641880463,111,111
1872,0.045163167350299155,0.0033323186288535785,0.09524415519220807,0.07782990747252783,111,111
1873,0.048378161032038125,0.0012602899989337356,0.09494188323653645,0.07797863909403949,111,111
1874,0.049453765289123444,-0.0004864846706273842,0.09478819949394096,0.07815315205280542,111,111
1875,0.04325062639965929,-0.003319855792756716,0.09448341966874652,0.07837063226740831,111,111
1876,0.05077600795004153,-0.0075721044236302165,0.0928816644166413,0.07852362510307007,111,111
1877,0.05770752796694791,-0.011314570960209741,0.09465762640956031,0.07860553161012664,111,111
1878,0.06889713184212123,-0.013975969605682923,0.09516736219749161,0.07868050235237749,111,111
1879,0.05242759783563232,-0.01587803635030504,0.09416013201758687,0.07869433905857869,111,111
1880,0.047453117712492374,-0.01769204606040162,0.09474910541461033,0.0787613918393327,111,111
1881,0.04794799476213417,-0.01905196508318701,0.09442023274814557,0.07875778010981412,111,111
1882,0.05463162041973898,-0.019626112396986323,0.09506561610787463,0.07872893211070486,111,111
1883,0.06544696061034382,-0.019917011082789253,0.09761107799675466,0.07871226204720257,111,111
1884,0.05694169675565773,-0.020504920284571203,0.09234793009075029,0.07873870535619922,111,111
1885,0.0476007015058429,-0.02068444361215191,0.08910743843096341,0.07871027451731473,111,111
1886,0.024400000856714676,-0.020142903901516126,0.0874538259354223,0.07863798549977737,111,111
1887,0.031036783737273407,-0.01949096968332744,0.09122361525480296,0.07857055941409105,111,111
1888,0.040666625360228546,-0.018835352138495746,0.09461847146377607,0.07858811827402055,111,111
1889,0.03793230338824853,-0.01785196080757122,0.09774913279805535,0.07870039624547298,111,111
1890,0.043662891567322025,-0.016634746091029582,0.09679839970085075,0.07893081199168007,111,111
1891,0.05670445865398196,-0.01570463503796975,0.09984289040448553,0.07904560392433652,111,111
1892,0.06719692504274447,-0.014063591555913997,0.1015761912798826,0.07923824547373497,111,111
1893,0.05764892059762097,-0.012507852916960594,0.10319983972391736,0.0795597386014676,111,111
1894,0.061946952018379055,-0.010549411167196642,0.11571288214887017,0.0798989069486006,111,111
1895,0.09897137573193703,-0.008272992659829594,0.12955888457377848,0.08028917127280692,111,111
1896,0.09434053366046322,-0.005083959763270383,0.1323413665171275,0.0807797931137468,111,111
1897,0.09785472183440935,-0.0021738087132934627,0.13567733231582205,0.08109921805639278,111,111
1898,0.11035707287767775,0.0003218466069383194,0.1370336865727594,0.08137271982556585,111,111
1899,0.016506959388545003,0.002666694039254523,0.08774948582706361,0.08165155154460615,111,111
1900,0.05924966752468554,0.005197916824327582,0.10697305337960746,0.08207842725748694,111,111
1901,0.09129379073936154,0.007825308747361722,0.13672638466110262,0.08240298560037271,111,111
1902,0.05811554171169704,0.00991406552836817,0.11808930496282544,0.0828157381586938,111,111
1903,0.05191413146176901,0.011484222861740005,0.11929186381213235,0.08333653866930078,111,111
1904,0.05400665644957895,0.013308395271558936,0.11900939002324341,0.08387162604721585,111,111
1905,0.08581037464502789,0.014865465116232891,0.12114416029203286,0.08435359628479797,111,111
1906,0.09368300170977485,0.016806005073261528,0.12151798066043223,0.0849013690886727,111,111
1907,0.07685238204774779,0.019168480346056893,0.1201315991823427,0.08539981591283413,111,111
1908,0.07170353617854808,0.0212882438615256,0.11719308602908825,0.08586730513642649,111,111
1909,0.08768536734256874,0.02339736019216881,0.11798340066729393,0.08636742321664016,111,111
1910,0.09708435540471512,0.024608315530774104,0.11863386633122107,0.08695566517851845,111,111
1911,0.08159744339531023,0.027339413230198513,0.11775452708693429,0.08750171561829914,111,111
1912,0.08057877064444564,0.030208664719574754,0.11640644784792548,0.08806881461668566,111,111
1913,0.09887500979867077,0.03319632383606294,0.11585924574433983,0.08847587931896227,111,111
1914,0.07759244288385087,0.0368568652325394,0.11414682888517255,0.08876323394809074,111,111
1915,0.08928882918230567,0.0414987055940907,0.11954115367429338,0.08900911530988893,111,111
1916,0.06145630862344218,0.045912921831303646,0.11886537581089786,0.08919158485192856,111,111
1917,0.08025631695706621,0.05057577540892618,0.12407106710301703,0.08939238598218001,111,111
1918,0.08982259780124269,0.055454118712501686,0.1328854147621946,0.08957747208889102,111,111
1919,0.09424906569302391,0.05977294890898108,0.1350457074011736,0.08984179941347012,111,111
1920,0.1006723599763652,0.06456309644729093,0.1331734743694592,0.09020960549352768,111,111
1921,0.10510488716189541,0.06939975316146628,0.13087527975881869,0.09070884010987414,111,111
1922,0.0899269205382068,0.0736583779973014,0.10705151908585497,0.09124372758779174,111,111
1923,0.07554861215635535,0.07826970434526619,0.09877361875351738,0.09174458600695866,111,111
1924,0.034792618070077046,0.08293896197457802,0.09225257771173544,0.09234575399502969,111,111
1925,0.058106404899666585,0.08702437167009554,0.0954603276343326,0.0929639446825685,111,111
1926,0.04626162033850333,0.09088457391121714,0.09629724414557991,0.09351629114602286,111,111
1927,0.03395450826100682,0.09463679859934533,0.09596209945914554,0.09396740487950189,111,111
1928,0.0512320379006662,0.09797142400292554,0.09793862643994844,0.09443789610643426,111,111
1929,0.0996356587893403,0.10045823672019111,0.09945301418613994,0.09493339091700885,111,111
1930,0.12722547229496098,0.10313708056759545,0.11052872076830444,0.09535836929970205,111,111
1931,0.12064798599012758,0.10655148133493154,0.11135775211861455,0.09581506251070532,111,111
1932,0.08633036941989443,0.11080823035654493,0.10317056306630121,0.09627008406405464,111,111
1933,0.0691279083689333,0.115682336335999,0.09774876139788538,0.09681207675495422,111,111
1934,0.11000759271245905,0.12005706303266692,0.11467885970174622,0.09739929843912933,111,111
1935,0.037958508456033525,0.12472083401594308,0.1001850872726851,0.09797528760071265,111,111
1936,0.051289625663700426,0.13178501674587664,0.1014261932868801,0.09859879397866098,111,111
1937,0.07005434592555049,0.13836948138660912,0.10229911349735661,0.09903575583643649,111,111
1938,0.06627151253206459,0.14394502711955723,0.09981722891378518,0.09938788553358263,111,111
1939,0.08178382811752469,0.1483521871539583,0.10576031996643416,0.09955897169790634,111,111
1940,0.06773494866946658,0.1521627496799243,0.11014397144465578,0.09971917149994876,111,111
1941,0.06515932769248362,0.15662556109111367,0.11425139846224285,0.10005692557703998,111,111
1942,0.10731925321947693,0.16044118221473064,0.12276215374180655,0.10019364039082618,111,111
1943,0.08237126486018052,0.1651620384264416,0.11836198986861597,0.10033167708404177,111,111
1944,0.046565013224728814,0.17034985688621535,0.11665820066924738,0.1005748598636857,111,111
1945,0.0428055342051566,0.17489217342666394,0.12224743792304826,0.10092168547242723,111,111
1946,0.04014840630286871,0.17814655054376727,0.12028469052537342,0.10105725865180006,111,111
1947,0.053869891496428,0.18215475150759738,0.11578560415494314,0.10120466963410862,111,111
1948,0.033702411195758994,0.1858749564293205,0.1155028491265805,0.10140775630051155,111,111
1949,0.034948264878031404,0.1890760066625108,0.118522079405893,0.10155726147905046,111,111
1950,0.03263758540552634,0.19236639785954765,0.11793207574028436,0.10169515660066446,111,111
1951,0.03942708210598904,0.19525225160768356,0.11278135245937172,0.10162772508483921,111,111
1952,0.07108170989681364,0.19770080932871623,0.11537244296608905,0.10152634975137369,111,111
1953,0.06399301183159653,0.20053283923415202,0.11837273641977904,0.10151999432157581,111,111
1954,0.09390299630934469,0.203373091043202,0.1370774914504285,0.10151249420195775,111,111
1955,0.3212353621780377,0.20580727541840793,0.33206670861962223,0.10144016594939993,111,111
1956,0.12462009262335254,0.20714772602719622,0.14071761281544792,0.10133306824459792,111,111
1957,0.07640440173399435,0.2094453165216509,0.11297053942518354,0.10131768253065887,111,111
1958,0.06756831694507391,0.2107710553879497,0.11256786183432355,0.10120652395064182,111,111
1959,0.06319778785445943,0.2120016656731306,0.11131955927763726,0.10110214334463755,111,111
1960,0.07600229712856586,0.21244682302266046,0.11154955771398764,0.10101544225630427,111,111
1961,0.08115665324587382,0.21195230825765762,0.11551183971844815,0.1007436491537008,111,111
1962,0.06748869989441247,0.2117351718324523,0.11102676744175743,0.10048088438483703,111,111
1963,0.06841423619874823,0.2119709976492111,0.11069038377254287,0.1002587519898149,111,111
1964,0.05966437101397497,0.21189562013604216,0.11035221309019204,0.10005775200628052,111,111
1965,0.07969813494428765,0.2120757598990404,0.11932513561735458,0.09973123142422265,111,111
1966,0.09367550997906096,0.21188020418307543,0.12485210465805492,0.09939646123190263,111,111
1967,0.10161206433372057,0.21112235189810843,0.12502966910064559,0.09913908784347612,111,111
1968,0.08477793012572776,0.2123045913470814,0.11682317377775937,0.0988857826007876,111,111
1969,0.08316188076267286,0.21284276532297228,0.11376257551884246,0.09864576081654132,111,111
1970,0.053529239278649686,0.21404888653829537,0.11013554393406179,0.09836244254532205,111,111
1971,0.05972168034542051,0.21314674093232394,0.10893802788015669,0.0979684084444243,111,111
1972,0.04909901632327398,0.21193547137843086,0.10656098437485136,0.0975882600990888,111,111
1973,0.030778498240199948,0.2116359326747309,0.1049974409944571,0.09733680833512519,111,111
1974,0.06168041167061976,0.20994670520981265,0.10727222422902791,0.0971584011585664,111,111
1975,0.02406534669638934,0.20795691006577172,0.10437642304059977,0.09703231031947526,111,111
1976,0.03864097601188806,0.20611051563712776,0.10447317469906053,0.09684989020250162,111,111
1977,-0.0004376653338795806,0.20390627235338987,0.10103307588412734,0.09668149561964474,111,111
1978,0.05241726262711517,0.20136185556417383,0.10486590486141276,0.09640999626170169,111,111
1979,0.06163585081395288,0.1978913813859081,0.11149854480624606,0.09598497533000962,111,111
1980,0.054546371563841185,0.1948927670368008,0.10610214044700386,0.09550474031250057,111,111
1981,0.036778252202880016,0.1918003087717805,0.10632171508995526,0.09490598771347172,111,111
1982,0.038633741415737825,0.1884669903586081,0.10846193872770127,0.09428924892305938,111,111
1983,0.046534015826276726,0.1853326487424742,0.11183065522100764,0.09363999952060417,111,111
1984,0.0363954410324122,0.18149982342382714,0.11626322720172652,0.09289676711656045,111,111
1985,0.05617776139787435,0.16624739288717544,0.11706128042325877,0.09225967075568446,110,110
1986,0.032735273826460784,0.16398337127308055,0.11758739888799781,0.09162254357296323,110,110
1987,0.05515985004406764,0.16193629287143307,0.11603937063255702,0.09098758924191135,110,110
1988,-0.007967267235989239,0.16056462945446848,0.10764350872461773,0.09033126231952252,110,110
1989,-0.011412462179709527,0.16009534818895438,0.10808515071668348,0.0896863547796093,110,110
1990,-1.5560131931668688e-05,0.15987880792864545,0.10877294137739871,0.08914133869840803,110,110
1991,0.039517865089909725,0.15868280526889378,0.10991665769512451,0.0886558106628308,110,110
1992,0.027458279602816226,0.15668811238850863,0.10925156822781752,0.08820775827442244,110,110
1993,0.03975285413969591,0.15453287733176388,0.1063563533388,0.08780712925393504,110,110
1994,0.030287865564094515,0.15237781398049527,0.10159565775242342,0.08741033613526548,110,110
1995,0.010909230872599391,0.14998284175642548,0.10009199829665638,0.08707456852445888,110,110
1996,-0.000817688741461247,0.1457442190326735,0.10208570930202847,0.08666677005303271,109,110
1997,-0.0032102118097006873,0.14004662376296878,0.10241362714493144,0.087023429128285,109,109
1998,-0.021815026278404228,0.13692643097008514,0.09953444322392407,0.08673969319634661,109,109
1999,-0.0332295418032455,0.1331758845072068,0.10372304671681636,0.08647223519657352,109,109
2000,0.0004657549531345335,0.13003035989650055,0.10512681053493868,0.08621841902516757,109,109
2001,-0.0010714673946240817,0.12625565832451727,0.10667964598805406,0.0860099974384978,109,109
2002,0.001202970716550067,0.12257747295383133,0.10348204028153836,0.08592271198694555,109,109
2003,0.021077415151703575,0.11849733351739622,0.10817733996855057,0.08559002433607243,109,109
2004,0.024027525257335872,0.11336470105788965,0.11339761528318962,0.08523749634892946,109,109
2005,0.01648981975657638,0.10819921328779843,0.11127956802406076,0.08495178680253414,109,109
2006,-0.007532819918798049,0.1037195410142156,0.11003382477253272,0.0846090381087319,109,109
2007,0.01736641315564718,0.09996429713243433,0.10712071009241209,0.08413745428590659,109,109
2008,0.053371801698750644,0.09618506874068469,0.11419299628575506,0.08371906042475363,109,109
2009,0.04878525026899643,0.09274115699262085,0.11310298393426,0.08324599343957735,109,109
2010,0.0589446124551424,0.0891870188936124,0.10882595829970496,0.08273710308681977,109,109
2011,0.10305414868992867,0.08650441944422245,0.1323068358185455,0.08235338515083816,109,109
2012,0.20418754299708933,0.08443496344243771,0.19114171845599887,0.08198200356801683,109,109
2013,0.20523008193964365,0.08151591524201494,0.18849159243157929,0.08156951590096245,109,109
2014,0.20361116699920284,0.07788489470606749,0.19322988278653877,0.08114722454123739,109,109
2015,0.18893889574075398,0.07398176196454302,0.19488713460078766,0.08082675017203686,109,109
2016,0.17757340835364915,0.07050270521188938,0.1777552447701462,0.08055611219114661,109,109
2017,0.3017080221270004,0.0662462057630608,0.26913577870899835,0.08027548445233297,109,109
2018,0.2608609413061547,0.06272249879741089,0.22066227136363414,0.08001623699325304,109,109
2019,0.26891999340120826,0.05975579659247325,0.21863294377125653,0.07983129346863978,109,109
2020,0.29568858604318565,0.057409341250585784,0.22890013781615542,0.07969390229651974,109,109
2021,0.31516389632440234,0.05526219088571379,0.2480896975969882,0.07953581765604421,109,109
2022,0.3035066763763077,0.05356873957129531,0.23902477654317084,0.0794660887397495,109,109
2023,0.26219586307377857,0.053154113826262964,0.20896506450940608,0.07947656107931893,109,109
2024,0.29060850630234325,0.053151383526290875,0.23423798601559725,0.07953342484757128,109,109
2025,0.24859634226065921,0.05268887597621034,0.21164333235097726,0.07965973299441038,109,109
2026,0.21654066510647663,0.051879629661329425,0.19232138756187414,0.07974417107593676,109,109
2027,0.21941944060752483,0.05142056013220518,0.22898400780393982,0.07987069647247882,109,109
2028,0.2031970460820181,0.049849613151891084,0.22983537034660761,0.07998245974040791,109,109
2029,0.2147139396769623,0.04866936671043584,0.2166715977849083,0.08020829682510938,109,109
2030,0.23732235658861855,0.047437337493779895,0.222779710513242,0.08032609469100101,109,109
2031,0.2231243052175955,0.045664888992369666,0.21751614030314462,0.08050453579706288,109,109
2032,0.23960397628160865,0.04348350157715087,0.2284481127382154,0.08074449829366148,109,109
2033,0.22431031102425114,0.040786629635995275,0.21770168479328317,0.08094384086782525,109,109
2034,0.2510890556451049,0.038417139501078966,0.24053408022061826,0.08115153919524168,109,109
2035,0.20273437845354866,0.036452196591196376,0.18706396770502848,0.08136687803267081,108,109
2036,0.259305108094287,0.03875306655328267,0.23621580448789564,0.08235926902748895,108,108
2037,0.26557299988691574,0.037374076266620204,0.24433821693361926,0.08279460492800511,108,108
2038,0.2576425316622045,0.03521894009481965,0.24009028385763434,0.08321722002723025,108,108
2039,0.16983220901899715,0.03408545957860955,0.15316875446434544,0.08365792992850088,108,108
2040,0.14854222042142384,0.03268330447904624,0.13811066612753736,0.08407647299619683,108,108
2041,0.20839269554514323,0.031490606232277736,0.20856650955994824,0.08444543323066747,108,108
2042,0.19497553552348124,0.03180340865622773,0.21372108296253037,0.08558229698768786,107,107
2043,0.11546430394450964,0.031514364449217055,0.1567677434831852,0.08591642426851309,107,107
2044,0.05312400526584415,0.03201407566079322,0.11261130103820949,0.08624109054519498,107,107
2045,0.07493714120171942,0.03192048968979869,0.12147921839126205,0.08669990565842771,107,107
2046,0.07858616855234882,0.031355521793696654,0.11878488171665919,0.08712027254550979,107,107
2047,0.029108582194365098,0.030956233581672245,0.09409468156753348,0.08751009669112893,107,107
2048,0.09188063268602505,0.029388160802583635,0.11776227087621713,0.08787202735401806,107,107
2049,0.11049954860282137,0.027236041354635383,0.1381803725797871,0.08831174203024664,107,107
2050,0.07552757665567218,0.009672847685423683,0.1119856297836071,0.08820794480215786,107,106
2051,-0.019774340543357378,0.00761845850721058,0.0920842293678856,0.08846294624865554,106,106
2052,0.06383735300486762,0.004382682256335173,0.11752358725513423,0.08966967883017352,106,105
2053,0.12168876263638004,0.0017063512300518574,0.16509090197693316,0.08995989105277725,106,105
2054,0.1198700907392128,-0.00032628525222813285,0.1706929351469669,0.09022254128861809,106,105
2055,0.0972714169867639,-0.001860344025436581,0.1621493475940897,0.09047149890381768,106,105
2056,0.10176856896935604,-0.002677188961961373,0.15379666044220197,0.09072016335800272,106,105
2057,0.09127808612338893,-0.0033689149328763974,0.14709250763727055,0.09099786262712366,106,105
2058,0.08100810958852031,-0.003648677385352602,0.13440003013525934,0.09120904386533077,106,105
2059,0.10200332021216033,-0.0035903832874598115,0.14135503833411475,0.09142426768835854,105,105
2060,0.09358561631804137,-0.0035755679569100247,0.14719817518283668,0.0915942831644904,105,105
2061,0.11380941401899033,-0.0034795481716272604,0.16013054752343295,0.0917800652372682,105,105
2062,0.06072179174959533,-0.003253997229498943,0.11444543657787254,0.0918613821046231,105,105
2063,0.06886322718894361,-0.003260750403900206,0.1257878938570645,0.0919296771098797,105,105
2064,0.05211259468363177,-0.002772900123868841,0.12733116095730157,0.09199794413854293,105,105
2065,0.052266131750536376,-0.0019464150323084356,0.1174005974952553,0.09203626671577131,105,105
2066,0.03852273865912651,-0.0013482724747051864,0.11067636041615532,0.09211502226878963,105,105
2067,0.01810521263146702,-0.0016513566957920172,0.11337500143732047,0.09221822617659112,105,105
2068,0.012446418110571145,-0.0018802197333498288,0.11459261307973777,0.09232919248032648,105,105
2069,0.010664263880472636,-0.0027185623369629826,0.11607069578030753,0.09248389293663047,105,105
2070,0.00902328786591897,-0.003262978315068422,0.11413939846155942,0.09263247341449105,105,105
2071,0.01257429010745049,-0.003915091729576984,0.10882378665053823,0.09288912586853787,105,105
2072,-0.0018080200158043474,-0.0044075978285454,0.1083688060377719,0.09320894248289288,105,105
2073,0.029611110527532923,-0.004054277099476588,0.11182288288891919,0.09362243938469451,105,105
2074,0.03397867458035743,-0.002347249652671464,0.10826814775451207,0.0940416820485597,105,105
2075,0.033924833064849357,-0.00019186826515394095,0.10842826605882168,0.09424242631658086,105,105
2076,0.008357207646140376,0.0012301479375167483,0.10719975752614429,0.09453926402977016,105,105
2077,0.01791977243419674,0.0026465731233534656,0.11594964049746945,0.09482742868509986,105,105
2078,0.01626383555505055,0.004559926132395805,0.10704410612837403,0.09513905630984851,105,105
2079,0.029298737251831623,0.006355418872967863,0.10611791403937798,0.09547538948848457,105,105
2080,0.010339674140182251,0.008235915450085124,0.1000822487354985,0.0959011924048866,105,105
2081,0.027421052204424336,0.010129867232886067,0.11103853710167523,0.09628766550342541,105,105
2082,0.034404194040874095,0.012189973408149007,0.1140160809165434,0.09668339411285169,105,105
2083,0.018970386892757804,0.013034514987294743,0.10685134856784423,0.09698591891234902,105,105
2084,0.01712783987023279,0.01375364793478169,0.10510149140343303,0.09730315601848495,105,105
2085,-0.009420899461251186,0.014472970520099921,0.0980593368320985,0.09736980694842896,105,105
2086,-0.03655174072017391,0.014571102423762054,0.09588055451608873,0.09728744307959858,105,105
2087,-0.04529706551350529,0.014192173203496925,0.09309818509662518,0.09712968695622987,105,105
2088,-0.041097964600348,0.013631727191453532,0.09380114391919772,0.09673047963842026,105,105
2089,-0.04232069068581124,0.013060039536079355,0.09290214921343834,0.0963600555442023,105,105
2090,-0.02926780515795445,0.012805201359382484,0.09041446390218144,0.09594870286996277,105,105
2091,-0.03514686556466335,0.013135782680936129,0.08854618776533954,0.09557210678552773,105,105
2092,-0.04225178255376865,0.014087454151902419,0.08839342780345087,0.09515219911419985,105,105
2093,-0.029491304791746522,0.014264576442012195,0.08776503496227236,0.0945772251275051,105,105
2094,-0.0634687760498726,0.014114512466730953,0.0819361962409806,0.0940352049626142,105,105
2095,-0.05989086183378751,0.014179387148271048,0.08134373031773501,0.09352129068396353,105,105
2096,-0.029391890357334492,0.014364957719972565,0.08728628409231562,0.09303525914845255,105,105
2097,-0.01821240140842572,0.014698633626831992,0.09491576614215434,0.092534814359759,105,105
2098,-0.014447053842651606,0.015970902539345088,0.09357253615517655,0.09193764405190065,105,105
2099,-0.01785933172949972,0.016607208662100695,0.09023811697850101,0.09141845066286827,105,105
2100,-0.016310596261476185,0.01676281958066827,0.08871670222765438,0.09097753274148114,105,105
2101,-0.01256154887928485,0.01673255291745999,0.08805598627477718,0.09062575248659416,105,105
2102,-0.015730129273693903,0.016117811722328665,0.08875061213897131,0.09025031341315637,105,105
2103,-0.01858307525326226,0.015716766316824424,0.08682052568182916,0.08993154257093114,105,105
2104,-0.029277870630894313,0.01470520130410687,0.08623580195967254,0.0897267004420822,105,105
2105,-0.008704735764842335,0.013996574111840921,0.08778116790379314,0.08940426055741431,105,105
2106,-0.022906926618759732,0.013173076342546407,0.08656063249962619,0.08917451434103713,105,105
2107,-0.03619142071535955,0.012776489165235473,0.08825643663053162,0.08904462181177278,104,105
2108,-0.04038779300063839,0.008007142551824732,0.08749986162396566,0.08963058225942575,104,104
2109,-0.030850260672386047,0.00902703292015327,0.08811215560434495,0.08943929890824664,104,104
2110,-0.036587827864032044,0.009652721525451892,0.08649418150727,0.08919759487570708,104,104
2111,-0.04757573867263431,0.010444569450499383,0.08390496266726948,0.08891331136307593,104,104
2112,-0.06353245640347287,0.011906142620561246,0.0832278474199577,0.08867251384089492,104,104
2113,-0.05993093879541866,0.01428211445056407,0.08686932451658964,0.08840774149661747,104,104
2114,-0.03639532748828203,0.01620759757239495,0.08892266750568814,0.08811621091319277,104,104
2115,-0.05050097238332429,0.01769427636474557,0.08506271739002505,0.08781906685871012,104,104
2116,-0.04433127064534288,0.019153962761099156,0.08295636546887858,0.08755803766785782,104,104
2117,-0.03615121813559939,0.02050023099446802,0.08377782809476818,0.08729989552140219,104,104
2118,-0.009440705134377884,0.02095186071054063,0.08650240778198762,0.08702161025670511,104,104
2119,-0.008018453583445573,0.021986573741877565,0.08487835912855055,0.08666346911991905,104,104
2120,-0.021923402022032537,0.022560706675781875,0.08254711316587704,0.08645020362466486,104,104
2121,-0.02237330550566847,0.022555702484370648,0.08228785018086224,0.08622425515778646,104,104
2122,-0.032847473888565674,0.02263145393648642,0.08215054937445757,0.08604998907632412,104,104
2123,-0.021719995654577995,0.022815213751536716,0.08267472373493241,0.08605754720280935,104,104
2124,-0.02209052042737065,0.01103643068758908,0.08366106720316913,0.08608244485269484,103,103
2125,-0.03186189834026471,0.011961094196866985,0.0832225256182384,0.08612639706517845,103,103
2126,-0.057853588406128656,0.012786204871735008,0.08028077563883727,0.08618217893346708,103,103
2127,-0.06075773679689058,0.013983203686839427,0.08005775427808817,0.08619121985417891,103,103
2128,-0.06963661633710234,0.01528075105063448,0.08003325854999783,0.0861125527150855,103,103
2129,-0.0779120545763986,0.01743887162506733,0.08077017090752986,0.08594228888629765,103,103
2130,-0.07635407654037783,0.02016434118715455,0.08146303922872178,0.08584925670575078,103,103
2131,-0.10267643357654466,0.022421853288286643,0.07312815182371193,0.08580631849039673,103,103
2132,-0.12111884002374436,0.023796374406899294,0.06794850068932744,0.08575958124016941,103,103
2133,-0.1029276303620672,0.02440176082759501,0.06797135681610927,0.08567771842081001,103,103
2134,-0.11306362232343523,0.02466405608565974,0.06776385197088154,0.08550720737111925,103,103
2135,-0.10625915175492368,0.024776489281409384,0.0674988142443911,0.08538729006679295,103,103
2136,-0.11025271103196538,0.025010632678172127,0.06699674666756418,0.08518771136956298,104,103
2137,-0.12036579055517141,0.025721605607422062,0.0668988735200447,0.08516107422886914,104,103
2138,-0.13047127969199157,0.026497558775870893,0.06838394646768177,0.08518602172797286,104,103
2139,-0.12790957083368426,0.027062332974849158,0.06679286047335205,0.08522498160087943,104,103
2140,-0.12762310455992998,0.027454313120376238,0.06576618005618425,0.08522080842135256,104,103
2141,-0.10143234815100234,0.027854656249447534,0.06620278641675612,0.08526686985083638,104,103
2142,-0.09528330763067784,0.02808771369051112,0.06747940191981411,0.08535831528665205,104,103
2143,-0.09526339485361998,0.02893811708683502,0.06843372556336723,0.08549360801187485,104,103
2144,-0.09396384987943159,0.02968226733958247,0.06908312515802773,0.08572596905076224,104,103
2145,-0.08657647851428055,0.03091193710987757,0.06950231849596507,0.08604282244522479,104,103
2146,-0.09942369674353436,0.02341955446826772,0.06853394576973999,0.08599777756823498,103,104
2147,-0.09182053425480935,0.021324980801333736,0.06907931475876432,0.08709765262941603,103,103
2148,-0.08807051069042167,0.023775159932812106,0.069281940944488,0.08737280320963195,103,103
2149,-0.08540421827821425,0.026017065219570184,0.06862407083715777,0.08754388689537532,103,103
2150,-0.08733430763843926,0.02744854498178478,0.06687444133641708,0.08780235399242564,103,103
2151,-0.08997470017268447,0.02891219370935154,0.0652544488293802,0.08811174010198522,103,103
2152,-0.11035881612368326,0.029994920936930052,0.06601721852554833,0.08832463319818411,103,103
2153,-0.10496651232836877,0.03158026285628501,0.0668862387011539,0.0885751671771815,103,103
2154,-0.07354280570627014,0.033090410464993426,0.06865518361879516,0.08877209608932822,103,103
2155,-0.08272540965742542,0.034643338779391075,0.06870152593777132,0.08888814795547845,103,103
2156,-0.07715166224592598,0.035555099969005695,0.06755254776752234,0.08897245236080233,103,103
2157,-0.08285573080606011,0.03608449495822154,0.06684239073863708,0.08899014212192152,103,103
2158,-0.08857247997945708,0.03556434429216822,0.06803867774739189,0.08900808754135299,103,103
2159,-0.09373854079437818,0.03572438645932291,0.06889840875065319,0.0889958527690296,103,103
2160,-0.07560829262611332,0.035913780993203775,0.06730524442258837,0.08889425355010953,103,103
2161,-0.05163108923735436,0.037250915322009914,0.06797252922561915,0.08888236985426733,103,103
2162,-0.0675903540441907,0.03826813226917559,0.06755952263092446,0.08884882196291144,103,103
2163,-0.06534503197213473,0.03951808885039351,0.07012913710290211,0.08880086141156474,103,103
2164,-0.05597554142722437,0.04061742239891861,0.07075579324800829,0.08873471186390505,103,103
2165,-0.0632984258595416,0.04151716493160374,0.07021850133832046,0.08866976465141575,103,103
2166,-0.05780634145012418,0.043275289332709764,0.0701268139244808,0.0886819705677981,103,103
2167,-0.07167129666088874,0.044078968925239284,0.0721692920999912,0.08876797687034213,103,103
2168,-0.09851051396584523,0.044987687268138864,0.07128089491602778,0.08878740050037197,103,103
2169,-0.07620940998696699,0.04496239930250105,0.07017706302366795,0.08886512401522532,103,103
2170,-0.07874510819393814,0.04536284095379174,0.06962037121824041,0.08895023416038654,103,103
2171,-0.05043422977406827,0.045166482363138694,0.07415101451548599,0.08904395884192699,103,103
2172,-0.049352098448004623,0.04468799030211602,0.07425652171118921,0.0891024635414551,103,103
2173,-0.039358176706496786,0.043081982762054105,0.07733514332398247,0.08916143976100444,103,103
2174,-0.049316877333718534,0.0415420673999067,0.07615408842907377,0.08919889312433923,103,103
2175,-0.05299746842640765,0.040908384142641877,0.07631001059256652,0.08925553825319989,103,103
2176,-0.06542658655620089,0.04400222868463045,0.07724649915693008,0.09025085381886205,102,102
2177,-0.07589495005567456,0.04352788453063236,0.0727577513582614,0.09043451155972626,103,102
2178,-0.06592995399740939,0.043756245279168375,0.07360124609311516,0.09065759280517866,103,102
2179,-0.05185694878527634,0.04358293755432995,0.07397818284556952,0.09080014301238334,103,102
2180,-0.08439873366247494,0.04358188081266525,0.07439414330239165,0.09079396160152342,103,102
2181,-0.07074982406958887,0.04398501458675816,0.07451332976227087,0.09074619464853545,103,102
2182,-0.08121607500702337,0.04346805770680995,0.07470479491277497,0.09069663951262899,103,102
2183,-0.06504175115328573,0.043831415763927045,0.07091925461481612,0.09073383716553869,103,102
2184,-0.08721947465386452,0.04440315686374996,0.06696182228004095,0.09082435981767825,103,102
2185,-0.07550906135269415,0.04985239236265437,0.06720295961692237,0.09151660154166316,102,101
2186,-0.08998826376534451,0.0492605255118776,0.06647939315453076,0.09161778211274671,102,101
2187,-0.081565163040778,0.053507262256394135,0.0646964958913694,0.09104871759384074,102,102
2188,-0.07927784307302777,0.053374688133414686,0.06713397247468211,0.09118478436153264,102,102
2189,-0.0761041452068276,0.05252410002878683,0.06971490227867919,0.09135035367617632,102,102
2190,-0.06137628257635981,0.05175988523932738,0.06662418285254551,0.09153602598695104,102,102
2191,-0.04371051761447629,0.051543261000537396,0.06925506643539235,0.0917287412992692,102,102
2192,-0.05868792277969755,0.05174206084286324,0.06923725551644429,0.09193703287135234,102,102
2193,-0.06980800311485545,0.0527446523854296,0.06795133139143314,0.09219566112749086,102,102
2194,-0.05015629115497305,0.05362088486889517,0.06793201618794253,0.09241079220907714,102,102
2195,-0.046568480590620964,0.05409766878370373,0.06873575410404967,0.09265815374164842,102,102
2196,-0.05404042482760749,0.05501495307181671,0.06918141806925221,0.09302924421812539,102,102
2197,-0.06373909017981527,0.055739350908324034,0.06932217245025302,0.09337685357172498,102,102
2198,-0.07564219517914139,0.05603596991573351,0.06902196013526893,0.0936644879150945,102,102
2199,-0.06666766413235413,0.056816972959388534,0.06976480848009302,0.09394860743969406,102,102
2200,-0.08663672245297782,0.058738940723933895,0.06543526988435677,0.09420903583897493,102,102
2201,-0.09983706823338429,0.06039645389638354,0.06481400907942197,0.09448097569728907,102,102
2202,-0.09815711114234354,0.062023886678034254,0.0662474514186932,0.09486797494857754,102,102
2203,-0.1093288348927711,0.06287264768135442,0.06586535742021855,0.09531963715259836,102,102
2204,-0.10249268120592443,0.06415964194472834,0.06602364420063483,0.09587907408180966,102,102
2205,-0.09404372672873096,0.06558818206604691,0.0662947825637979,0.09630860183725894,102,102
2206,-0.09911498089970452,0.0688258613005919,0.06665056950884118,0.09673283953081943,102,102
2207,-0.10234708235576223,0.07179776960995553,0.06525036322406663,0.09714317306522725,102,102
2208,-0.10459345803848608,0.07435729828064461,0.06492130309639536,0.09753831414375433,102,102
2209,-0.12793411686742398,0.07670025844146415,0.0660901364807996,0.0980347164581738,102,102
2210,-0.15215809515532616,0.07816804311518885,0.06706092959273506,0.09842750145195729,102,102
2211,-0.14752955315806865,0.07942872311604741,0.06600347565506486,0.09890795370916584,102,102
2212,-0.13730896268483686,0.0817365134295897,0.06447746017418711,0.09927393129382858,102,102
2213,-0.1423588582780421,0.08451958971754774,0.0644940484782619,0.09966646353508209,102,102
2214,-0.1516971114727922,0.08679455186073903,0.06291712778185939,0.10004721848361085,102,102
2215,-0.17016835237778594,0.0898496955139826,0.06164328248417721,0.10044380348537807,102,102
2216,-0.18718673341122957,0.0933605218211071,0.06367132584063345,0.1009416254960609,102,102
2217,-0.185988294451207,0.09750723340205059,0.062025200992632014,0.10145139268824889,102,102
2218,-0.17383284541532276,0.10161022817280795,0.0609928124384715,0.10211777141033224,102,102
2219,-0.15300566670477034,0.10600864387782957,0.06010723801730423,0.10281585596696477,102,102
2220,-0.148290925224157,0.11044793204458879,0.06143567999881957,0.1035532700614817,102,102
2221,-0.14972101149912695,0.11385266279812584,0.06175593987522589,0.1041245605498723,102,102
2222,-0.15881281965519084,0.11748544473661682,0.06255717467573763,0.1047563529784701,102,102
2223,-0.15742096191142244,0.11913994209849266,0.06547619372997959,0.10636238474443029,101,101
2224,-0.13156022678849597,0.12403825548457466,0.0677006607543563,0.10707823402340219,101,101
2225,-0.12150111095295515,0.12866304864110795,0.06975666499887359,0.1078231467438204,101,101
2226,-0.11581822347307164,0.132589497578478,0.07101261086510544,0.10851508600668272,101,101
2227,-0.10032748318675774,0.137338768081884,0.07221103784662866,0.1091567172164596,101,101
2228,-0.09769731540287993,0.1425401203723225,0.07278808857921201,0.10974950238088277,101,101
2229,-0.10157160427518343,0.14738072127173155,0.07249897972874185,0.11039774014433527,101,101
2230,-0.11415402254228028,0.15232459621080685,0.07300006612581206,0.1111263270027792,101,101
2231,-0.10494332696609779,0.15659635387411655,0.07350561982981273,0.11180642949966087,101,101
2232,-0.0930507841671056,0.16024255017501662,0.07344014769898717,0.11239991049634562,101,101
2233,-0.0953875564779332,0.16501463511646763,0.07174065447678124,0.11315286028541699,101,101
2234,-0.09546099875097501,0.1693548127543886,0.07253332527405121,0.11387781470281168,101,101
2235,-0.09661787685237544,0.17229163002570086,0.07144194100221482,0.11433467873821847,101,101
2236,-0.08785097055673853,0.174822373771904,0.07004243403057236,0.11446050832238129,101,101
2237,-0.06582662080618533,0.17682397657425772,0.06985736165843578,0.11464378507315828,101,101
2238,-0.07852352220331535,0.17690212576985925,0.07005195846117195,0.11483489317128348,101,101
2239,-0.07261502445636597,0.17732973582143718,0.07138596946249522,0.11514998565361358,101,101
2240,-0.08279444766782451,0.1776751989689707,0.07015737954399848,0.11551464701419999,101,101
2241,-0.08606093581803705,0.17719314416843635,0.06854735322217698,0.11595002162364172,101,101
2242,-0.09805356243482914,0.17804395411999696,0.06852526407476071,0.11648014159758524,101,101
2243,-0.11385718038614007,0.17820773493196915,0.0679566724808835,0.11672898118106119,101,101
2244,-0.12418108077595721,0.17802981649589317,0.06804051749323858,0.11694133164738786,101,101
2245,-0.10360186671841592,0.17807666474365866,0.06809659189017947,0.11705207514117061,101,101
2246,-0.10033084726116873,0.1770440279792052,0.06701275616935283,0.11710566864969384,101,101
2247,-0.08312414370904041,0.1757388905651319,0.06844388025666434,0.11723858000396008,101,101
2248,-0.10096822412606626,0.17306093429839317,0.06970103483662046,0.11734074526402768,101,101
2249,-0.0935672941256196,0.17142208929664898,0.070789170524074,0.11738375973353675,101,101
2250,-0.07785025548495883,0.16922350595441923,0.0713430775794728,0.11733389678196367,101,101
2251,-0.0697140892844473,0.16681369501231227,0.07237547792224228,0.1173279824918511,101,101
2252,-0.06457607568650134,0.16405378312722893,0.07432805430664716,0.117237417989991,101,101
2253,-0.07281142717909513,0.161369974948722,0.07404335995443098,0.11726166644690683,101,101
2254,-0.06285971861599261,0.1586425758200795,0.07392817346319086,0.11720224042104312,101,101
2255,-0.07740853148195675,0.15671253844622401,0.07613353900774593,0.11819128690431166,99,100
2256,-0.09531466077270376,0.13517487953020205,0.07752555695375156,0.11741221797836084,99,99
2257,-0.11539203222591664,0.13399760620322562,0.07335032760785751,0.11723332478637905,99,99
2258,-0.1376718658925581,0.1330811289235828,0.06991973818037635,0.11713856957069221,99,99
2259,-0.15392563314590332,0.13182986527206703,0.0715379446760655,0.11693721961118074,99,99
2260,-0.15651353503078794,0.12953793209238787,0.07133341389769834,0.11671868032996184,99,99
2261,-0.16849078324432104,0.1274242611154875,0.07006095498346976,0.11644944644993997,99,99
2262,-0.17840884764088677,0.12542204891960776,0.07158118503714919,0.11623417337992462,99,99
2263,-0.16286587524629828,0.12384736161980815,0.07335173820778265,0.11592730764373264,99,99
2264,-0.13833201110685353,0.1215488453361108,0.07477892708923284,0.11550204800865996,99,99
2265,-0.13406844542622043,0.11971903869077814,0.0759955727755097,0.11510892289993056,99,99
2266,-0.12694649779827225,0.11640911451818382,0.07795015384772024,0.11464144177698557,99,99
2267,-0.1348155659486457,0.11285846168900471,0.07508504219219343,0.11424738441641219,99,99
2268,-0.11935546068908799,0.10977790540804797,0.07421580742967822,0.1137876332244673,99,99
2269,-0.1327186977066774,0.10664469705428527,0.07518519178157013,0.11332581302549138,99,99
2270,-0.12805979590654432,0.104703100900215,0.07599155308023384,0.11277870328983902,99,99
2271,-0.13528903147921567,0.10355204059722371,0.0760200471793019,0.11237198829627441,98,99
2272,-0.1239324842697016,0.10209371579111585,0.07630072125300308,0.11305261950580958,98,98
2273,-0.11975528706744241,0.09932202641894039,0.07602032383708175,0.11249202818916909,98,98
2274,-0.15259380031442596,0.09628752409287938,0.07240076061106063,0.11205242542994251,98,98
2275,-0.16149906995930002,0.09249905124800865,0.07664488211228832,0.11158964883935268,98,98
2276,-0.1301559842908705,0.08891579849336098,0.08402873869303258,0.1110074925494884,98,98
2277,-0.11762790512824998,0.08397510134601305,0.08243291159749934,0.11044312778928853,98,98
2278,-0.1200361410645438,0.07915798045527651,0.07983374754098924,0.1098723454865303,98,98
2279,-0.10217906467005952,0.07350868730112084,0.08173369254848775,0.10940660455529316,98,98
2280,-0.1122195346845818,0.06794518301267843,0.08045082783453826,0.10886262857530198,98,98
2281,-0.11799863317426997,0.0627531487999633,0.0810392670340999,0.10834706556680261,98,98
2282,-0.114511627019875,0.057480668125149965,0.08254442656657225,0.10774339903533763,99,98
2283,-0.1153929780111404,0.052970177764514514,0.08325533085740443,0.10722919405599952,99,98
2284,-0.10114445675982028,0.04837359704000694,0.08257424174570509,0.10676939692555924,99,98
2285,-0.09626733032433898,0.044839145608433884,0.08305743411071892,0.10638694156920266,99,98
2286,-0.09396488564223598,0.041361182502099976,0.08321242577346834,0.10597248500490637,99,98
2287,-0.0678670679119489,0.037332552794817585,0.08515235673679405,0.10547721868741282,99,98
2288,-0.06731237880078657,0.03289341474723955,0.08431464328189073,0.10476711849855422,99,98
2289,-0.08843600501406974,0.029605753156950108,0.07889758811865023,0.10403785855712787,99,98
2290,-0.12249057051083594,0.026274812903282672,0.08041951008496336,0.10340096360521864,99,98
2291,-0.11864958486056816,0.022585670302988456,0.0835229493998193,0.10271626892223622,99,98
2292,-0.13439663262462562,-0.01811699937693695,0.08256764364569645,0.10764024738938983,99,99
2293,-0.14273135910530618,-0.021336602909476914,0.08217747663212928,0.10729203155842065,99,99
2294,-0.15887611896285397,-0.024901767425068316,0.080278227505645,0.10661454975957213,99,99
2295,-0.17891688833337768,-0.02737628556893971,0.08270041006256294,0.10583942924196585,99,99
2296,-0.1835023985694339,-0.029498524345178332,0.08048831711779696,0.1049086915381727,99,99
2297,-0.1912847029057421,-0.03076484591850108,0.07841948431040877,0.10392244905959298,99,99
2298,-0.17473928264913022,-0.03075380008455546,0.07644966354448823,0.10299411847499154,99,99
2299,-0.16046646120289432,-0.03169869953927086,0.07884956429362715,0.10198996228733312,99,99
2300,-0.17116171254874407,-0.03217922758237092,0.07668961159271699,0.10102386501185942,99,99
2301,-0.17594513909931134,-0.03149625274674183,0.07540258998554443,0.10010922762847445,99,99
2302,-0.159071987424469,-0.031522374671546914,0.07866198823123564,0.0990666116886835,99,99
2303,-0.14980818592652898,-0.03173204140183483,0.07989026147552218,0.09835890468845551,99,99
2304,-0.1390684584744149,-0.03129229681174209,0.08110138527401536,0.09768815983446524,99,99
2305,-0.143262994443606,-0.03043218762140011,0.07931879189355187,0.09699090463056304,99,99
2306,-0.14818168208003615,-0.02956493319792785,0.07840034221939128,0.09633650557129626,99,99
2307,-0.13619807174011136,-0.02897909045515083,0.08524998456786867,0.09578780342122814,99,99
2308,-0.12447614096173842,-0.027714358596742525,0.08688611887402113,0.09519673553229653,99,99
2309,-0.12272215396045942,-0.026657325499929094,0.08566294770480053,0.094704202385352,99,99
2310,-0.11806606331824773,-0.02549140739621649,0.0895352205535044,0.09415349249159921,99,99
2311,-0.1078410691203867,-0.02458484472040595,0.08934240648228294,0.09353955935144143,99,99
2312,-0.11191304474070679,-0.023436440847142408,0.08746069589675579,0.09292446365135218,99,99
2313,-0.09413073969777258,-0.02249657044379888,0.09015899894960414,0.09240705299112087,99,99
2314,-0.12219345842007272,-0.020723788831479267,0.08999033297968521,0.09180776593482912,99,99
2315,-0.13505956992305682,-0.0186449787639107,0.08989738145274978,0.09123813995420899,99,99
2316,-0.12690495916807895,-0.02874172238790462,0.08928573769671147,0.09088426025881652,98,98
2317,-0.12260799205988762,-0.027252342616229802,0.08922237621796814,0.09026920070032998,98,98
2318,-0.11701748539421787,-0.025763637395596402,0.08884862559621323,0.08966219969227175,98,98
2319,-0.12224821448476557,-0.02560809723663786,0.08462801903418156,0.08922877741425184,98,98
2320,-0.12426641357551779,-0.025176713359743152,0.08558570268032997,0.08873447263837697,98,98
2321,-0.08929852331214805,-0.025089011194484073,0.09129766695501881,0.08823257685123813,98,98
2322,-0.07377148548105839,-0.024652067016622488,0.09070641904064836,0.0877870665973445,98,98
2323,-0.09403146134126099,-0.025836336564910342,0.09202439889076416,0.08760724722818672,98,98
2324,-0.0963247974645163,-0.026233661137753946,0.09256280958593442,0.08735229119011848,98,98
2325,-0.07473139715042204,-0.027597389275606638,0.09127807899723367,0.08714958540896203,98,98
2326,-0.07483135425247703,-0.028279907587726368,0.0945188928284604,0.08687669756759454,98,98
2327,-0.058022756658175724,-0.028138710487368206,0.09634721930131336,0.08659255993924066,98,98
2328,-0.031137813310475042,-0.028579404703680478,0.10163257374044035,0.08632511984291841,98,98
2329,-0.04047860346641748,-0.028620258020549124,0.10214493470269888,0.08601061417591155,98,98
2330,-0.04193907939370771,-0.029079928120659605,0.10040916291784932,0.08560471127431803,98,98
2331,-0.03598352637099026,-0.029557662779124458,0.09804408514490262,0.08520080404019753,98,98
2332,-0.03927624190392161,-0.03025576680282998,0.09776763025410407,0.08492098115684206,98,98
2333,-0.04452733729945582,-0.031006764251970246,0.09978797571873017,0.08457677989876887,98,98
2334,-0.027028848837166566,-0.030942975382404054,0.10084962601145563,0.08418626900701053,98,98
2335,-0.02978669322932558,-0.031062384111549098,0.10083041222194718,0.08387421471497905,98,98
2336,-0.030039371336935485,-0.03192353577701475,0.10055095517616086,0.08351954739034623,98,98
2337,-0.05012642392036423,-0.03189166303097921,0.09964902801072152,0.08318877336717252,98,98
2338,-0.05432294498879932,-0.03172199295834279,0.09759960026071753,0.0828751929479996,98,98
2339,-0.06163605788190001,-0.03151538260449365,0.09619894645318225,0.08257251872742086,98,98
2340,-0.05439189323035417,-0.031614330410184514,0.09645163479552328,0.08238739401837984,98,98
2341,-0.038313899426162874,-0.031363806391911775,0.0980632599916976,0.08215374595131597,98,98
2342,-0.028869371735105415,-0.03108015062690517,0.09931953085520587,0.0819660483485788,98,98
2343,-0.02145621225664753,-0.031665771973379914,0.10030193487266163,0.08191637459771804,98,98
2344,-0.0361020610133048,-0.03363540492416352,0.0998212543775259,0.0819403857198445,98,98
2345,-0.05093160317355767,-0.03578774943902866,0.09673190687976292,0.08198238888251093,98,98
2346,-0.04298144739059993,-0.038470313818432404,0.09541788798189997,0.0820236126233805,98,98
2347,-0.05206562819542358,-0.041169143116119945,0.0946823684292994,0.08193612559368361,98,98
2348,-0.03701274174182443,-0.04367107204084186,0.09770952340274967,0.08191577134655162,98,98
2349,-0.031513737909443035,-0.04516914986250947,0.09957947548034907,0.08193047017274346,98,98
2350,-0.00890092148685603,-0.04744189831378382,0.10010765211843524,0.08196265715126276,98,98
2351,-0.00031442480072109283,-0.04944355344834559,0.09899544537983032,0.0821057850683593,98,98
2352,-0.007792070361737454,-0.05258454658975375,0.09743222837682164,0.08223944351459347,98,98
2353,-0.02068801280929963,-0.056192686482787364,0.09689273242943937,0.08226247743406556,98,98
2354,-0.02852319658600264,-0.05881712921595618,0.09659236926544966,0.08230186131176631,98,98
2355,-0.017373562209211532,-0.06148916811800451,0.09658574179137754,0.082341797747571,98,98
2356,-0.02198346170277951,-0.06442839287825865,0.09891793575099186,0.08238890755305657,98,98
2357,-0.03628618321790285,-0.0672958437793766,0.10018827074250597,0.08228737694438183,98,98
2358,-0.029571749504227404,-0.07020351422419906,0.10221189113937972,0.08211962410487814,98,98
2359,-0.01831708873098387,-0.07202564549412037,0.10376867224699633,0.08192551051730883,98,98
2360,-0.022584475958459933,-0.07420709205407022,0.1022432342503989,0.08177602519004952,98,98
2361,-0.05442476236681319,-0.07655402779410811,0.10077131678117333,0.08162572289183669,98,98
2362,-0.0520237282073462,-0.07889020760625248,0.09902353871590565,0.08147500413917355,98,98
2363,-0.039882466721934594,-0.08172438364031034,0.09661397358933127,0.08136855055224587,98,98
2364,0.0008207755103318511,-0.08429396256326901,0.10318703032053123,0.08131610655850945,98,98
2365,-0.022252942260688628,-0.08768611369873112,0.11333252173305516,0.08126840270031199,97,98
2366,0.008273801866055518,-0.08748802238175997,0.12042864460436428,0.08207718412648612,97,97
2367,-0.008325984995312197,-0.09043629073563095,0.11984578232643399,0.08209610137069435,97,97
2368,-0.03067840061155141,-0.0928963486466766,0.11896284526174726,0.08207975369537134,97,97
2369,-0.023159014109334436,-0.09488288875463634,0.1177361706171666,0.08202586419385051,97,97
2370,-0.008115558216656193,-0.09659871887093706,0.11312869465055335,0.08190671480460182,97,97
2371,0.015238258692738807,-0.0980137273577267,0.11098258131491606,0.08185618750656526,97,97
2372,0.014943717362603852,-0.09969143855276075,0.1145006535555967,0.08185864827230617,97,97
2373,0.014165837667008444,-0.1008508214617436,0.11305995772671962,0.08193781360035622,97,97
2374,0.03184300348010033,-0.1027273428714145,0.1160724214999293,0.08203653062922497,97,97
2375,0.005260724217015566,-0.10519304748554625,0.11756223394001494,0.08203336247677359,97,97
2376,-0.013522080077596256,-0.10710767556984659,0.1127971288304712,0.08200283119245548,97,97
2377,-0.004158965208909935,-0.10905047196647195,0.11100594666359717,0.08193209742402724,97,97
2378,-0.01265665979069671,-0.11031283171834125,0.10889159126720309,0.08187397095519065,97,97
2379,-0.013391188670378477,-0.11136878487832436,0.10658571935385612,0.08176249400539966,97,97
2380,-0.0341346885924529,-0.11257452299926288,0.10347955471592259,0.08161747197126316,97,97
2381,-0.03378019727658064,-0.11353375676332693,0.10342764279156476,0.08148249806664565,97,97
2382,-0.042152652568594955,-0.11522273392369149,0.10374408647040267,0.08137271169253213,97,97
2383,-0.03413061902931067,-0.1170238918156558,0.10686490659578265,0.08130690915618423,97,97
2384,-0.0069251793798227245,-0.1176386723971786,0.10970633659821313,0.0811693890699863,97,97
2385,-0.005837638727063742,-0.11795441088477407,0.10960624345210421,0.08101747204977207,97,97
2386,0.010131376779853221,-0.11826388577920614,0.11061787098410333,0.08046692726157303,97,97
2387,-0.0014908251659461907,-0.11877479154971454,0.11190000099435225,0.07993400909512426,97,97
2388,-0.014854147502014919,-0.11877245211501002,0.11067938260052489,0.07939609888554423,97,97
2389,0.010788119891956176,-0.11927819159047758,0.11150999207190958,0.07897373236844388,97,97
2390,-0.00728179286412511,-0.1194018408499542,0.11399947577067841,0.07865668185223125,97,97
2391,-0.026285598347813615,-0.11930820277227583,0.11193160986693347,0.0783556734982502,97,97
2392,-0.03880731113552821,-0.11882872122050421,0.10921499423504524,0.07806325038122627,97,97
2393,-0.016375862041622967,-0.11829671184271498,0.11125036057760347,0.07791594468254438,97,97
2394,-0.027102533280003862,-0.11868067708480286,0.11728479813094594,0.07778144780979804,97,97
2395,-0.04406638851726583,-0.11827799296683073,0.11609779421659096,0.07758116810417261,97,97
2396,-0.04099625495415179,-0.11729918439267303,0.11314644497435139,0.07739016660859362,97,97
2397,-0.04908910159364821,-0.11719853992348078,0.11108158193502761,0.07717685653857437,97,97
2398,-0.059179332042951706,-0.11696896951473787,0.11184085255603257,0.07702204608926143,97,97
2399,-0.06998848859299997,-0.1173323161760947,0.11373729099370282,0.07681827804716825,97,97
2400,-0.07047322018178886,-0.11697200802444506,0.11454801829014429,0.07661457240732211,97,97
2401,-0.06321675744120545,-0.11560514241657263,0.11461417809959275,0.07645661288485951,97,97
2402,-0.08132425423285568,-0.11405920102388793,0.11369858885525161,0.07636867163442995,97,97
2403,-0.06798405403305875,-0.1118659563220879,0.11677844271982564,0.07645341556419458,97,97
2404,-0.0523188220222117,-0.1085234417046115,0.12054368397335127,0.07657088078365372,97,97
2405,-0.06719419419300447,-0.10562482601475585,0.1207897208579552,0.07663591301324156,97,97
2406,-0.04855239712798256,-0.10236413765526758,0.12175812989123538,0.0766578080818252,97,97
2407,-0.03635854752296252,-0.0987341474866982,0.12154619292216297,0.07671540888791639,97,97
2408,-0.051035565208519186,-0.09491811408344365,0.11768293772222345,0.0769610469470663,97,97
2409,-0.029324932285888537,-0.09168224656322824,0.1135668639791307,0.07716256500186797,97,97
2410,-0.016978060811546427,-0.08830393280404214,0.1124734355330309,0.07732238384214328,97,97
2411,-0.008264077834335685,-0.08402521684846968,0.11255789656912844,0.07744060427515143,97,97
2412,0.018872498248563137,-0.07852965918255708,0.11641937696845105,0.07773605994791404,98,97
2413,0.0035135589760665856,-0.07398205303665151,0.11942030784809379,0.07807407552901563,98,97
2414,0.016654827285823567,-0.06932641144903845,0.11692342334994708,0.07845128500363874,98,97
2415,0.01344065914096087,-0.06483665160758968,0.11505970299187994,0.07889040907939714,98,97
2416,0.011168695666479565,-0.05974253446234967,0.11583571948687675,0.07941888899208463,98,97
2417,0.011888607262985304,-0.05504981132132977,0.1162275465421409,0.08000571627102279,98,97
2418,0.01629168132071851,-0.05072307378928652,0.11723713168833146,0.08066875446764989,98,97
2419,-0.014909175478795725,-0.04667583400267892,0.115938226615014,0.0813193397956381,98,97
2420,-0.03470420717491705,-0.04190614999280203,0.11683593549398393,0.08197975656964177,98,97
2421,-0.011755858858633351,-0.03751149995837363,0.11643179315623403,0.08262452607603976,98,97
2422,-0.005584566085404497,-0.035068851228166845,0.1130999427357054,0.08251417574337828,98,98
2423,-0.027298068771353764,-0.03183034151581034,0.11463668618156664,0.0832756333090408,98,98
2424,-0.021624201380529093,-0.028883616558978684,0.11562710844378898,0.08403855814434369,98,98
2425,-0.005860299002707969,-0.025438605742862178,0.11505981583588511,0.08469320563926669,98,98
2426,0.0018409257015542966,-0.022477033396755407,0.11376055870156897,0.08528324398244692,98,98
2427,-0.018965452867142216,-0.018868271770710012,0.11310223977306662,0.08601386227698996,98,98
2428,-0.0076280817749424515,-0.015960965663734998,0.11384759301601095,0.08669003138870753,98,98
2429,-0.014831301555918018,-0.012873595125220544,0.11335145821603712,0.08727605976017959,98,98
2430,-0.02406939482075979,-0.010096637716190392,0.11125878440332765,0.0877459316373065,98,98
2431,-0.03231690831622569,-0.0065471682683805685,0.10923120396367476,0.08823223067310533,98,98
2432,-0.030344671841574095,-0.002924866113042607,0.10918744698534186,0.08868981880604995,98,98
2433,-0.016636828083872707,0.00034715571988587463,0.11088237996554888,0.08915061367160676,98,98
2434,-0.011139412152676295,0.004522792040927353,0.10974822186763154,0.0896024831751037,98,98
2435,-0.021908752542827634,0.009606273482730243,0.10957304344441784,0.09029580915463413,98,98
2436,-0.028882818219130364,0.014985153882957748,0.1122001772564191,0.09100653549893682,98,98
2437,-0.01607614353538133,0.020692237177449137,0.11278777038122796,0.09181267781798068,98,98
2438,-0.005017796013138626,0.0252793428379183,0.1098037636623722,0.09261816870765202,98,98
2439,-0.009028413574944365,0.03069072253872225,0.10755708087692603,0.09346986015174785,98,98
2440,-0.014835174717581725,0.03563242891600231,0.1089888239774487,0.09431973695699943,98,98
2441,-0.024133451432804553,0.040233128695660626,0.10861424257102564,0.09507332016600081,98,98
2442,-0.0038181333344995535,0.0454066797886959,0.11245069145948496,0.0958004830983502,98,98
2443,0.0009511222639576439,0.050714042886978894,0.11792329084896279,0.09636223110960783,98,98
2444,-0.007351237299451097,0.05408279566238746,0.11732523756668585,0.0970058705533056,98,98
2445,-0.03015034041549917,0.05682746871170758,0.11116357407874226,0.09760264464397408,98,98
2446,-0.05943667205676334,0.059482854416328924,0.1072462604391086,0.09812060051736342,98,98
2447,-0.05706751205861088,0.06198617153928607,0.10787126972287789,0.09866398849239923,98,98
2448,-0.05356626667728699,0.0648626824149573,0.10584305566157622,0.09918966258628606,98,98
2449,-0.05809131796328988,0.06802672203213299,0.10539741994869362,0.09966044457981314,98,98
2450,-0.05845667462166342,0.07079437322725997,0.10602542002999885,0.1003538453824938,98,98
2451,-0.0783369763086162,0.0740222621773911,0.10627040004473366,0.10106925364749252,98,98
2452,-0.06602940436132182,0.0769772912666145,0.11011750478043345,0.10163265359783856,98,98
2453,-0.0559222102830823,0.08025962251517499,0.11214094513257157,0.1020785841808736,98,98
2454,-0.0417619555175626,0.08455655281851039,0.11588211376041933,0.10259147335427168,98,98
2455,-0.03662261458922383,0.08781211201600646,0.11491766743898135,0.1030189035037609,98,98
2456,-0.06204096808717963,0.09117631317048788,0.10993314288703103,0.10343511083494634,98,98
2457,-0.05575812416198298,0.09484227299029857,0.10871453147133026,0.103850601941096,98,98
2458,-0.06650220665362948,0.0981144795841777,0.10756331784952505,0.10426269190541751,98,98
2459,-0.08050469408083798,0.10199294843953403,0.10998005020609072,0.10470186880740497,98,98
2460,-0.07550411888498222,0.10616403955172478,0.11171060231494095,0.10517955400556799,98,98
2461,-0.08316113125703956,0.10943556397095246,0.11300950833275461,0.10563434289771081,98,98
2462,-0.06952350898772859,0.11175779015013204,0.11273553951745306,0.10600737654846533,98,98
2463,-0.03850933949185378,0.11328474878491732,0.11436960768199426,0.10627846780054112,98,98
2464,-0.04071209898050502,0.114456439044039,0.11510262266889656,0.1064549375315326,98,98
2465,-0.055050676932938906,0.11643192326565817,0.11245389981976026,0.10664623177698458,98,98
2466,-0.060113830776608174,0.11820264132200434,0.10945796636301515,0.1068551362728468,98,98
2467,-0.06576664583577219,0.12058165798806879,0.1092524217351855,0.10710086166803674,98,98
2468,-0.069906356498996,0.12339908589220913,0.10605242894161379,0.10712217445232332,98,98
2469,-0.08841845528028848,0.12628456606519708,0.10755743090990784,0.10717912383023429,98,98
2470,-0.07686865351918828,0.12930665927136917,0.11216204841866799,0.10727830540466612,98,98
2471,-0.052566933814986616,0.131498491902246,0.11357714867118628,0.1073887537857714,98,98
2472,-0.052578593372870686,0.13322253673322432,0.11431320437914683,0.10748491701460514,98,98
2473,-0.048830476670825476,0.1346651451181249,0.11687700208001149,0.10762632357205096,98,98
2474,-0.04223735333393979,0.13608975165013373,0.11607681712151553,0.10781637619924347,98,98
2475,-0.0636305637741616,0.13761091112171353,0.11325210130455117,0.10806930428667096,98,98
2476,-0.06082049555552694,0.13854401271769315,0.1099063898985064,0.1082877345184819,98,98
2477,-0.04893375921069763,0.1392866775407339,0.1090407659175226,0.1085893643987754,98,98
2478,-0.044506199830567944,0.14015554236704883,0.10887105755497406,0.10883480593446464,98,98
2479,-0.04683980524385834,0.140451749465258,0.10922383337848719,0.10921801980898323,98,98
2480,-0.0412975056417468,0.14031664911014388,0.11168835536765488,0.1096696331837829,98,98
2481,-0.05091556801092925,0.14127474389992695,0.1115229760070724,0.11016304447620745,98,98
2482,-0.04914095765687707,0.1429459383976545,0.11045368509645316,0.11065312066214085,98,98
2483,-0.05133174823697329,0.14470011139537495,0.10932864177384216,0.11126039148282629,98,98
2484,-0.03971168668749895,0.14688426115793035,0.11021953163660743,0.11176516371064686,98,98
2485,-0.018711646674428033,0.148578998989931,0.11089134707515076,0.11227720976957815,98,98
2486,-0.03080768653503297,0.15041412951646463,0.11019063611872554,0.1126460268365577,98,98
2487,-0.036899519962436234,0.15263898717544547,0.10936297792671863,0.11299640126462163,98,98
2488,-0.023121271574013703,0.1553046986291746,0.10753800484991438,0.1133105295225623,98,98
2489,-0.03585933569821997,0.15734487327200397,0.11027270622820934,0.1137060090286751,98,98
2490,-0.011894377693365094,0.1591520988015417,0.11135559972137062,0.11411869271236899,98,98
2491,-0.01769090861866462,0.16054769590164764,0.10947011083256483,0.11445159387781992,98,98
2492,-0.02169431576900622,0.16180369071526396,0.11164235165655907,0.11463451854356156,98,98
2493,-0.03782703325621277,0.1618417656889617,0.11195543711971503,0.11465715965354775,98,98
2494,-0.045586758080341246,0.16106861399238567,0.11129621483938795,0.11466584624056919,98,98
2495,-0.036570763351140685,0.15961544558658233,0.11296590554830489,0.11456520647381906,98,98
2496,-0.024620003262493417,0.157490477565052,0.11228316229494881,0.11444617011664458,98,98
2497,-0.019375312234071324,0.15500645952909428,0.11218721092707909,0.11416306217531132,98,98
2498,-0.01232117111017126,0.15380649272129543,0.11386179261219598,0.11398941619688609,98,98
2499,-0.008108177913194752,0.15199680210935684,0.11475709181776265,0.11390729248985942,98,98
2500,-0.02986915371345597,0.15001742170236468,0.11085788864257583,0.11375579519084453,98,98
2501,-0.033783652503528744,0.148194723421119,0.10960221222946208,0.11363385976578726,98,98
2502,-0.009537836258531504,0.14626293061452467,0.11105503528686035,0.11355822486998728,98,98
2503,-0.009501315848381629,0.1444612609903297,0.11015786196639059,0.11339987717465479,98,98
2504,-0.006703125907351603,0.1426304426245752,0.11101432137540751,0.11310738396594697,98,98
2505,-0.019295536754902955,0.14152094134718962,0.10982883671644812,0.11283738015416049,98,98
2506,-0.012667308184468085,0.13978587525256017,0.10965441089827632,0.11246189979528234,98,98
2507,-0.03296424124855768,0.13782606973487482,0.10922924146406066,0.11206460122029148,98,98
2508,-0.018349339150363426,0.13605932728425277,0.11215268467203841,0.1117885664608023,98,98
2509,-0.01402673135554493,0.13468990259862368,0.11287724522991853,0.11161248284469803,98,98
2510,0.0013977176129080125,0.13316721050287642,0.11458835991411204,0.11128461895573848,98,98
2511,-0.0035467242792484046,0.131879053932282,0.11281640237177666,0.11103617204848276,98,98
2512,0.0009953066873451214,0.13013053545375083,0.11204679921439367,0.11086319856369793,98,98
2513,0.0027835156190297136,0.12840672974830145,0.11333474251842517,0.11067408083268523,98,98
2514,-0.010173808634884653,0.12554714682295265,0.1129732363879546,0.11038332765307966,98,98
2515,-0.004030365005460391,0.12252557406477178,0.11205722658614858,0.11020794441261654,98,98
2516,0.0008744673169802642,0.12023846356120464,0.11243072982337272,0.10991006896568714,98,98
2517,-0.0014224123845710031,0.11796570880632552,0.11169566665735053,0.10961784533632683,98,98
2518,-0.00813111925639665,0.11600345998779917,0.11022502221311092,0.10936403527837439,98,98
2519,-0.006095559266170747,0.11437535482977877,0.110918996239481,0.10907972009213729,98,98
2520,0.0011120173358459557,0.11156101868111278,0.11511115597101701,0.1088809578331692,98,98
2521,0.032101635042674714,0.10893697663216627,0.12039131474337372,0.10863714867766437,98,98
2522,0.02806594783135482,0.10723390447306927,0.1184904784334616,0.10846965510082122,98,98
2523,0.026251666213803523,0.10560061264830647,0.11715516290269633,0.10817373678380975,98,98
2524,0.02001710408617206,0.10346287382760024,0.11427341787595614,0.10785301845361575,98,98
2525,0.021169484504711726,0.10066967785932585,0.1147022003165177,0.10743289780687154,98,98
2526,0.013780868208308325,0.09838072026125216,0.11728463576159377,0.10701491876516471,98,98
2527,0.0361999371781513,0.09590643894655741,0.11878414984485482,0.10649917900163998,98,98
2528,0.08079557927200343,0.09232437146207995,0.1252450573948515,0.10552839616594313,98,98
2529,0.053145883439970544,0.08855955101475917,0.11932953129355812,0.10445249626348957,98,98
2530,0.03867861645612255,0.08511360286500841,0.11883750532424639,0.10339437866163899,98,98
2531,0.029761378047672853,0.08165544729438531,0.1206550571968337,0.10235093653084501,98,98
2532,0.02037085900550958,0.078210719903802,0.12086153466798293,0.10130662458651567,98,98
2533,0.006822919753331654,0.07651777975567936,0.12036030959749097,0.10030124083896651,98,98
2534,0.017412167646569564,0.07415350599056843,0.1175269336095843,0.09937170796851764,98,98
2535,0.004641932601143857,0.07243411232544952,0.11715636680928472,0.09839690192275877,98,98
2536,0.019980984224528837,0.07043680132668342,0.11897796923856939,0.09739820819497867,98,98
2537,0.03699447883854992,0.06875865836382548,0.12149496653672498,0.09651808646789405,98,98
2538,0.03857108944307776,0.06613093141646303,0.12330190721952751,0.09558036076067809,98,98
2539,0.02784498305208069,0.06520151134940944,0.12237828279739726,0.09468305954144342,98,98
2540,0.012158712053899068,0.0649098516785171,0.12507108275186918,0.09387555730456121,98,98
2541,0.035686295437361855,0.0636634299457101,0.12338995005916838,0.09312498832478625,98,98
2542,0.02990305085152625,0.06227414820701738,0.12367377817475347,0.0925335248385509,98,98
2543,0.02856820454721571,0.06080115156499271,0.12116129079587071,0.09193224423925299,98,98
2544,0.030520906839914555,0.05923751967753693,0.12105261430590145,0.09135398038791344,98,98
2545,0.025400740560819517,0.05741584729687971,0.12267179470218924,0.09085641141373228,98,98
2546,0.01162555071174545,0.054983425204948325,0.12214080666812527,0.0904383314407008,98,98
2547,0.002064033180957912,0.05177021670389598,0.11962796483541623,0.09002468008813497,98,98
2548,-0.009092854439991728,0.048869996249764944,0.11798132957291295,0.08954840061975128,98,98
2549,0.005855772065189334,0.0463443325212376,0.11778180689200253,0.0890434517188025,99,98
2550,0.00239065185478183,0.043526091530424936,0.12085027755195274,0.0885811631812385,99,98
2551,0.007186985755157093,0.0407352264359551,0.11874111844269047,0.08803525863691578,99,98
2552,0.016778928767218676,0.03753854990929034,0.12077653323743932,0.0875705320694895,99,98
2553,0.013598256412065829,0.03569950489628363,0.11917630301776322,0.08717765760612212,99,98
2554,0.007199737216875951,0.035051450749005245,0.12032892813866447,0.08667090458965195,99,98
2555,0.01005523346262141,0.0348031739455905,0.12110751418066559,0.08636210784702372,99,98
2556,0.0011983130999357388,0.03568256616056239,0.12145361935819016,0.0859078068625135,99,98
2557,0.009475240034062669,0.03661390016681547,0.12114343944460658,0.08550695983497653,99,98
2558,-0.01521004078244564,0.036841926494994584,0.11968124190056892,0.08497775233263696,99,98
2559,0.0030877256369084946,0.038492374853135475,0.12009556249520324,0.08366628171239641,99,99
2560,0.014750419089575749,0.03948895255112777,0.12043792222111173,0.08322502538866793,99,99
2561,0.0047884759049000095,0.04071421252518029,0.11998230211832245,0.08292220906290694,99,99
2562,-0.007632555445454466,0.04163784009778679,0.11839647567150681,0.082593814437213,99,99
2563,-0.008174711078212485,0.041988567117632485,0.11799616647178776,0.08235098324251074,99,99
2564,-0.004266092888239964,0.04259841190308543,0.11795967863626648,0.08210126799530182,99,99
2565,0.009828647148310428,0.043577132433809715,0.11741585940731815,0.08191785692312493,99,99
2566,0.0026232338952640517,0.0451465049419095,0.11734746230188858,0.08178291704418683,99,99
2567,0.01335914833507156,0.04672836221288733,0.12028522322253966,0.08167137796433659,99,99
2568,0.03583822418935283,0.047525010329746084,0.12568687835622847,0.08160414960921772,99,99
2569,0.02218270120238076,0.048019338596942795,0.1251508622984242,0.08159745755585437,99,99
2570,0.03784387645498091,0.04801283344002146,0.12565367712538097,0.08167946077291938,99,99
2571,0.04739101985553244,0.04800175033419045,0.12870960308595064,0.0815645832171077,99,99
2572,0.04539748596414631,0.048602646487437944,0.12903205082016145,0.08144327834105657,99,99
2573,0.05191048549060209,0.05073493192822214,0.1305089650069205,0.08128922815955081,99,99
2574,0.050527812242794956,0.0532158833410157,0.12968754699324075,0.08110982861525516,99,99
2575,0.0662608512945077,0.056400378039666584,0.1401457306468797,0.08098908577013675,99,99
2576,0.07526444049278101,0.058419580667694516,0.15038780975109906,0.08093184123737424,99,99
2577,0.06702918002254155,0.06018919167855237,0.1423330077787807,0.08082597944085669,99,99
2578,0.0633683239712097,0.061200167869147115,0.13916666834391336,0.08080061601341525,99,99
2579,0.06344684464263067,0.06110389572135855,0.1486501394625281,0.08082801163752698,99,99
2580,0.04234868699090479,0.061846693726035115,0.13777225020408482,0.08077696666798642,99,99
2581,0.03893713195223237,0.06264439765053251,0.1350613745326238,0.08078748527856269,99,99
2582,0.04719119018734453,0.06390639663884662,0.13680330088770934,0.0808808974711681,99,99
2583,0.04212813204874886,0.06522009832350044,0.13464586823977265,0.0810196616952756,99,99
2584,0.01926170327109795,0.06685491904045741,0.12907131299675875,0.08122274641638871,99,99
2585,0.040247808262095223,0.06848636570514262,0.13818999634383183,0.08150497554535031,99,99
2586,0.05840878813755404,0.06977093182683974,0.14708477892008318,0.08176709451793443,99,99
2587,0.0448465768701068,0.07006928556612144,0.14572360173741458,0.08211453740070906,99,99
2588,0.04352424891865855,0.07060864876237838,0.14105064934859285,0.08247793283419218,99,99
2589,0.050903247693207844,0.0714237711936212,0.13957495524049315,0.08297807760366502,99,99
2590,0.048613386532825216,0.07175525541858783,0.13010912596077376,0.08351889335990192,99,99
2591,0.021701495778552897,0.07174800728465085,0.12094351924918512,0.08402542254240221,99,99
2592,-0.008185445782650428,0.07164413992196814,0.11600643211179161,0.08457172381429184,99,99
2593,-0.023409520104186166,0.07044861440213984,0.11513632846364424,0.08513238861323617,99,99
2594,-0.0384556181494752,0.06946887640908256,0.11402833984748116,0.08565105835090717,99,99
2595,-0.0021954505996466577,0.06734034826990924,0.12118626621918596,0.08623329435506642,99,99
2596,-0.00958936937297259,0.06572940708139217,0.11750278073304443,0.08689973888858389,99,99
2597,-0.006127579005097961,0.0640008935407163,0.12157153716028206,0.08756392501696131,99,99
2598,0.026522472273042733,0.06231041039161513,0.13236911690263783,0.08822941846136399,99,99
2599,0.03166854225164352,0.060346972590633575,0.14089461886945776,0.08854724434784333,99,99
2600,0.04573900796385549,0.05751501928864186,0.1419552920443983,0.08869043591444059,99,99
2601,0.06268955040027964,0.05503638104018908,0.1432980295920894,0.08880484608388173,99,99
2602,0.036311370538784866,0.05194173679326941,0.13927975461129485,0.08882306458297252,99,99
2603,0.015226295433777728,0.049730549352720435,0.13714347116342646,0.0887726310292683,99,99
2604,0.01553121986003095,0.04785931237447106,0.13805897564031994,0.08917914199623625,99,99
2605,0.01751394327474279,0.044588542893367555,0.13922381360563385,0.08877939579665306,99,99
2606,0.002812396749380479,0.041536421016281674,0.13092593005034367,0.08831579587391192,99,99
2607,0.012344564267589843,0.03868375881466037,0.12861274439014642,0.08790454236164236,99,99
2608,0.021822322602326583,0.035861491901876034,0.1359883115578639,0.0876306615462795,99,99
2609,0.05152039651210879,0.0329879385261438,0.1409706682692349,0.08734175525149052,99,99
2610,0.05562288828966795,0.03051842781472447,0.14190953890943064,0.08722831879647827,99,99
2611,-0.04003750955133322,0.0278124133828718,0.11110255073989955,0.08715802248354661,98,99
2612,-0.03413464057635455,0.011386992563531788,0.11084474047885938,0.08705745608558776,98,98
2613,-0.028278691367382855,0.009309511153096644,0.11205562230402899,0.0872856397482686,98,98
2614,-0.03480305637327741,0.0063957521432714,0.11122460498971408,0.08709392547950504,98,98
2615,-0.03595094998235937,0.003586883437986878,0.11095870263498452,0.0866905446316709,98,98
2616,-0.06841381539625004,0.0006555466429285336,0.1084429245704486,0.08638316352018355,98,98
2617,-0.05541224221919722,-0.0017669093346959848,0.10750288525154152,0.08608435224419363,98,98
2618,-0.05922301552516165,-0.004303325226578561,0.10386314443245862,0.0857041273148504,98,98
2619,-0.06316981333156242,-0.0070465865038784785,0.10287652347162249,0.08514520405050986,98,98
2620,-0.050543257980110896,-0.01057703590082241,0.10555848263432314,0.08456627527357642,98,98
2621,-0.0668506690768253,-0.014266861381909482,0.11166824667764463,0.08390733943425915,98,98
2622,-0.02223287324635086,-0.017070397194207058,0.10839679738992346,0.08313995260921167,98,98
2623,-0.022580286212044644,-0.018701808683844214,0.10786464629337573,0.08248545466387001,98,98
2624,-0.035949853234983266,-0.01912289776540405,0.10528334655669101,0.0817530186240037,98,98
2625,-0.048814051123668004,-0.020499536980027332,0.10446300156826241,0.08106486441517596,98,98
2626,-0.054475848185534165,-0.021804111062486177,0.10398812806158782,0.08039502577672364,98,98
2627,-0.05355007752454364,-0.022922090971837932,0.10366177844825267,0.07965782915314694,98,98
2628,-0.05974384551207667,-0.022554314683962125,0.10400361493098778,0.07898723947855746,98,98
2629,-0.04029180314136375,-0.02307095270612124,0.10349428922441772,0.07834995713281614,98,98
2630,-0.038315998858865344,-0.02361854194724342,0.1041038592137044,0.07791305198952055,98,98
2631,-0.03879894897911715,-0.025283963153264748,0.10363561704697165,0.07744202128100129,98,98
2632,-0.03206650507098694,-0.02683977822485117,0.10482242595358586,0.07684684985915971,98,98
2633,-0.04023599438491813,-0.029266999892462026,0.10379091431632914,0.07603929174256527,98,98
2634,-0.024003030323996397,-0.03134332361680236,0.10439899840243988,0.07537529623864052,98,98
2635,-0.025409868574649226,-0.03428152904658743,0.10584555468066734,0.07477565947420703,98,98
2636,-0.03953379959828568,-0.03721684401482542,0.10679589652143512,0.07414743471631331,98,98
2637,-0.02794849715647004,-0.03960085802827269,0.10634998782541691,0.07357832311176823,98,98
2638,-0.05287655168422839,-0.041737226064995726,0.10546517146133033,0.07306522509318798,98,98
2639,-0.05025346457519249,-0.04429226728796039,0.10532914687414267,0.07258881050555935,98,98
2640,-0.054377790669694656,-0.04724502927949603,0.10644640762733518,0.07221014434413305,98,98
2641,-0.0313977667528663,-0.049777638894273404,0.11002184094033805,0.0719370841076217,98,98
2642,-0.02246864550844982,-0.052271705868475966,0.10895475627240919,0.07154365385276583,98,98
2643,-0.05024097605632506,-0.054395590043401866,0.10896097059020517,0.0711584978105457,98,98
2644,-0.03886289478903933,-0.05658617944093746,0.10968207744169745,0.0708797304837289,98,98
2645,-0.0475767204654956,-0.05805167526494509,0.10976776040495992,0.07041872749636514,98,98
2646,-0.05736187048799267,-0.05901432899447302,0.1070855434840618,0.0699690509984383,98,98
2647,-0.07280362576566574,-0.05940387440159664,0.10663180205868954,0.06956955310634784,98,98
2648,-0.06383125226264007,-0.059893313295275204,0.1080490412630739,0.06938373770100316,98,98
2649,-0.06915218822073277,-0.06004625126979735,0.10546508038529347,0.0690875289131002,98,98
2650,-0.06676017969377615,-0.058778269292561976,0.10573392822490625,0.06874128648695615,98,98
2651,-0.06460364113497022,-0.05726821585598687,0.10382713341474699,0.06845183107821112,98,98
2652,-0.06357816919321561,-0.05649407954697449,0.10533844733462934,0.06842284723719368,98,98
2653,-0.05031240102905986,-0.055215923913766334,0.1058545721172758,0.06847105115532123,98,98
2654,-0.0386665318513758,-0.05351670350697203,0.10494275514602885,0.06829820168282283,98,98
2655,-0.061575286989598896,-0.051554186409367014,0.10486889954743864,0.06819718203938163,98,98
2656,-0.0539235179188922,-0.04953348341064181,0.10421124963132095,0.06808847650923879,98,98
2657,-0.057709772305893636,-0.047722919779232806,0.10408027160280173,0.0681353967921275,98,98
2658,-0.04978961627888501,-0.04523237450005493,0.1018028498784055,0.06787801367807834,98,98
2659,-0.05234397926483918,-0.04273497353975696,0.09827678224657502,0.06798941953844256,98,98
2660,-0.06593695219380276,-0.04020721145334715,0.09725009953621067,0.06836487457760969,98,98
2661,-0.07873025187186805,-0.038617025912550194,0.09382250896865367,0.06862741904894534,98,98
2662,-0.07349999710082963,-0.03614458808467041,0.09700241938233889,0.06873471364232212,98,98
2663,-0.08383238278434223,-0.033886105557384104,0.09880904715672673,0.06891363357861918,98,98
2664,-0.06615711602578449,-0.0314629155477825,0.10030279678706257,0.06897815562634396,98,98
2665,-0.07637706711141722,-0.027818209165499853,0.10039342791865118,0.06919794063326458,98,98
2666,-0.05791453194198505,-0.024028037099178556,0.0997767162983367,0.06949927016756252,98,98
2667,-0.06518130594817326,-0.020084055483994372,0.09706864553450188,0.0697454370285888,98,98
2668,-0.05860482062970132,-0.01791452355689948,0.09610671137001586,0.06963054258995723,98,98
2669,-0.055551903804696406,-0.01606876537122598,0.09713595807181943,0.06958077230858493,98,98
2670,-0.0491032524806816,-0.013727818295897812,0.10020579072600609,0.06944014813335894,98,98
2671,-0.0654621663372089,-0.010979415238286739,0.09720808107704866,0.06925414224482491,98,98
2672,-0.07682038670757783,-0.00789109964291599,0.09604299136484834,0.06892464166909557,98,98
2673,-0.0848015691124281,-0.00533204392383396,0.09653330920560953,0.06877768074413639,98,98
2674,-0.07921711048291791,-0.002228404201019409,0.09664015580933541,0.06852055708679501,98,98
2675,-0.0713304947572167,0.0007534492924119021,0.09909349777868794,0.06827627004192935,98,98
2676,-0.07877151300390814,0.0032112831332094974,0.09960099749534071,0.06805105276291705,98,98
2677,-0.06146333490898034,0.005267876304879847,0.1054428298577161,0.06766166421251829,98,98
2678,0.034933606739525676,0.008766093232086353,0.16588324817262173,0.06740468359188045,98,98
2679,-0.04671063152790251,0.012504514152072202,0.11133896188555255,0.06725156377082041,98,98
2680,-0.05590182304916968,0.016862336593185742,0.10343544624180717,0.06728781957800323,98,98
2681,-0.051724976834814716,0.02191445465541689,0.10343542231518248,0.06737646580362952,98,98
2682,-0.0653390885282522,0.027011567562151426,0.10373172818853815,0.06756272406496204,98,98
2683,-0.06153701098272827,0.030509705381206013,0.10340178033796452,0.06755789247567509,98,98
2684,-0.06897951495820982,0.03403396471402852,0.10307558204741632,0.06764469155744067,98,98
2685,-0.06763096914136402,0.03806705861594865,0.10254472576587466,0.06771622394318624,98,98
2686,-0.05827843982249942,0.04132034512373033,0.10230541440340443,0.0679041660275079,98,98
2687,-0.05722839044286609,0.0442667711709232,0.10403071770955569,0.06810102549547048,98,98
2688,-0.06268136061379222,0.0466638260463868,0.10233427039965365,0.0682688399747102,98,98
2689,-0.07809497398101929,0.05032810252847565,0.10162596715506682,0.06834215109865123,98,98
2690,-0.08056718794126486,0.05461527538764437,0.10177805604809355,0.06842814810951316,98,98
2691,-0.08730911953157029,0.058563412427986704,0.10211202950508322,0.06840440304062789,98,98
2692,-0.07868855208281021,0.06358836938445103,0.10303587247656545,0.06843773725546826,98,98
2693,-0.08856496861482882,0.06792112050750734,0.10407157272428778,0.06837060076979833,98,98
2694,-0.10698939744702866,0.07185430822852548,0.10559675403671885,0.06835188843534575,98,98
2695,-0.09830044398958167,0.07581406441739563,0.1039821815568582,0.06841702943778989,98,98
2696,-0.10741798835952857,0.08042554852163232,0.10359684187006439,0.06857853987376923,98,98
2697,-0.11057815821382473,0.0846428191045894,0.1017760831303468,0.06879753836281523,98,98
2698,-0.1025377167563787,0.08958874243971301,0.1007512680399917,0.06907541927363353,98,98
2699,-0.11297395389574275,0.09415005374958647,0.10195046485780573,0.06933062918631629,98,98
2700,-0.056494728811642365,0.09821914074360433,0.10517312728151007,0.0695627225795519,98,98
2701,-0.03388715937525705,0.10162150415866661,0.10392384780600368,0.06983809591152579,98,98
2702,-0.03109966746150274,0.105124907414053,0.10371328446205992,0.07018949587996542,98,98
2703,-0.032896701273950286,0.10839558489475105,0.10520984703172709,0.07065937388845792,98,98
2704,-0.023660983112506917,0.11223818923801393,0.1071844528489677,0.071121457416791,98,98
2705,-0.035064101315301126,0.11581358545634726,0.10621769032476479,0.07168613509644345,98,98
2706,-0.05541624437911691,0.11932294160478854,0.10179699846364673,0.0723150812842984,98,98
2707,-0.038123737045245805,0.12261845969271293,0.10221084366860922,0.07297274246353358,98,98
2708,-0.049820180388259985,0.12571109498104807,0.10270338369310794,0.07369167311707135,98,98
2709,-0.044673062632666106,0.12874217151555678,0.10236050201373775,0.07448073992981041,98,98
2710,-0.04511509727103531,0.13160753352691607,0.10174077460608964,0.07527077274762456,98,98
2711,-0.03711721496885542,0.13510434084465558,0.10226072748685239,0.07614185518567926,98,98
2712,-0.042224558081377005,0.13912730454211528,0.10159365467864986,0.07692511088497873,98,98
2713,-0.03260988504168632,0.1428636667395318,0.09935881254420534,0.07756836316068916,98,98
2714,-0.038264812954066335,0.1469259514503942,0.09960395691765929,0.078280199805801,98,98
2715,-0.04639354065868516,0.15057401200387163,0.09884253483823617,0.07907344193575305,98,98
2716,-0.04558018861939252,0.15359880702927636,0.0996991900564262,0.07971535429563158,98,98
2717,-0.05121774345608131,0.15749069475959443,0.09873873400721228,0.08048429773688309,98,98
2718,-0.04868844823983174,0.16184009507030006,0.09748080936068107,0.08129569509887206,98,98
2719,-0.04259105559852818,0.1660713204404607,0.09685879701284132,0.0822565764848428,98,98
2720,-0.030640388393041982,0.16992839099651724,0.09928978580182607,0.0832193161964922,98,98
2721,-0.048434900553665845,0.17428154939839485,0.09748548580266263,0.08410338030613507,98,98
2722,-0.01500748224978666,0.17909957914074784,0.09923822950381268,0.08506330597208607,98,98
2723,-0.039828052458243446,0.18304269558763583,0.09655448983608332,0.08608331108678262,98,98
2724,-0.03798687078407019,0.1868894241572798,0.10044740586780039,0.08714154433208686,98,98
2725,-0.05414502179979071,0.19068435233643438,0.10337978827480553,0.08822226920086006,98,98
2726,-0.06408387098615148,0.19414776020325894,0.1068332689910044,0.08927727176789833,98,98
2727,-0.05182083599992237,0.19775480121287012,0.10603218101092651,0.09039582936746121,98,98
2728,-0.06446789719914865,0.20133957073699338,0.10783759133233006,0.09151738442192917,98,98
2729,-0.07805574347136415,0.20458070867978917,0.10488181676149777,0.09264426120379537,98,98
2730,-0.08335078293000897,0.20716529042939635,0.10326100815909563,0.09374384019108041,98,98
2731,-0.09569554465784524,0.2096456712547635,0.1033122535880851,0.09481183179563192,98,98
2732,-0.10300249360844141,0.2116611197689756,0.10303253923180038,0.09593285652036788,98,98
2733,-0.10003806583871125,0.21274558702470292,0.1051098619608846,0.09717217012199326,98,98
2734,-0.10394664091253408,0.2130918111604486,0.10459817314916613,0.09823085247447214,98,98
2735,-0.13468099546303183,0.21369264952199835,0.10230173736138921,0.09924021622619958,98,98
2736,-0.1209504567307383,0.21414935917322664,0.10404636225200374,0.10031982969507061,98,98
2737,-0.13071196459076834,0.21475506795479887,0.10600153420048052,0.10142495690873761,98,98
2738,-0.1357394319703949,0.2142742541987934,0.10887273238288248,0.10258398604277354,98,98
2739,-0.15191328708314436,0.213617608691875,0.10807392336090647,0.10374063759775869,98,98
2740,-0.13391691565456443,0.21274134956174867,0.10782137798115803,0.10492563501363807,98,98
2741,-0.11126062022416007,0.21084035677546362,0.10857485641235701,0.10612977066000256,98,98
2742,-0.12077123314672457,0.20877578921179246,0.10853016372614778,0.10732140455499072,98,98
2743,-0.1130633318958113,0.20685477550486656,0.10807605281381163,0.1086023857476698,98,98
2744,-0.11703176352183825,0.20328420569927763,0.10483788659612837,0.1097528754756015,98,98
2745,-0.10671438625576495,0.20042823669237483,0.10271633208618862,0.11095016769603247,98,98
2746,-0.0909204425910756,0.19824706451474097,0.10479129498037809,0.11215611967122749,98,98
2747,-0.03773904763365168,0.19647048951870413,0.1156749784939222,0.11338556686573982,98,98
2748,-0.043285172107665026,0.19380739446063694,0.11113286086307252,0.11452178143094158,98,98
2749,-0.058939248930994496,0.19291106561138122,0.10937134387704563,0.11524377481560036,98,98
2750,-0.053238580144912,0.19196970728065854,0.10805135997115844,0.11593373870785173,98,98
2751,-0.061254830881169425,0.19161526180609117,0.10712450304829928,0.11635980836198934,98,98
2752,-0.052243080911316624,0.19021152296712662,0.10962548013404427,0.11661361037901986,98,98
2753,-0.0498309477790018,0.1883831148353151,0.11084422179973998,0.11689483762261821,98,98
2754,-0.053433860613846425,0.18693195893347603,0.11281043428658326,0.11713888980885526,98,98
2755,-0.06999528430221917,0.1853735273334961,0.11142335785610048,0.11736836991878132,98,98
2756,-0.09725284183139281,0.183377746431265,0.10862565438168365,0.11757397989924319,98,98
2757,-0.09531894121834963,0.18186169577905273,0.10708113548312694,0.11778209274993766,98,98
2758,-0.09854334588377535,0.18074195265987025,0.10607549237263264,0.11790539651479454,98,98
2759,-0.10072935482694233,0.1806384532238784,0.10589237448024652,0.11810833694421616,98,98
2760,-0.07926248802261704,0.180877385933222,0.1087589837133481,0.11827629119505706,98,98
2761,-0.08029403846935633,0.18059470044498302,0.10924081883519585,0.11834408137237308,98,98
2762,-0.08047015363968474,0.18021533124823313,0.11069702743651277,0.11844123979768714,98,98
2763,-0.07294474554789325,0.18010629366962994,0.10953321058293583,0.11843924581016546,98,98
2764,-0.07977806020452059,0.17839768880746415,0.10794163480639299,0.11822779157250587,98,98
2765,-0.09390284184138967,0.17586766838755294,0.10785890326081708,0.11786168073875988,98,98
2766,-0.09696946693132319,0.17278460491463454,0.10501049357008721,0.11740573088684061,98,98
2767,-0.0945714674899286,0.16916996001888296,0.105244198324735,0.11700196638004967,98,98
2768,-0.05849017208791171,0.16524880793859767,0.10946112451849078,0.11668044478496548,98,98
2769,-0.042797864156003694,0.16112781701072806,0.12177795571965622,0.11645161086010807,98,98
2770,-0.05195126634604798,0.15686493925034783,0.11581783047981763,0.11610880074317298,98,98
2771,-0.0637194420013553,0.15197926403136022,0.11429143416248849,0.1159184220482089,98,98
2772,-0.09456144723504928,0.14668215058512293,0.10988227122212069,0.11578106317651334,98,98
2773,-0.1069401954497014,0.14231143350615316,0.11146819765729224,0.11584492142744583,98,98
2774,-0.1256841483849897,0.13806719990134494,0.10838924757229806,0.11584254594733091,98,98
2775,-0.14893143962457708,0.13472414820408216,0.10472115877587251,0.115981822640178,98,98
2776,-0.15670145151768006,0.1317632339754836,0.10323217005986991,0.11625693341582546,98,98
2777,-0.14173134556843084,0.12759086917837578,0.10420092806484656,0.11632024986442586,98,98
2778,-0.1540331864502815,0.12299250856968853,0.10669584540921113,0.11636609125761856,98,98
2779,-0.17010668791387312,0.117264484014362,0.10585061793473638,0.11628699065137353,98,98
2780,-0.1700905459231263,0.11207850740766395,0.10453410931911009,0.1162352811044133,98,98
2781,-0.17806949840780958,0.10702973652774093,0.10230526359247391,0.1161457017246864,98,98
2782,-0.1765173434762447,0.10227457538582574,0.10234643677083674,0.11612910729896386,98,98
2783,-0.1637335651308915,0.0989858614781509,0.10193432592549531,0.1159465813313016,98,98
2784,-0.15996236464519448,0.09592813293550273,0.10238851162700424,0.11579036283933564,98,98
2785,-0.1524723342662957,0.09276176749018948,0.1020368163406115,0.11562145897192017,98,98
2786,-0.13811396756531905,0.0898973763943075,0.10779090165307159,0.11553566209713305,98,98
2787,-0.1596005694896802,0.08780298538592143,0.10791560878899352,0.11558899799035945,98,98
2788,-0.15094335204096027,0.08654865886627017,0.10425543544003851,0.11555455749663947,98,98
2789,-0.16580251696045337,0.08546510281505254,0.10369505153148628,0.1156425629837014,99,98
2790,-0.16705214397603993,0.08513484309205209,0.10245744596418048,0.11589086182348214,99,98
2791,-0.17854584232401208,0.08473684296267459,0.10339459829344666,0.11618415341561815,99,98
2792,-0.18763968158325683,0.0843912042045859,0.10256998787897696,0.11649249580780462,99,98
2793,-0.1879627322475669,0.08466778292088259,0.10273770928012038,0.11656034608423517,99,98
2794,-0.17954833588122357,0.08567466825010565,0.10177840265859708,0.11679989032163055,99,98
2795,-0.1526488115663947,0.0868527668193105,0.10435817577962153,0.11684730335778022,99,98
2796,-0.14987579035682552,0.08768418655754708,0.10523328776550636,0.11699359403595813,99,98
2797,-0.17157208931297088,0.08864498138756574,0.10496504971082098,0.11725447321272595,99,98
2798,-0.17791559535383236,0.09334310605980693,0.10636420270641737,0.11848870120566364,98,97
2799,-0.15589081929596085,0.09880546044091557,0.10479361676479525,0.11766790674105637,98,98
2800,-0.15057848119491676,0.09944143361041108,0.10620364584084704,0.11796138699459853,98,98
2801,-0.141603307486537,0.09941616574017052,0.1100078555988232,0.11804825841608152,98,98
2802,-0.10367491984012336,0.09885946695943164,0.12230316473186105,0.11821729296929749,98,98
2803,-0.12879747292323485,0.09829491556677508,0.11426987833895656,0.11835726878478017,98,98
2804,-0.12594225265063166,0.09871892779922314,0.1107967176012339,0.11861352437848686,98,98
2805,-0.12717958743948102,0.09875443434846871,0.11068880457287905,0.11896092979396974,98,98
2806,-0.1431516367374768,0.09833126013962636,0.11128283371187309,0.11937321016232667,98,98
2807,-0.15576497204584897,0.09745363293446054,0.10917762965676688,0.11961173273716502,98,98
2808,-0.14890568098675686,0.09661289866023345,0.10791312629248108,0.11978850656844471,98,98
2809,-0.16652919864043716,0.09362479817000881,0.10943352256714287,0.11975041938027134,98,98
2810,-0.1533125090498813,0.09029845834747405,0.10836779326765615,0.11969757142749514,98,98
2811,-0.15913443891177753,0.08707495968438309,0.11292394119493349,0.11964219728050325,98,98
2812,-0.14474810217745135,0.08220106529640862,0.11134683998807025,0.11949006116360351,98,98
2813,-0.12922129687021872,0.07769250151617539,0.10976922209604213,0.11929733998285191,98,98
2814,-0.0838994960983058,0.07341605646754264,0.1112956995965455,0.11903354506102823,98,98
2815,-0.08125232354742311,0.06963372380267184,0.10766789340300709,0.11877277884096478,98,98
2816,-0.09815323629924938,0.0665465548525386,0.11086814864447891,0.11864558347748522,98,98
2817,-0.09295665287747562,0.06304853048151678,0.11187632575725993,0.11864510772493292,98,98
2818,-0.09741855201602075,0.0592847160995642,0.1115754919521742,0.11853397503417176,98,98
2819,-0.11214516312258813,0.05533832909967367,0.10883041236361411,0.11823883354557062,98,98
2820,-0.13561948130661344,0.05211363952528809,0.10768953275308188,0.11814571320970346,98,98
2821,-0.1934557468114702,0.04877668242282719,0.1019118498097,0.11824990893242567,98,98
2822,-0.18984317176262389,0.04543661059198373,0.09989339123353876,0.11833804258522833,98,98
2823,-0.2036351488539125,0.04243872264274148,0.10104510173695815,0.11839581429046118,98,98
2824,-0.16415080547673394,0.04008818549453901,0.10326087283861224,0.11835669087911758,98,98
2825,-0.159030232590926,0.03787609472859345,0.10109711662767946,0.11856850504778567,98,98
2826,-0.16818935170631213,0.03547735060336604,0.10200877131863552,0.11872794519583353,98,98
2827,-0.18363202072632143,0.03382993559553075,0.10199933568102303,0.11888026798416096,98,98
2828,-0.19120710611330766,0.033510437438753364,0.10013104302958038,0.1190001232362008,98,98
2829,-0.18767148028305414,0.03365694189226281,0.09541678728785832,0.11927740119958546,98,98
2830,-0.19726871121433123,0.033166508148572825,0.09604762767651864,0.11959950657515041,98,98
2831,-0.19980197467742872,0.032974717459459624,0.09604357917539763,0.11969494539682726,98,98
2832,-0.19109569762977985,0.03274679235208814,0.09635451161217645,0.11983520896648105,98,98
2833,-0.20061773578526096,0.032342690459868595,0.09658356210429665,0.11976462212328479,98,98
2834,-0.19903998463652472,0.032191637499157495,0.09531519128301347,0.11967181168248313,98,98
2835,-0.19381987295902398,0.031159215573393878,0.09664806042354637,0.11944058837120693,98,98
2836,-0.20657651214962688,0.03042356330022948,0.09732454888097893,0.11917976322246586,98,98
2837,-0.18188762658347668,0.029593166448319927,0.09639863373324246,0.11858263112141687,98,98
2838,-0.17920563932731334,0.028468465074096862,0.09473302929330624,0.11805544729548158,98,98
2839,-0.17575414702496406,0.027581451364738413,0.09425676329423245,0.11746820204927372,98,98
2840,-0.16794789901430304,0.0261816451089438,0.09547538724436247,0.11670716446291582,98,98
2841,-0.17768904814824257,0.024577520756665725,0.09605481147703601,0.11604830371799738,98,98
2842,-0.17997958597625116,0.02142956511247756,0.09621916408909555,0.11539930470561535,98,98
2843,-0.14992728951350143,0.016668356184498585,0.09784988161568213,0.11481423860698965,98,98
2844,-0.15884051501244834,0.01207017473240938,0.0976719678512596,0.11439561456244732,98,98
2845,-0.173199133248673,0.007592993883546716,0.09529631313028818,0.1140837737235322,98,98
2846,-0.198026310871915,0.0033748839416941397,0.09579702839233938,0.11387507807393725,98,98
2847,-0.16222868839953944,-0.0017478577645253315,0.09897173844665381,0.11357467111186884,99,98
2848,-0.15629371678324874,-0.006908922721010232,0.09787365363879288,0.11319509405889482,99,98
2849,-0.15159503294606644,-0.01234655132269147,0.09709553579091712,0.1127209417617253,99,98
2850,-0.15186129803376816,-0.01747111904830608,0.09480773977150193,0.1123637856513051,99,98
2851,-0.1482285943174545,-0.022167918417699183,0.09539307700555584,0.11192878492763389,99,98
2852,-0.153009211725383,-0.02635462350217451,0.09485240103536526,0.11155646219731133,99,98
2853,-0.14840871227689506,-0.030953680605352786,0.09665257170248177,0.11120716325782108,99,98
2854,-0.14244680604261664,-0.03528292541541449,0.096518032121508,0.11079228164318046,99,98
2855,-0.15363871712564267,-0.0524455310944898,0.09512922527896048,0.11077123972728113,99,97
2856,-0.16832084216060983,-0.056856662694851505,0.09622197252124447,0.1104405503367826,98,97
2857,-0.16926539931429968,-0.04695500923284515,0.09685422784840902,0.10961229473541356,98,98
2858,-0.1698916376413424,-0.051936644516025324,0.0992946859510129,0.10879072336210524,98,98
2859,-0.17148217105155225,-0.05763369816825306,0.10057011441736921,0.10804138876716267,98,98
2860,-0.16464639456501595,-0.062371329083029586,0.10127950586673912,0.10737229043601546,98,98
2861,-0.15251694534651714,-0.06599005303220505,0.10256161918752996,0.10698397746804328,98,98
2862,-0.1444968007964331,-0.06849713583969715,0.10371882163585298,0.10654788157621499,98,98
2863,-0.14439666972643103,-0.06997670127676721,0.10455727813331081,0.1061640209630137,98,98
2864,-0.14231190372642474,-0.07101861966894962,0.10588696557961032,0.10586429391266673,98,98
2865,-0.1442142541366965,-0.07196219167727642,0.10540291608226245,0.10567114037757165,98,98
2866,-0.142755398481055,-0.07319939090106842,0.1034658628130547,0.1053372080045813,98,98
2867,-0.13986437589166323,-0.07459793472681464,0.10303024970662654,0.10496884873068772,98,98
2868,-0.130474191334516,-0.0742806972265486,0.10537089326710024,0.10524328586905535,98,98
2869,-0.12684580909139978,-0.07472098374077399,0.10678735801694952,0.10545970042211351,98,98
2870,-0.11271315220119411,-0.07444033061315795,0.10798829841641214,0.10559398882662996,98,98
2871,-0.10398778263797775,-0.07450812752301718,0.10891039908865066,0.10565920147689915,98,98
2872,-0.12570654437832154,-0.0735567744580342,0.10644845958930359,0.10565001110095246,98,98
2873,-0.14021516993919897,-0.07305506017781774,0.10344120689831965,0.1050217400230508,98,98
2874,-0.13522821747225444,-0.0722628649071697,0.10301064977330793,0.10427524258377895,98,98
2875,-0.16680708029578178,-0.07132214863887842,0.10248753291696407,0.10343846665818886,98,98
2876,-0.16564642891528328,-0.07009167104637534,0.10163673464465597,0.10255904420964873,98,98
2877,-0.16261760974597317,-0.06841114611709558,0.1021262452863989,0.10170884454150128,98,98
2878,-0.15679708999561384,-0.06720402733330182,0.10134322600172799,0.101029249192893,98,98
2879,-0.15364256547048158,-0.06576108509889686,0.10387862491416244,0.10062456147316663,98,98
2880,-0.1530883920054417,-0.06454176308680891,0.10433229505070164,0.10013293241788793,98,98
2881,-0.1468421148225306,-0.062051014438602344,0.10563796120943797,0.09937880651610392,98,98
2882,-0.14680256756942991,-0.05944063455256236,0.10405281620276707,0.09869592388572823,98,98
2883,-0.13892050565680913,-0.05808525409601781,0.10438933228624912,0.09814602043547725,98,98
2884,-0.14443839331863337,-0.05738558237549386,0.10725372924397625,0.09763839638740421,98,98
2885,-0.12360834880233858,-0.05592235270805395,0.11215790158876947,0.09724144124063121,98,98
2886,-0.10366797355959112,-0.05369394156342547,0.11105864408449474,0.0967348142226983,98,98
2887,-0.08399892456072545,-0.051338698022577726,0.11171290423908375,0.0962256888837699,98,98
2888,-0.07501567408391423,-0.05013068055060209,0.11231343982883893,0.0955879255648651,97,98
2889,-0.062407650246184075,-0.047680322638863876,0.11143388408675801,0.09597723249452374,97,97
2890,-0.04545160592507758,-0.04661992766062745,0.10951637625927946,0.0953670535695547,97,97
2891,-0.054219533614427946,-0.04532692553021117,0.107449331129434,0.09475035971144968,97,97
2892,-0.06090482967774439,-0.04329649457345956,0.10783571101651969,0.09407749277735356,97,97
2893,-0.06923956439647266,-0.04235570716785654,0.10887814632962883,0.0935336136783006,97,97
2894,-0.0680274431270675,-0.04245574440176938,0.11164408020258987,0.09306490637482658,97,97
2895,-0.0732772579191013,-0.04181793891496635,0.10733838639745975,0.09268068779234302,97,97
2896,-0.04064447072047273,-0.04122970357599892,0.10771971419347368,0.0923586989579529,97,97
2897,-0.05812344152067931,-0.040427272974946395,0.10484917365749316,0.09214413347889983,97,97
2898,-0.05429465056567681,-0.03874368721661952,0.10778396903290861,0.09184314803839409,97,97
2899,-0.048699966290593935,-0.03651521562501426,0.1118943451352548,0.09152822258688594,97,97
2900,-0.041753280914875464,-0.03430388101774577,0.10856312788839893,0.09117780815156248,97,97
2901,-0.06279463139318506,-0.032865935957335016,0.10781585069338512,0.09099098885131068,97,97
2902,-0.04763862655397629,-0.030681993558624603,0.10929179610239752,0.09091448197963836,97,97
2903,-0.02041028103864513,-0.028169627887104157,0.11082838884894165,0.09084562860471697,97,97
2904,-0.0174852728324912,-0.024910296045599824,0.11288509936092174,0.0908129751641098,97,97
2905,-0.04262712042254935,-0.02182658438067396,0.1143202547031731,0.09072891053301015,97,97
2906,-0.03711138093988593,-0.018956651601274566,0.11237987158217368,0.09055040753502643,97,97
2907,-0.0490724622512778,-0.01581263848049973,0.10908099757526281,0.09039500033062221,97,97
2908,-0.0533696560140098,-0.012826691805289408,0.10884413921953696,0.09042049413617971,97,97
2909,-0.055727663221966796,-0.009738875436409883,0.10772581586658424,0.09063453495277048,97,97
2910,-0.061198437182416,-0.006188866286767464,0.10644151671821488,0.09086737812305148,97,97
2911,-0.05817819682589538,-0.0034684169343004627,0.10542375546011078,0.0912118083118204,97,97
2912,-0.07159862853120459,-0.0006443448844195382,0.10525615000905689,0.09164041651132342,97,97
2913,-0.07867311188418472,0.0029584660688462107,0.10702218074073468,0.09195119334404006,97,97
2914,-0.08270173704348395,0.006597124020163934,0.10560030898238526,0.09217925415305017,97,97
2915,-0.0807944641796777,0.009447155499855694,0.10522228029505229,0.09245763752547675,97,97
2916,-0.1024151389191185,0.013197393205794015,0.10501526296102864,0.09243162668238002,97,97
2917,-0.10581231287466056,0.01721122979345052,0.10688755505753551,0.09264964772574118,97,97
2918,-0.12730553547820977,0.020731459509051583,0.10444406780271881,0.09294971630118824,97,97
2919,-0.11667928485642866,0.024217771169044777,0.10638693862694457,0.0932361107751897,97,97
2920,-0.12257921167563751,0.027236292024068437,0.1078203778385586,0.09359018577887357,97,97
2921,-0.13414017609906284,0.03021912588222026,0.10808958395970635,0.09399061082039079,97,97
2922,-0.11396817742255179,0.032992572871238864,0.10641447564367405,0.0943231529078804,97,97
2923,-0.08389494989897399,0.03554640614268887,0.11075399594375851,0.09459484063693314,97,97
2924,-0.08609422407271139,0.03724817339235151,0.11054986191631554,0.09486154357294976,97,97
2925,-0.09770104763493379,0.03944714950500563,0.11293236016434915,0.09504650126550508,97,97
2926,-0.10723102026959133,0.0406477355378088,0.11318595883189195,0.09508442171086143,97,97
2927,-0.11148602103153586,0.04205544504428552,0.1122472522884965,0.09512348598930838,97,97
2928,-0.08738172694987367,0.0431060455526341,0.11211668306769365,0.0950603365708394,97,97
2929,-0.07945468474226279,0.044349897366647476,0.11261016083035204,0.09499607423535583,97,97
2930,-0.08782727562152162,0.0450339517704416,0.11352775602812364,0.095046380815588,97,97
2931,-0.08975160570775448,0.04634218481933456,0.11281431532238574,0.09512108307797695,97,97
2932,-0.11604178226941382,0.04711709871639164,0.11198041315611904,0.09513217020443952,97,97
2933,-0.12580846771072624,0.04862395921858057,0.1126766227752909,0.09543197855406464,97,97
2934,-0.10639467153223586,0.04931437038072271,0.11455973281379452,0.09582159809984649,97,97
2935,-0.10054412541881576,0.049862132321187885,0.11418892375275966,0.09632041305564792,97,97
2936,-0.0926904448281236,0.04894853276962981,0.1141527005697296,0.09693245588292056,97,97
2937,-0.08344248707437059,0.047722965791236645,0.1109273228981387,0.09754946354148411,97,97
2938,-0.06181314421241834,0.046499868115638575,0.1118494274051412,0.09809718594338883,97,97
2939,-0.06272998980224895,0.04489091993053426,0.1103275678196643,0.09855458346297025,97,97
2940,-0.07791591377946042,0.04418123815432938,0.11075573093131982,0.09902710786661284,97,97
2941,-0.08125948449138892,0.04260138401591736,0.11160852026351409,0.09940840604756722,97,97
2942,-0.07238933009550298,0.04073828081125458,0.10914958906798575,0.0996945242935215,97,97
2943,-0.07450222999465504,0.03928389685131052,0.110492550038443,0.0998163143420161,97,97
2944,-0.07085109704919351,0.03837834561990402,0.11270446584742652,0.09993623787288314,97,97
2945,-0.0852805579887901,0.03706772549812685,0.11409161837964918,0.10000881114614057,97,97
2946,-0.1015368208082943,0.03550236354304998,0.11487573653585824,0.10027171574512041,97,97
2947,-0.10749000230636543,0.03341931589823113,0.11382278254938794,0.10061840879390095,97,97
2948,-0.09289295446598168,0.031213152600802995,0.11262025824152998,0.1008669422871551,97,97
2949,-0.1001187284661295,0.029432017017947752,0.11252722345749956,0.10106110321141547,97,97
2950,-0.07200581192255563,0.027435561253259914,0.11713184997664032,0.10135606596558763,97,97
2951,-0.07001124427399666,0.024731258287393455,0.11719329330947471,0.10167081858335028,97,97
2952,-0.06704376495636037,0.021535712515011293,0.11769075733128967,0.10190861650270076,97,97
2953,-0.0711828024242649,0.01882960982709952,0.11828485654169221,0.10201606054046351,97,97
2954,-0.07904535571464585,0.018222317235852076,0.1168142619418568,0.10208505693268179,97,97
2955,-0.09238992503849373,0.017884330538637472,0.11560157176086773,0.10236037548315886,97,97
2956,-0.05165062914480725,0.017482063718017787,0.1130055281809108,0.10272359286884028,96,97
2957,-0.04448307173147866,0.020958956206142822,0.11383453406304354,0.10373555957141714,97,96
2958,-0.049763667893965975,0.0226409805472136,0.1136327592987551,0.10364650574673485,97,96
2959,-0.04409398673590264,0.023769007908366196,0.11285385897601434,0.10359329166356952,97,96
2960,-0.03855137888166165,0.025865583681651805,0.11296540392764394,0.103549386306893,97,96
2961,-0.051013939915482955,0.02850219439336824,0.1117233650811229,0.10342981510191218,97,96
2962,-0.05960358548994393,0.031045446569662256,0.11160790312683222,0.10339933058338868,97,96
2963,-0.04569783670557863,0.033215122514723916,0.1134897089664153,0.1033792643278601,97,96
2964,-0.023128617032389845,0.03544374028362884,0.11527541591478226,0.10337790951951202,97,96
2965,-0.035121643326124476,0.038004632604428684,0.11615909756520944,0.10339605569757437,97,96
2966,-0.03001449562007149,0.0408820182286904,0.11559985238800359,0.10344376272875877,97,96
2967,-0.016629439175017413,0.05141324366360116,0.11592640314773117,0.1027025115136309,97,97
2968,-0.02085065374742372,0.05369876024150588,0.11556152214977929,0.10270845053631684,97,97
2969,-0.03220346607616257,0.05680232967340996,0.11396634460657917,0.10249728973109049,97,97
2970,-0.04369720941786063,0.06014296977930963,0.11529221253378306,0.10249827896703495,97,97
2971,-0.04316889075101831,0.0642879988732944,0.1185044523860111,0.10249970677401969,97,97
2972,-0.048878818034333554,0.06755706781372924,0.11804456961107705,0.10246310649340508,97,97
2973,-0.056925322250982346,0.07068211660849039,0.11739714158690655,0.10250857441408028,97,97
2974,-0.04892941521080016,0.07313114299047214,0.11851351045147918,0.10248151648598729,97,97
2975,-0.019818519896501408,0.0754612210124771,0.12089513521667346,0.10233342232539812,97,97
2976,-0.016930227050341216,0.07694025464750665,0.11993289993997883,0.10238940596679491,97,97
2977,-0.027875114984865463,0.07819442326020318,0.11913262716156094,0.10251737939463078,97,97
2978,-0.02879496950109144,0.08056783603096733,0.11881741208948307,0.10271717910871415,97,97
2979,-0.03485058189387801,0.08307984873616119,0.11875323818668675,0.10289965055071376,97,97
2980,-0.04494471808811543,0.08553944745202566,0.11785489198345213,0.10313166662521679,97,97
2981,-0.055673316131919254,0.08714431315304122,0.11589717605122356,0.10332274551295766,97,97
2982,-0.04485743087425903,0.08842061231186117,0.1168686230954446,0.1033728300271616,97,97
2983,-0.05193737763890279,0.09000731578659465,0.11829422045510195,0.10369425109683711,97,97
2984,-0.04799760000337759,0.09248497814027436,0.11668174240961893,0.1037903932665251,97,97
2985,-0.05130834534611346,0.0943557844694823,0.11413544238537353,0.1039897850539605,97,97
2986,-0.06037225402686904,0.09700768268459159,0.11469731304315339,0.10426856418018815,97,97
2987,-0.06843335581924727,0.09995071856605849,0.11316595781848855,0.10464278588803887,97,97
2988,-0.06351388642560159,0.10333750299371654,0.11556951029053082,0.10484770450468013,97,97
2989,-0.07394826778584102,0.10740785354065534,0.11376073091503942,0.1050214243068146,97,97
2990,-0.08790840711432285,0.11186029630064082,0.11434146759803335,0.10518180594303829,97,97
2991,-0.0892741338147724,0.11607767679580888,0.1145349237814048,0.105289692818712,97,97
2992,-0.0834427190894499,0.12057316441062425,0.11510647302838099,0.10541585019009357,97,97
2993,-0.07313444440561914,0.12444718196357651,0.11359832992199463,0.1054780638271448,97,97
2994,-0.08582066225254664,0.12893049828868675,0.11239441957294528,0.10564275912139866,97,97
2995,-0.08074869379863461,0.13192275594368205,0.1119734791238207,0.10571380301935837,97,97
2996,-0.08082142012320209,0.13585226401748343,0.11632758596134653,0.10572030132725904,97,97
2997,-0.0789415190531346,0.1389897719289082,0.11897415535720837,0.10596510262953457,97,97
2998,-0.10925302569066139,0.14273200791177487,0.11622395721086812,0.10617895872606267,97,97
2999,-0.11475219014719873,0.14600035844743792,0.11821559278339193,0.10633616472828084,97,97
3000,-0.10323561379187154,0.14955939499997126,0.11811282193415877,0.1065368566486368,97,97
3001,-0.07454116563656772,0.15258850067501725,0.1230916628650223,0.1068347784353091,97,97
3002,-0.08129487090650046,0.15513074076210154,0.12263971559144814,0.10705342229719883,97,97
3003,-0.08960347550405788,0.15755155691133813,0.11627259188705232,0.1070818723318149,98,97
3004,-0.111885510273172,0.15950541842507926,0.11283538603972276,0.1066837710775104,98,97
3005,-0.10581001368747658,0.16094834038558056,0.11155661286325358,0.10617684766342153,98,97
3006,-0.1033050958788756,0.16302983207158217,0.11167861633669778,0.10571957118012118,98,97
3007,-0.09754783802013058,0.16534032239363572,0.11406598357508987,0.10540408380074376,98,97
3008,-0.09439256534896058,0.16610773461313616,0.11715049324577288,0.10519834070892159,98,97
3009,-0.07720563859066464,0.16703184157556408,0.1214981118932092,0.10512345560413387,98,97
3010,-0.0682936565751866,0.16883379333193768,0.12265185978438504,0.10518208435369529,98,97
3011,-0.060448774211052096,0.1700812549207328,0.11916344307876321,0.10522690037195719,98,97
3012,-0.08850069448606117,0.1707495859729761,0.11714230181272166,0.10538905491451762,98,97
3013,-0.0873533199716681,0.16607119124391428,0.11946267442007333,0.10465644016209714,98,98
3014,-0.08224781181437149,0.1652518049002286,0.11989725194948539,0.10473183932517914,98,98
3015,-0.07963311975821742,0.16427817188648353,0.12020947539493235,0.10482844840396817,98,98
3016,-0.08911211927817439,0.16278468578843547,0.11582946038228148,0.10490809061945904,98,98
3017,-0.0881698996690313,0.15982143817166442,0.1158927838765146,0.10496146023422842,98,98
3018,-0.06436714790719292,0.15659379789792516,0.1187133701335887,0.1048604820496871,98,98
3019,-0.07342645862305652,0.15345082508346333,0.11973070965939522,0.1047278125087226,98,98
3020,-0.06821042248992018,0.15085734933518286,0.12183725473885665,0.10467715226077137,98,98
3021,-0.06728585201945815,0.1482313927748439,0.12177097720437838,0.10457438484658749,98,98
3022,-0.05917953455574718,0.14630741544261155,0.12143364179850388,0.10455367864567938,98,98
3023,-0.04637777917638663,0.14473349970532293,0.12421080797874323,0.10449716496065446,98,98
3024,-0.05974696284056096,0.14264754379832892,0.11996707563011867,0.10438169047354756,98,98
3025,-0.03352328298928125,0.14071466747761804,0.1232886720610574,0.10421764676756988,98,98
3026,-0.03300753144091669,0.1379458264461308,0.12394916877338728,0.10401879189047603,98,98
3027,-0.016472119670600777,0.13485839665455587,0.1302656472725141,0.10388100315528898,98,98
3028,-0.01908461406483119,0.1321148735552261,0.13352575774881234,0.10383553418823657,98,98
3029,-0.023484907166020138,0.12930901358704638,0.13124860712026365,0.10367685501984532,98,98
3030,-0.023731702055643563,0.124872294635895,0.12985704479600468,0.10353931094318264,98,98
3031,-0.0330908332735099,0.12018920056001636,0.131397342402486,0.10344002670882067,98,98
3032,-0.022481333465714723,0.11614540798758058,0.13308882563147428,0.10340169891248512,98,98
3033,-0.004219717873249348,0.112555436732063,0.13570372698954888,0.10329189242459724,98,98
3034,-0.0027153920918923987,0.1095096479820803,0.13479607375156294,0.10330988523873322,98,98
3035,0.004685822330033671,0.1063151999300377,0.13465086295442005,0.10335107583487915,98,98
3036,0.007191431063171488,0.10275209118236758,0.136064869240848,0.10342203647615159,98,98
3037,0.014012774549680716,0.09942794247368744,0.13588941758582151,0.10349718648032354,98,98
3038,0.04719782620700828,0.09573866400925814,0.13878998712438798,0.10349120585230515,98,98
3039,0.059411723522159995,0.09238634179684263,0.1391773441892223,0.10352192833720189,98,98
3040,0.04448165979585659,0.0886304468242256,0.13887054277916155,0.10346193319650566,98,98
3041,0.039814555181255575,0.08617640545843902,0.14075827874550065,0.10341224350104669,98,98
3042,0.044116358399438345,0.0827635302455782,0.1379332440683166,0.10331760998937677,98,98
3043,0.04694150066837908,0.07916954098105182,0.1387242213699989,0.10324007476131,98,98
3044,0.05904505145729353,0.07488826131966601,0.13952860891760077,0.10313815148073284,98,98
3045,0.051183052808834055,0.07053404203765118,0.135635774230717,0.10305052044727145,98,98
3046,0.04966836661903233,0.06656843683129862,0.14098185479302572,0.10289179251187454,98,98
3047,0.042786703845307056,0.06229001713832881,0.1444360572794253,0.10270367898183556,98,98
3048,0.01696874861747008,0.056543819439727014,0.13465407676090133,0.1025948979734672,99,98
3049,0.010700103049593799,0.05096640919860833,0.13211603489319873,0.10254428625497178,99,98
3050,0.014261655747727107,0.04526165368311569,0.13163973285164748,0.10246186811003676,99,98
3051,0.0031417169715164056,0.03894452379746688,0.12845022163626849,0.10235704887643485,99,98
3052,0.004774318695635237,0.03243757574115346,0.1301308427643118,0.10241624844230303,99,98
3053,-0.01172876167745118,0.026659822697717005,0.127754154179613,0.10248634491308768,99,98
3054,-0.034196087786201416,0.020974935578810357,0.12669296220608192,0.10236730920885764,99,98
3055,-0.020358252443506312,0.016616260993509484,0.13272938396215606,0.1021079598956231,99,98
3056,-0.01518839868486389,0.012186563722202727,0.13207521113950138,0.1018749639059228,99,98
3057,0.025272244168473287,0.00893532891106729,0.13450619489157015,0.10147046569763131,100,98
3058,0.03547094809531264,0.004658361043441868,0.13425100130466244,0.09999981775001718,100,99
3059,0.05000112617535421,0.0022859405826097835,0.13994792302418438,0.09951049641688345,100,99
3060,0.08709469304396655,-0.0006459808833579356,0.15014175738339858,0.09906649965122269,100,99
3061,0.06080419649360287,-0.0034539944567734877,0.1415711611023823,0.0986775136538145,100,99
3062,0.03412756257658169,-0.006159225740219234,0.13255164933184044,0.0982654835327768,100,99
3063,0.045439887672623164,-0.007980927496866078,0.13304408307928592,0.09789059945268343,100,99
3064,0.05304375766804651,-0.008636770747033087,0.1352871893333943,0.09763232603909658,100,99
3065,0.07363249760781825,-0.009110671479175027,0.14143728616825219,0.09748706542955586,100,99
3066,0.052484194085365525,-0.010008722817378263,0.13657642978491055,0.0972930715507697,100,99
3067,0.05101523903088167,-0.009322879394513327,0.13627648850209362,0.09611843540215655,100,100
3068,0.053552017395536396,-0.008855777162689678,0.14360663899440346,0.09588713939249034,100,100
3069,0.0882081595623293,-0.008413041562102914,0.15642051148299504,0.09581168481021993,100,100
3070,0.05385656555212972,-0.008940741064960726,0.15866891456294396,0.09577260706852717,100,100
3071,0.11493237775653213,-0.008232586200036869,0.17313547471966345,0.09567129059082977,100,100
3072,0.13403113120256363,-0.00673266901574514,0.16979001228030738,0.09557944540925353,100,100
3073,0.12427089763823236,-0.004901723457215527,0.16469710396761889,0.09559885037869084,100,100
3074,0.2003779008249091,-0.002253101208229967,0.2056055775473033,0.0956085945316147,100,100
3075,0.2974733304707497,-7.907538993478735e-05,0.2710366877846242,0.0956360361833109,100,100
3076,0.26601127134037156,0.0017664415043186542,0.2634721176335378,0.09570674252330617,100,100
3077,0.25651132135819177,0.0036033095962872564,0.26691417431435416,0.09584389904594448,100,100
3078,0.262696114147902,0.005725147931216753,0.2644459447544957,0.0958910738719459,100,100
3079,0.2692983220339643,0.00787433943422446,0.2574401756661436,0.09598935399004165,100,100
3080,0.27888517857831885,0.010368225329402146,0.25567276195512345,0.09624248157423021,100,100
3081,0.27703838601216557,0.012722995253163909,0.25798506871265825,0.09634522439812376,100,100
3082,0.27898498234973745,0.014186548511855484,0.25767205921491704,0.09644351944201247,100,100
3083,0.239646344553963,0.015839273012860835,0.24565137097153192,0.09659494374497549,100,100
3084,0.22587203557995963,0.01799836225735871,0.24345246609883392,0.09675389841463368,100,100
3085,0.21363467352301693,0.01938404753935218,0.2363767476164445,0.09688346870125547,100,100
3086,0.19868291496302523,0.020835040076681674,0.23057832086835933,0.09681861981412071,100,100
3087,0.23308245391252957,0.023642363945313615,0.2345384743874574,0.09742077692307245,100,100
3088,0.229278043414146,0.026745103745608984,0.2412023748308824,0.09783461901078318,100,100
3089,0.22867042340057261,0.029614742451315054,0.23642841151072957,0.09828169810796208,100,100
3090,0.23116480789167965,0.033795876690859206,0.2290145138271747,0.09861573589865427,100,100
3091,0.19446339629964293,0.037607403317884154,0.2189590898375468,0.09899486662825473,100,100
3092,0.22115280440368776,0.04159320075720397,0.2339051724472884,0.09934636298391616,100,100
3093,0.2359827729886102,0.04529426733020925,0.2481027960501098,0.09969988990281688,100,100
3094,0.22944525007931002,0.04790519946095234,0.24877746682853036,0.0999928352200293,100,100
3095,0.22311702272648276,0.05181544484127393,0.24102195250700853,0.10041280339656514,100,100
3096,0.2255360392645905,0.05696392460675972,0.23734993483657404,0.10088896466401968,100,100
3097,0.2217117758995154,0.06188520561670935,0.23840614762346327,0.10139941561640524,100,100
3098,0.23234170002653104,0.06638217726992249,0.24151313345725414,0.10200616124493841,100,100
3099,0.2731991608200176,0.07060598935135577,0.2385370793991281,0.10265052167820474,100,100
3100,0.27866748820829856,0.07610626641201917,0.23200014539238176,0.10320594342127573,100,100
3101,0.2703237664152674,0.07961376710483815,0.22593559847018624,0.10273443330636381,100,100
3102,0.24897119608121765,0.08396038701332699,0.2249072643711242,0.1023837046289039,100,100
3103,0.261257447436153,0.08797114660644999,0.2278135442424453,0.10209714909281811,100,100
3104,0.26524040336784865,0.09206940406854208,0.2178479675984263,0.10178436510226851,100,100
3105,0.2316795161632781,0.09623938297767384,0.2083081706223382,0.10140845821291969,100,100
3106,0.24005955531366602,0.10048968852172845,0.20994914683210902,0.1010349078066524,100,100
3107,0.24131010574827452,0.1047824653805733,0.21287640016274004,0.10080334909034154,100,100
3108,0.22945406132863133,0.10892298553541518,0.2092523727098531,0.10065022325696768,100,100
3109,0.22423515612649866,0.11289988234609379,0.20769518128047268,0.10043144397928576,100,100
3110,0.2025341531464688,0.11659948545689205,0.19948781828289117,0.10026267321659968,100,100
3111,0.17238779215007496,0.12016882226882847,0.18937564344285765,0.10017087278313708,100,100
3112,0.135713063095635,0.12403225090683302,0.18260370713561286,0.1001350639764886,100,100
3113,0.14742319194070647,0.12843351183560495,0.18175374612381257,0.10009375614101368,100,100
3114,0.12067016202402454,0.13197813779854894,0.17627903897936498,0.10013117507530148,100,100
3115,0.1531111571585436,0.1351878062731843,0.17749046284340883,0.10013271559884754,100,100
3116,0.13210813969907384,0.13879937845292692,0.1712731330937761,0.10018187143809724,100,100
3117,0.029618275803194385,0.14146764338866924,0.16226855659971604,0.1001758396359613,99,100
3118,0.01901045068151658,0.1199097830281961,0.15803313418717851,0.09839641851501356,99,99
3119,0.036267798043517055,0.12096710948320048,0.15835208342403576,0.09835912080191542,99,99
3120,0.04255701967027773,0.12189751364733364,0.15511908764438118,0.09844309847798316,99,99
3121,0.06233552283032566,0.12354394977220516,0.15321229382578314,0.09848722621272898,99,99
3122,0.10820036445287753,0.12625152730565364,0.15232981043619245,0.09863163841101655,99,99
3123,0.13322059302442224,0.12766311008458212,0.16103339024734953,0.09859847115742242,99,99
3124,0.08053854505817251,0.12929330261062985,0.16263922783875198,0.09854596407362087,99,99
3125,0.05718737401313758,0.13033703546912384,0.1525385260194046,0.09844722960167315,99,99
3126,0.05849253293079268,0.13110222903129035,0.15951051576982286,0.0984264147516713,99,99
3127,0.039283796540309696,0.13018384783266038,0.15327718031859688,0.09810506651397169,99,99
3128,0.056434746035860434,0.13013171931329603,0.15460590984648437,0.09776923285771762,99,99
3129,0.07714448082690578,0.13099817653230342,0.15693998324541647,0.09747835150786568,99,99
3130,0.08675349704949302,0.13199435260974576,0.15912752941007405,0.09710271120938925,99,99
3131,0.08288896962089132,0.13201466073462864,0.16311825225696713,0.09681658491725345,99,99
3132,0.10411366200409047,0.13115277233779055,0.1643208817206089,0.09636934608121538,99,99
3133,0.10505261144371114,0.13031724257163355,0.16418359199373114,0.09594418110951287,99,99
3134,0.09086132111481088,0.12940339469385165,0.16165346323050758,0.09559147604232925,99,99
3135,0.10593306716664518,0.128812480927495,0.1620430679750648,0.0953427692425798,99,99
3136,0.09470283180340067,0.12807939419178066,0.16226726741291927,0.09516118136568327,99,99
3137,0.08844387837059528,0.12676245111762965,0.15652163818046683,0.0949982323204123,99,99
3138,0.07230768156637282,0.1263318956456851,0.15535373396853602,0.09482719147145954,99,99
3139,0.0586982253977987,0.12568322963564918,0.15207723368034357,0.09466561164975125,99,99
3140,0.06185020428891094,0.1246671423298801,0.14459364027211563,0.09451273804513767,99,99
3141,0.10694332900526982,0.1238657925184683,0.15113693801662328,0.09457131275895249,99,99
3142,0.11855902729140674,0.12420966316495616,0.15599034951592544,0.09493219125868153,99,99
3143,0.11172704045520364,0.12355055778705691,0.15828864745669272,0.09532817567128138,99,99
3144,0.11732828362979716,0.12242045684286504,0.15727378641839324,0.09566572944526706,99,99
3145,0.1164686391941765,0.12209381280172663,0.15309243470919198,0.09610849189671097,99,99
3146,0.15376495443798652,0.12256182808755468,0.1680691515364031,0.09670237273368615,99,99
3147,0.17655941895975902,0.12173099759180951,0.17769696519278352,0.09717332119588222,99,99
3148,0.1707814886591661,0.12082856356872881,0.163658679693953,0.09772962950678316,99,99
3149,0.15447662665139877,0.11996453224726085,0.15756015697399647,0.09828252740476226,99,99
3150,0.13706584776381017,0.11861736404470052,0.1563431764838381,0.09883782103797564,99,99
3151,0.16350306849239418,0.11739849689628183,0.16435148983205888,0.09948913240379825,99,99
3152,0.12949938420337034,0.11569885281617845,0.1521537260070946,0.10025047263906192,99,99
3153,0.10869311130353715,0.11366925519014437,0.14384015708587236,0.10114341281329912,99,99
3154,0.15039796378066653,0.11188520303852183,0.1501353959355974,0.10193485677620329,99,99
3155,0.13334191890339628,0.10875667625547589,0.14652361762404992,0.10265918130971853,99,99
3156,0.14238695441330718,0.10511968388906476,0.15145475745371856,0.1034787931093347,99,99
3157,0.16108917271599862,0.10178927563270562,0.15936885491423344,0.10428185979306694,99,99
3158,0.15294196501050827,0.0992357465556178,0.1539927959394075,0.1051683182129625,99,99
3159,0.15355294952875712,0.09721265800606743,0.15062302433755853,0.10617334430355346,99,99
3160,0.12705018822038533,0.09473660518208486,0.1437070222138937,0.10708692173590076,99,99
3161,0.10444411191351233,0.09418656865124385,0.14700541763520886,0.10803477543181389,99,99
3162,0.11522679698421352,0.09404016885083204,0.1506237119242677,0.10893359418014388,99,99
3163,0.10729500692669834,0.09405222391155797,0.14852553946423339,0.10982380411669478,99,99
3164,0.13092503523014706,0.0930791975631659,0.14755123859665187,0.11089100591632267,99,99
3165,0.15038289977075978,0.09253869998147876,0.15251925498121888,0.11183291001035495,99,99
3166,0.1338618404565524,0.09208727366813149,0.15129225969613497,0.11299605946464293,99,99
3167,0.1303731911647654,0.09104101285569012,0.1467346972087126,0.11425274142835876,99,99
3168,0.12113124638273275,0.09160132061531105,0.14219720271700087,0.11552906159530081,99,99
3169,0.11621302620988966,0.09132372274028737,0.1386025094432764,0.11668505025146488,99,99
3170,0.1995323066383462,0.09146634939511127,0.1744506110400022,0.11790558923132521,99,99
3171,0.11250086768080092,0.09214443368238999,0.14423868732457362,0.11905086253806103,99,99
3172,0.07057000600990951,0.09500156627175012,0.13298466698524997,0.12054568068505836,99,99
3173,0.09286329857680303,0.09680548066882931,0.13288721453855187,0.12192198436456916,99,99
3174,0.11885933712160353,0.09785694803816855,0.139650684520773,0.1231602643169177,99,99
3175,0.08479725664818188,0.09962761285958804,0.1375119054670883,0.12437887963895596,99,99
3176,0.06984136423604537,0.10043555823889096,0.13722060197888813,0.12542193315240074,99,99
3177,0.05763242829260004,0.1013710407349151,0.1343791337129905,0.12649093848251916,99,99
3178,0.06618426198947312,0.10254563869281243,0.1353506396687973,0.12762084215889324,99,99
3179,0.07311961654700967,0.10499059680329552,0.13471084713601972,0.12852452422306282,100,99
3180,0.05476903764339088,0.1078395680376758,0.131771054627617,0.12926522556725387,100,99
3181,0.05409531353679248,0.11084447426699033,0.13200448045259522,0.12996585225338436,100,99
3182,0.05892231594832829,0.1126853749151102,0.13596469961009125,0.1306703718121126,100,99
3183,0.06382748262725052,0.11513958573073288,0.13732036434992678,0.13149914242071342,100,99
3184,0.06578292625885575,0.1164352705019723,0.1376613091182663,0.1320162583066585,100,99
3185,0.06997260975447211,0.11788747839543644,0.13519033280035675,0.13253239909395034,100,99
3186,0.09972119900109666,0.12010633413203424,0.13289962012114404,0.13315805218647386,100,99
3187,0.11145806514492582,0.11703892284081914,0.13390489557992125,0.13488101489552687,99,98
3188,0.10363278054606741,0.11778808224528248,0.13529326447658335,0.13538647681943025,99,98
3189,0.09051274444158013,0.12050592873179279,0.13786752261206364,0.13431659046083344,99,99
3190,0.10682257361746364,0.12168339866963593,0.13480552226305723,0.13450860745876964,99,99
3191,0.10185042633164546,0.12349389021570742,0.13370207608454843,0.13484985416316114,99,99
3192,0.05386540838361007,0.1262150339120568,0.1331100240710062,0.1351624881139559,99,99
3193,0.05718115314831869,0.12884583548319833,0.1310471872095679,0.13541408208497804,99,99
3194,0.04553555490591037,0.13076975472739086,0.13434882852814733,0.13543551564227385,99,99
3195,0.04702209524619059,0.1322885415740235,0.13318300141831874,0.1354373102266024,99,99
3196,0.07401612958173989,0.1345171452690653,0.1361816967343242,0.1350631182124389,99,99
3197,0.07540693099286329,0.1376593965269222,0.13985261040373453,0.13475593494904312,99,99
3198,0.06942464947597243,0.13970058338267208,0.13479007380206973,0.13419388559083004,99,99
3199,0.041465245311872796,0.1422951589254131,0.12832948103696595,0.13355438302016903,99,99
3200,0.07180426276046092,0.14575028624697559,0.1343550641596995,0.13293957422412808,99,99
3201,0.07008298173534819,0.14860962006705852,0.13491599087527922,0.1321319888218178,99,99
3202,0.06492151264610664,0.15049660532763406,0.13719320676449595,0.1312103197785014,99,99
3203,0.07244377324813149,0.15278529900727955,0.13866014705847052,0.13029307086492528,99,99
3204,0.05098487642690528,0.15491755136307905,0.1336445525701587,0.129318883567683,99,99
3205,0.02551818304627815,0.15776678772469815,0.1303831999679625,0.1284978306179629,99,99
3206,0.06603164469872758,0.1596497266912553,0.13725334722483604,0.1277135671884343,99,99
3207,0.0465268053168749,0.1618177866538443,0.13427784601145004,0.1268879661554578,99,99
3208,0.043151931331052586,0.1640843190120472,0.13229676237708726,0.12606744120859673,99,99
3209,0.046989656205211255,0.1665367102409024,0.13001749378899355,0.12545476286526253,99,99
3210,0.047799523874064956,0.1691498821103884,0.1304466832666661,0.12497550602140657,99,99
3211,0.04831836454813858,0.17177878733587543,0.13223425819292758,0.12451150719566922,99,99
3212,0.0445193934222155,0.1752876560832987,0.13185367003631135,0.12407547994394344,99,99
3213,0.03107361984156556,0.17842203355387587,0.12930973871303897,0.12354553321807761,99,99
3214,0.02519605666299758,0.18190332025967668,0.12951801622632444,0.12331802860166764,99,99
3215,0.016667137083657538,0.18667068103185036,0.12960354557453335,0.12307972442696076,99,99
3216,0.04553854544935666,0.19018790246727382,0.13045050293042315,0.12238245104295999,99,99
3217,0.039729223474535294,0.19260519435629,0.12928063592037578,0.12156641540312989,99,99
3218,0.03295730194086032,0.19463908483056716,0.12647716097711953,0.12083385325928117,99,99
3219,0.02756848802004037,0.19590848200313468,0.12775764597394135,0.12011730828804469,99,99
3220,0.01186875668093225,0.1982940150164228,0.12688449442515723,0.12003526789841376,99,99
3221,0.01184164815504405,0.19988526303254003,0.12731739829539473,0.11986736224396664,99,99
3222,0.017564995848050213,0.20053623860863115,0.129013793422491,0.11967609288240307,99,99
3223,0.021477253589650275,0.20156367142454368,0.12646453910459193,0.11957760757589435,99,99
3224,0.014838862172265552,0.20355669510517121,0.12504938864828766,0.1194851612593738,99,99
3225,0.021091946659251383,0.20505859704890061,0.12473606792904655,0.11943419959479215,99,99
3226,0.00855218684044663,0.20704273148525365,0.12377900897246577,0.11934139373249046,99,99
3227,-0.00874018823308146,0.20927819600509115,0.11864404399656515,0.1193122785289511,99,99
3228,-0.0015664726898886663,0.20955394488525497,0.11912205185372893,0.11936518123678877,99,99
3229,-0.01743134364923557,0.2090147944766271,0.1172184091634939,0.11924822231230621,99,99
3230,-0.013594785449391834,0.2081965366647868,0.11679506652489424,0.11921218812102306,99,99
3231,-0.017761972383086046,0.2071949136062204,0.1151478613910379,0.11910382284077178,99,99
3232,-0.023429207247846473,0.2042925085989987,0.11516694316591261,0.11857860476754747,99,99
3233,-0.017693706216450826,0.20111229113687248,0.11682584335307136,0.11813159754252618,99,99
3234,-0.01577305582727235,0.1974745981374048,0.11608641050372784,0.11796549303911272,99,99
3235,-0.009238653206523235,0.1934138342534216,0.11824668502196453,0.11780426265043245,99,99
3236,-0.0012697876438940085,0.1917194001629457,0.11959600970325301,0.1183666472693267,99,99
3237,-0.004765147991997945,0.19014551843628202,0.12054517206188013,0.11874026437799139,99,99
3238,-0.011490909266098791,0.18875426205527054,0.1186753771292355,0.11914614170063367,99,99
3239,0.012481519975011264,0.18635837136020073,0.11778685568170487,0.11971534883252964,99,99
3240,0.010300919794326237,0.18361650151981365,0.12135000203288758,0.120087704316405,99,99
3241,0.02650697081409799,0.18161626275524437,0.12561948965465897,0.12069898846441778,99,99
3242,0.03183245327182992,0.17936201566870197,0.12191302589672237,0.12134749853314376,99,99
3243,0.029459142073223674,0.17758068512173128,0.11992814356145588,0.12199329832272338,99,99
3244,0.060578612017212784,0.1767459124628872,0.12224465550471196,0.12279100491419166,99,99
3245,0.016830573532445485,0.17679586251228654,0.11904921913222762,0.123526228571228,99,99
3246,0.009865025884836552,0.1768529973401294,0.11607464729873235,0.12423173548993573,99,99
3247,-0.006908572884491941,0.17728482751404198,0.11023242678811757,0.12504394522255502,99,99
3248,-0.0549963194428284,0.17861367180243076,0.11136033986362574,0.1259118557864484,99,99
3249,-0.08863491620515745,0.17975434705074875,0.11174928249901449,0.12671272569568062,99,99
3250,-0.06035229211458252,0.18032439723903998,0.11233109644409511,0.1273322339352162,99,99
3251,-0.05971068853125848,0.1810078000838544,0.11371553564589494,0.12791375932697177,99,99
3252,-0.0554355839619199,0.1813204039721187,0.11194685034145307,0.1285625671513775,99,99
3253,-0.05705618004589702,0.18193192606784303,0.11026728922246502,0.12901154571448356,99,99
3254,-0.0461841362598659,0.1815653254715761,0.10978995351618931,0.12936715628232742,99,99
3255,-0.02422156138781839,0.18133442432857888,0.11174601310440721,0.12936605259560754,99,99
3256,-0.00020847946266408485,0.18103858023746644,0.11562848204242876,0.12915744039486082,99,99
3257,-0.0398299092488925,0.17944034708399964,0.11002879861438106,0.12869574178547574,99,99
3258,-0.03145396140466168,0.1777912615096412,0.11221509566873382,0.1282477704182387,99,99
3259,-0.04391542364193772,0.17686998801952974,0.11164986654788736,0.1279941517682013,99,99
3260,-0.04780411003182248,0.17574644601323247,0.11075315424290312,0.12770335915759218,99,99
3261,-0.059657555186762266,0.17467418152695768,0.11201632857223913,0.127427117694888,99,99
3262,-0.07167142012572361,0.1742133597254718,0.11162233654309395,0.1271902609400199,99,99
3263,-0.08448242674567366,0.1744798384076483,0.1102196067679378,0.12708048817418371,99,99
3264,-0.0719604114100734,0.1733728499740622,0.10968607263813654,0.12675262619239303,99,99
3265,-0.06219629519549553,0.17079978983137542,0.11030656051897647,0.12642199740383367,99,99
3266,-0.07683833595282724,0.16922337408762533,0.11093252365491577,0.12605816975294604,99,99
3267,-0.052746576281245384,0.16777738666961353,0.1111868640913305,0.12560961353198638,99,99
3268,-0.05106731878973921,0.1657834550071364,0.11156270044474062,0.12522487315675257,99,99
3269,-0.04917258997864963,0.16404971301639787,0.11138496518584477,0.12472949708864606,99,99
3270,-0.047293766551844835,0.16240808989381353,0.11131262386004839,0.12437430070681449,99,99
3271,-0.05294608386768757,0.16130942227169717,0.11135848937938654,0.12392212222931133,99,99
3272,-0.08186449823094878,0.15906589685462746,0.11012083926193839,0.12324652048141833,98,99
3273,-0.07398263342911543,0.16197181170311484,0.11016894416163409,0.12415423794020658,98,98
3274,-0.06758036737807177,0.16131208716845605,0.11096811678021229,0.12383261831678817,98,98
3275,-0.06700288498014406,0.16040000427923903,0.11122229200713692,0.12347015484641101,98,98
3276,-0.09008165920390449,0.16084509611660566,0.1087713343326205,0.12306319304107488,98,98
3277,-0.09750234246706228,0.16152981827519874,0.10619372076657675,0.12257439628483899,98,98
3278,-0.08654073204115842,0.16088003019376124,0.1067818992651607,0.12204125383216577,98,98
3279,-0.07174463082335894,0.16062772107031137,0.10688821966798373,0.12154511353001633,98,98
3280,-0.052909610819857664,0.1580685831721851,0.10943973994468913,0.12060942034425963,98,98
3281,-0.061195460441736856,0.15580883938389886,0.108294287753494,0.1195451218703127,98,98
3282,-0.07514015474399796,0.15370512753930698,0.1061004026534922,0.11852024090681201,98,98
3283,-0.07945775833093036,0.15094516220335383,0.10482960333221218,0.11726349482217079,98,98
3284,-0.04472960780295907,0.14850058472920138,0.1131479349559722,0.11610403769033131,98,98
3285,0.012068756082071447,0.14622742150576337,0.1250692356549945,0.11519088376386341,98,98
3286,-0.009839684873344384,0.14325099236983105,0.11411845132919449,0.114279180856262,98,98
3287,0.010198597954549388,0.14142273847764783,0.12269709683487473,0.11325740235535359,98,98
3288,0.012712991266950018,0.14014868213256595,0.12443652523684604,0.11235766853741927,98,98
3289,-0.03176649478530057,0.13947115416934408,0.10941057227437687,0.11169167867734457,98,98
3290,-0.0753373960677256,0.13933025367000926,0.10513098914972901,0.11096020870548169,98,98
3291,-0.06815738489652426,0.13980022696596925,0.10563967573325261,0.1102731472852246,98,98
3292,-0.07284326645119464,0.1401551435660564,0.10524587553681988,0.10959212480353019,98,98
3293,-0.06978301056799166,0.1399187003480782,0.10539365808550408,0.1087415747225665,98,98
3294,-0.08955273431243971,0.14021397491722784,0.10611956735352697,0.10799197055402511,98,98
3295,-0.058116649309553764,0.14003915553753582,0.10904025739003582,0.10708231903142373,98,98
3296,-0.03705222375088057,0.14041202619903784,0.11263645240646872,0.10619935140120192,98,98
3297,-0.03699086013328563,0.14185315186343986,0.11465742851989356,0.10541388118225857,98,98
3298,-0.047254033439902296,0.14329220782366328,0.11369489471455023,0.10470727495873337,98,98
3299,-0.05316282266712695,0.14426128696678162,0.11347359210788872,0.1040260911352738,98,98
3300,-0.0529089919744389,0.14633951435219847,0.11283654510289164,0.10345578264871041,98,98
3301,-0.036830711826540005,0.14829277014060302,0.1140384190203248,0.10292015958729178,98,98
3302,-0.03249960447329231,0.14998493446389558,0.11680547378049592,0.10234738983966199,98,98
3303,-0.050341462874981785,0.15109363667946052,0.11211291527079097,0.10167922426854085,98,98
3304,-0.0550588680240808,0.15226068291888947,0.11037070059452753,0.10098745965727401,98,98
3305,-0.06355073813828022,0.15184965182225008,0.1097208783686185,0.10030151464067548,98,98
3306,-0.07538212587175952,0.15158439895305353,0.10675185985698873,0.0997613096982724,98,98
3307,-0.09269619685810743,0.15103248674474204,0.10640013386539998,0.09916989481994634,98,98
3308,-0.1050820700851815,0.15032995476029987,0.10545426042088982,0.09854812900876775,98,98
3309,-0.12773165970486186,0.14885253397600703,0.10689110052557173,0.09778633758045828,98,98
3310,-0.1243667347809217,0.1471350162754286,0.1072890264479538,0.09710962003502675,98,98
3311,-0.10677615693166563,0.14548914706925287,0.10758990762473182,0.09648934678076992,98,98
3312,-0.0905933353863753,0.14458544467320014,0.10884166802641596,0.09603493370140992,98,98
3313,-0.08622686766063138,0.14283317255360548,0.10741732020757656,0.09551531050599177,98,98
3314,-0.0788811897692745,0.14209355041902133,0.10841914505991128,0.09504582236082236,98,98
3315,-0.08165493383412437,0.14146304023977183,0.10713404467725368,0.09456291926818142,98,98
3316,-0.0794927451880904,0.1398983238792074,0.10655754013431054,0.09410445852949699,98,98
3317,-0.09044510729772817,0.1399149773487301,0.10673206239549932,0.09370810979316797,98,98
3318,-0.10094020958352294,0.1394987126158048,0.106918806016101,0.09321901485128524,98,98
3319,-0.09451418948634195,0.1384553619760124,0.10441230125164797,0.09259074982456458,98,98
3320,-0.09219099176048508,0.1363455799880776,0.10344390104752593,0.09203554479823418,98,98
3321,-0.11828758261158706,0.13513738285829857,0.10062373577150638,0.09151702849987528,98,98
3322,-0.09842277844084972,0.13449542565691108,0.10110010557872796,0.09094107962209258,98,98
3323,-0.12348205871948058,0.1348745784447008,0.0985890083588131,0.09032116445460868,98,98
3324,-0.13414118877480186,0.13614278852795503,0.0921675639255517,0.08971337603687651,98,98
3325,-0.1358009975492157,0.13717478711518116,0.09026419832523289,0.08908664826774315,98,98
3326,-0.15262777087072735,0.13725490025046053,0.09218327275562539,0.08836604380554668,98,98
3327,-0.16140921614428536,0.13672666809628434,0.09306808649079577,0.08767026005034417,98,98
3328,-0.1505001012601915,0.1366935292472343,0.09493910676763613,0.08696242524226594,98,98
3329,-0.15457053951909583,0.13596337647197218,0.09214979316564341,0.08629151231218214,98,98
3330,-0.12041350896871228,0.13520179726332363,0.09041032432770353,0.08565567788991062,98,98
3331,-0.11631445928376667,0.1330743919134013,0.0925072395368541,0.08501213014371496,98,98
3332,-0.11885955478976597,0.1307641583016036,0.09545534034743781,0.08450624595524268,98,98
3333,-0.11893298515600033,0.12840678171960287,0.09822503707145652,0.08410617708129337,98,98
3334,-0.11686822280663413,0.12588583017699015,0.09449954707589095,0.0836175868495192,98,98
3335,-0.1408424068986912,0.1227041440163998,0.09468804661925792,0.083245884052615,98,98
3336,-0.155533424572425,0.11935632918617674,0.09321685779890525,0.08287922230620084,98,98
3337,-0.15000922563143057,0.11579280904041342,0.087971814947548,0.0824918350559333,98,98
3338,-0.12195080822624497,0.11391906047287682,0.09180577709694783,0.08210398416228276,98,98
3339,-0.08887811408797984,0.11108551053703083,0.09821939697650764,0.0815328966986285,98,98
3340,-0.0861970742443601,0.10981886950523657,0.09993947484161383,0.08115575666628218,98,98
3341,-0.1024612940476599,0.10839811953603154,0.09848951719404501,0.08062007814308791,98,98
3342,-0.11483839290734937,0.10744864531962836,0.09565786285324383,0.08007719033393301,98,98
3343,-0.11657676168042556,0.10731969429667543,0.09625766353384761,0.07956238114450055,98,98
3344,-0.10735289919601824,0.10681921348578638,0.09533690788362147,0.07898679612330597,98,98
3345,-0.11044683073289244,0.10585518772305519,0.09411891288161274,0.0784764173427642,98,98
3346,-0.08929867219695138,0.10472705121488618,0.10042963093166603,0.07787734217189245,98,98
3347,-0.0952207714802046,0.10323172134003306,0.10246919146228686,0.07729238774419883,98,98
3348,-0.08694936036636314,0.1021726120093939,0.0985260746684754,0.07667745247665254,98,98
3349,-0.0715544281379228,0.10071531575039035,0.09770977939287874,0.07617307144547136,98,98
3350,-0.07507090708169918,0.09922878379089146,0.09697137916188793,0.07572403646215256,98,98
3351,-0.09016648253262415,0.09748308966541527,0.09678889652143248,0.07540107482198731,98,98
3352,-0.1109298885220083,0.09597193637533509,0.09542736483176358,0.07513014518637702,98,98
3353,-0.13042505954262634,0.09536733732756232,0.09318040103640177,0.07494436420246334,98,98
3354,-0.13839282386010435,0.09482178795967477,0.09449134972740598,0.07475457612897195,98,98
3355,-0.12684369926321315,0.09441710267558381,0.09380928850420335,0.07467114762036679,98,98
3356,-0.1378585012136273,0.09164042166003145,0.09486758500555946,0.07441708456343323,98,98
3357,-0.14389883547754534,0.08789645653119907,0.0943221101980257,0.07416201449250408,98,98
3358,-0.12819649118758683,0.08394955598161372,0.09470100158336874,0.0739199908182964,98,98
3359,-0.150641699516326,0.08055071774416993,0.0938367435997075,0.07388249384493177,98,98
3360,-0.13530931944895164,0.07604259995071741,0.09246639203693571,0.07394248735392739,98,98
3361,-0.11241595165655102,0.07071038826757099,0.09354028117150247,0.07407742719406452,98,98
3362,-0.14443510946869223,0.06556501875896104,0.09334020946829909,0.07433463500344592,98,98
3363,-0.11230163764247722,0.059776419499827864,0.09279762488414733,0.07458428832144222,98,98
3364,-0.11502755911206557,0.05437440707323946,0.09545053582084416,0.07496966647075133,98,98
3365,-0.15730809421246614,0.049850679172121944,0.0914866607946976,0.07529271674558674,98,98
3366,-0.17456280500744498,0.04550669263505982,0.0878922924577824,0.0756402327984806,98,98
3367,-0.16383814516309164,0.042593222438814485,0.09298217677952154,0.07582378234469696,98,98
3368,-0.14483106441397536,0.03997144243915124,0.09421794676146136,0.07608360762155486,98,98
3369,-0.15212318750426657,0.036594414133513595,0.09655339276022137,0.07618678630212493,98,98
3370,-0.1491233180511808,0.03271949895862512,0.09924412677499428,0.076442680981477,98,98
3371,-0.1485308516249235,0.02860490293250373,0.09307228095265743,0.0767117521226443,98,98
3372,-0.16204044313811286,0.024160786026455834,0.09482318912008232,0.07681039741876314,98,98
3373,-0.15705994585220054,0.019947464647706796,0.0935199023052682,0.07681729208855037,98,98
3374,-0.12857508480418464,0.01646902895143082,0.09790124724008487,0.07690083258908886,98,98
3375,-0.13936307339154405,0.012822494220790199,0.09487098213451348,0.07700022168487396,98,98
3376,-0.163290915638402,0.00901115287266813,0.09491290641551195,0.07708148756811288,98,98
3377,-0.14772061382971707,0.004652043053737265,0.09411743121250477,0.0772390151839497,98,98
3378,-0.1412848061906347,0.0014351542079613496,0.09588536103713657,0.07724187273826266,98,98
3379,-0.1460605851311521,-0.001745869329895275,0.09501664099617649,0.07720683789510567,98,98
3380,-0.1371544948296718,-0.00517261523527615,0.0958796038551502,0.07714657964412407,98,98
3381,-0.15814790150254415,-0.008992696487650277,0.09621810675715939,0.0772245234452227,98,98
3382,-0.07035590620751887,-0.014315481489624995,0.10915828680775123,0.07719417570792009,98,98
3383,-0.08862908870150918,-0.020976364922622243,0.09440278528586012,0.07710073401602839,98,98
3384,-0.08950178647190452,-0.029016410604736868,0.09302314767172092,0.07688475602079371,98,98
3385,-0.08934848819491384,-0.0361761301850919,0.09234913574920288,0.07687433679052598,98,98
3386,-0.11058060375531385,-0.04176458152899899,0.09202808505697394,0.07700530226784624,98,98
3387,-0.09369458499561953,-0.046803029348876465,0.0937153770748512,0.07715589564973438,98,98
3388,-0.0710138589074938,-0.051968078305051735,0.09695079048443017,0.07730981133783549,98,98
3389,-0.06852836897202538,-0.05623921120432404,0.0972626589102534,0.07755686833927246,98,98
3390,-0.0632197031787006,-0.06112507205263074,0.09785140056427946,0.07795303426275474,98,98
3391,-0.06749350082543949,-0.06534549646779186,0.0983513991588018,0.07823649381056301,98,98
3392,-0.09488890199908231,-0.069738807688448,0.09709279046262735,0.0784485596755454,98,98
3393,-0.09937102506039781,-0.07437104114451594,0.09504859430899829,0.07844505879108322,98,98
3394,-0.12417029800421303,-0.07852929769653352,0.09658170659781351,0.07841282243280756,98,98
3395,-0.12543972179988905,-0.083075713940946,0.09826570514036974,0.07850434687863575,98,98
3396,-0.12493124432387481,-0.0875236038140942,0.09723498969176612,0.07866795808271562,98,98
3397,-0.1599718292744158,-0.09129659664543528,0.08830935673291863,0.07898936274426677,98,98
3398,-0.1269948495395479,-0.0952231705324937,0.09746273938256197,0.07926504238881922,98,98
3399,-0.1067925422699635,-0.09819058878093595,0.10299383289103668,0.0795375267739072,98,98
3400,-0.10569683225660943,-0.10087315696616535,0.10583645857506678,0.07973227067790353,98,98
3401,-0.09548429628670631,-0.10264617610676906,0.10712585176971941,0.0799829192494804,98,98
3402,-0.08807643558550145,-0.1043827685123162,0.10802199245584324,0.08023330534209878,98,98
3403,-0.09570774459905144,-0.10722238272373402,0.10958146216022777,0.08037679588020318,98,98
3404,-0.09631063999812668,-0.11002477627740098,0.11076484488202638,0.08056642461303747,98,98
3405,-0.09690612030470902,-0.11329493671771296,0.11065402657275326,0.08067725879570779,98,98
3406,-0.10009461753554487,-0.11553331250276047,0.10843172558840515,0.08084589435034546,98,98
3407,-0.07583684198343636,-0.11781171668282849,0.1083280489652646,0.08105429342457458,98,98
3408,-0.046237676546723824,-0.12081384327336339,0.11489370271454037,0.08117626017912939,98,98
3409,-0.03296835046424096,-0.1238435772798299,0.11889459816854739,0.08136603298396897,98,98
3410,-0.03534492896737543,-0.12727948377717216,0.12242086893816077,0.08159533865527759,98,98
3411,-0.03500016598494653,-0.12958328253105583,0.12776495720914466,0.08179045263653616,98,98
3412,-0.039338301389702256,-0.13173530333587105,0.12765118794772168,0.08199564780373982,98,98
3413,-0.04913523412442258,-0.13334268304102823,0.12660947091135577,0.08198836013762792,98,98
3414,-0.04050814002507332,-0.13436643063994344,0.12712538774061233,0.08193634141298585,98,98
3415,-0.04263747965619905,-0.13478336006262828,0.12443664079148663,0.08199316104114775,98,98
3416,-0.03609373579254881,-0.13476568673243958,0.13230396516275933,0.08212742365012005,98,98
3417,-0.03521405636804981,-0.13431240974734845,0.13081884876900932,0.08235736351579398,98,98
3418,-0.04268398776600476,-0.1331823118873715,0.12825626321749725,0.082542522405517,98,98
3419,-0.03545774930902566,-0.13234779207906108,0.1322512307482451,0.08276037799121731,98,98
3420,-0.03632231465613312,-0.13059466318813773,0.12798630061626107,0.08300434012459734,98,98
3421,-0.04928075614883726,-0.1286092175380348,0.12726738174221383,0.08330733081493923,98,98
3422,-0.041389427127491454,-0.12550435448693403,0.13592300779892671,0.08363306727021862,98,98
3423,-0.03734367608074215,-0.12257149879801683,0.13496771393291493,0.08378868532633316,98,98
3424,-0.050402727950253946,-0.12141917410730851,0.13302681647662476,0.08387066821756763,98,98
3425,-0.057542602855531505,-0.12112920761049237,0.13107334360177245,0.0840198453036288,98,98
3426,-0.06342114001135825,-0.12106740858285633,0.12999853671666373,0.0841425198229707,98,98
3427,-0.049026646297067225,-0.1212479208147395,0.13390062654816093,0.08433897069969788,98,98
3428,-0.019792624305562126,-0.12121761132527453,0.14226527122664548,0.0845295057096417,98,98
3429,-0.037904260982308875,-0.1200023260981488,0.13503446288166202,0.08473524863112926,98,98
3430,-0.05613628899018594,-0.1175328669482909,0.12871744439067445,0.08490781900183379,98,98
3431,-0.059474532549912716,-0.11491984751340077,0.12708649414465759,0.08508355095768422,98,98
3432,-0.06470840065155413,-0.11293177015909073,0.12817571609107667,0.0852935174694645,98,98
3433,-0.03633224382350656,-0.11023389573515827,0.1289808208124054,0.08549999662359767,98,98
3434,-0.024771401773086968,-0.10890728731716674,0.13638128263174779,0.08554891667867165,98,98
3435,-0.026303067119554407,-0.10712230581115988,0.13428408726673297,0.08566590197400262,98,98
3436,-0.031722237029031784,-0.10505557083178989,0.13209013797571031,0.08590122434746456,98,98
3437,-0.04099791824889904,-0.102779326096085,0.12948457386907852,0.08624733806008811,98,98
3438,-0.09800203354775862,-0.10029950648094794,0.11671249921378066,0.08690727124956464,98,98
3439,-0.041986887479065045,-0.09806201160210472,0.13261517284475607,0.08745944369765482,98,98
3440,-0.08956516993913734,-0.0948023327067138,0.12166384574470263,0.08802292036982327,98,98
3441,-0.07932588335361468,-0.0919095313273724,0.12078720334487048,0.08859049515460295,98,98
3442,-0.08298400324165574,-0.08850533600262434,0.11783616032518378,0.08930337566107738,98,98
3443,-0.0867959947631249,-0.08441814477802727,0.11694395446871035,0.0899445601932011,98,98
3444,-0.088085434902845,-0.07916323890512979,0.11596653405211468,0.09048428311063007,98,98
3445,-0.07502952197411349,-0.07361892560490185,0.11702218266100838,0.0909860132906788,98,98
3446,-0.06890107729082146,-0.06842905671066711,0.12174371317318022,0.09147643388375695,98,98
3447,-0.0807113224217672,-0.0637071935199828,0.12307495773572831,0.09203817144841057,98,98
3448,-0.08554315057298988,-0.05874376995354368,0.12394553762642568,0.09252484353473309,98,98
3449,-0.09541377870245946,-0.05390611868137856,0.12183834105555864,0.09301728352239143,98,98
3450,-0.10584382329323007,-0.04876283156210013,0.1193926977810734,0.09349813852040591,98,98
3451,-0.10595561943730575,-0.04340390962432598,0.12016697772986115,0.0940506341300572,98,98
3452,-0.09077407269107848,-0.03766381805046137,0.1228365349866583,0.09473019048843541,98,98
3453,-0.08756463144857599,-0.032448941843812765,0.12174725588975652,0.09558239177726173,98,98
3454,-0.092001692890334,-0.026852672190039673,0.12272583772402411,0.09646625980818997,98,98
3455,-0.07552925894578237,-0.020543517968212317,0.12801844968187198,0.09745308127121446,98,98
3456,-0.08646640529225015,-0.014107718113082002,0.12374907888326912,0.0985097058954972,98,98
3457,-0.08197628851440934,-0.00907531565335903,0.12072328152704088,0.09947215148481771,98,98
3458,-0.07779125909569462,-0.004043419443444596,0.12137080303417683,0.10047168484463811,98,98
3459,-0.07141635598411515,0.0005487402257248566,0.1212309429186364,0.10141118850864989,98,98
3460,-0.051859093645344995,0.004449806723106625,0.12460991274919388,0.10249869290376008,98,98
3461,-0.059388250826396115,0.008493998049906078,0.12650462098402684,0.1029699550590794,98,98
3462,-0.05982060699330497,0.012591887432125382,0.1265358577624229,0.1034780343572135,98,98
3463,-0.03611480612521103,0.016979726506602375,0.1345810576475068,0.1039686120691762,98,98
3464,-0.01597949585374094,0.02145522194408789,0.14500457949004197,0.10456875635551292,98,98
3465,-0.007690234188308646,0.026282672964002763,0.1462777815351837,0.10509017137273607,98,98
3466,-0.04267898807271292,0.030245560960231267,0.1377393253880506,0.10563729961025112,98,98
3467,-0.05172443814268025,0.03466181454992695,0.131162915992993,0.1061568614304209,98,98
3468,-0.03796847312802886,0.039317098768466334,0.13245952377170736,0.10670881519005167,98,98
3469,-0.036412189828930616,0.04488066547528723,0.13337154997640868,0.10727683359938982,98,98
3470,-0.03658484287905481,0.05071141780351668,0.1329531199260126,0.10774161171313458,98,98
3471,-0.01134223208819851,0.055445583403499546,0.13835772540913185,0.10825432067239854,98,98
3472,0.006715988261233405,0.06128730750388017,0.14282914015138737,0.10860644036839165,98,98
3473,0.02431021934535247,0.06594144039973196,0.14816479462614077,0.10894485503373372,98,98
3474,0.02570371760165155,0.07183887615120153,0.14592564669451288,0.10926702958479727,98,98
3475,0.04391843363113882,0.07777622267588913,0.14472382900944186,0.10953310224727052,98,98
3476,0.04877989486338653,0.08469329280644532,0.14355450070546003,0.10991853004679386,98,98
3477,0.03912671244602531,0.0916594488474743,0.1438936721969501,0.11024187491691824,98,98
3478,0.033683258622294085,0.09805288263017894,0.14319503999524866,0.11056344854340251,98,98
3479,0.030067529973509737,0.10484180813952923,0.14221370838740696,0.11071712263117531,98,98
3480,0.03704077328292594,0.1115111941869826,0.14373499781956947,0.11084636513969434,98,98
3481,0.047565480105744365,0.11851652652072046,0.1439441503894352,0.11099757303084352,98,98
3482,0.03627778598421581,0.12440559334401442,0.14271900739224255,0.11110333974611501,98,98
3483,0.043938850499029514,0.13104613373619467,0.1400476016087911,0.11112017199574979,98,98
3484,0.07446001879367187,0.13844227331370138,0.1424210213141529,0.11123411869499843,98,98
3485,0.041177294000212715,0.14579126853495078,0.142368209824523,0.11122283023069097,98,98
3486,0.03422498800738704,0.1538352770218967,0.14528564900624583,0.11136086731325807,98,98
3487,0.04658175211590118,0.1609712235757214,0.14305900401155078,0.11135757702304826,98,98
3488,0.06521763227696759,0.16765247228511906,0.14422185496899875,0.11128391290647757,98,98
3489,0.0677660086636035,0.1738213838575784,0.14623933449548815,0.11118834221260693,98,98
3490,0.08967665851566907,0.18030195050334313,0.14809984486591984,0.11123889896962888,98,98
3491,0.04149319321293907,0.18680638674039185,0.1463950498506612,0.11120490304854791,98,98
3492,0.005646356470651982,0.193453493544202,0.14540984572656315,0.11131553328820247,98,98
3493,0.046293974145797424,0.1995478358815954,0.1411854489688287,0.1113985777703188,98,98
3494,0.029142103213958593,0.2062584571380989,0.1406440278891667,0.11142056417580717,98,98
3495,0.04521150109007224,0.21253910448807659,0.1408142099671744,0.1114051752682291,98,98
3496,0.044048817438704875,0.21883613664116328,0.14249185441455353,0.11136964735736966,98,98
3497,0.03534843896647277,0.22454897577871216,0.1405246956157822,0.11122964154141265,98,98
3498,0.028457126651519497,0.22961650082875415,0.1406309236333905,0.11100732017907562,98,98
3499,0.05519694274218514,0.23525442018434822,0.15045500666886283,0.11081138772803885,98,98
3500,0.07319348040828676,0.24091322842848545,0.15244638349294767,0.11058242407895298,98,98
3501,0.06924056231896497,0.24687984720912273,0.14586435754566787,0.11048829664971468,98,98
3502,0.02717548095496537,0.25217617430116973,0.13299978146027203,0.11038934770559307,98,98
3503,0.0046755172557127,0.25736091182912735,0.1341318555449477,0.11038544312414267,98,98
3504,0.017417522691493405,0.2622873657860288,0.13388995388808875,0.11034035479432064,98,98
3505,0.04299638327387137,0.26700872288715344,0.14074587171602534,0.11029677917475866,98,98
3506,0.04832685676345894,0.2696834716116917,0.14353137937268842,0.11020577702575714,98,98
3507,0.0654644198413202,0.2730536696020217,0.1465728290109808,0.11020743657555027,98,98
3508,0.06990757355221011,0.2763595414931773,0.14829125925011583,0.11031244106334696,98,98
3509,0.08357199400026764,0.2792426914533555,0.1518390911593399,0.11029426109941351,98,98
3510,0.15905965487951315,0.28152358252896953,0.16967080953145577,0.11029338676050872,98,98
3511,0.21342650035710445,0.2838406745536443,0.1933864081113233,0.11034126336910323,98,98
3512,0.16341023132398366,0.2863090985215137,0.17148225686955018,0.11021847090609,98,98
3513,0.18307403487803162,0.289358280591479,0.17168038655594622,0.11006322407514292,98,98
3514,0.1872338259316017,0.29249602096138677,0.17529461025050042,0.10982859926378512,97,98
3515,0.1652551782338401,0.2812258646875467,0.17386376348671612,0.10993660927907342,97,97
3516,0.1467944562262084,0.28451877746422033,0.17001987850161407,0.10960193594074509,97,97
3517,0.15426985239618274,0.28834085056604153,0.16831353712837685,0.10934446842301802,97,97
3518,0.14387793808613672,0.29120667596643207,0.16886326057829093,0.10916374800929887,97,97
3519,0.11389668599615599,0.29361018095541896,0.16684389056760507,0.1089306674174725,97,97
3520,0.10591658817787736,0.29718131786097945,0.16385627523954024,0.10863922983821081,97,97
3521,0.09309458561939989,0.3003805097671882,0.15723355045466667,0.10849507482877824,97,97
3522,0.10342218818665963,0.30373694318368527,0.16072107277069067,0.10843893448153642,97,97
3523,0.09728534695019969,0.3073501025356312,0.15478808023751464,0.10848129516992831,97,97
3524,0.05918515702267369,0.3109412232175755,0.1465065449954076,0.10843829429993931,97,97
3525,0.09076006166745329,0.31441165878716004,0.15136741687085434,0.10837103813619249,97,97
3526,0.10927955901606755,0.3179536261290465,0.15608500957571497,0.10833738485980178,97,97
3527,0.12578083561987666,0.3209027182974885,0.15552208616508617,0.1083163439483378,97,97
3528,0.1275465224716978,0.32497511861519557,0.15654197870494393,0.10843687107356623,97,97
3529,0.11068500105822192,0.32918396465794875,0.15224139524817878,0.10858020810970989,97,97
3530,0.11841989123393387,0.3334095842802774,0.15358072083662394,0.10872047493658109,97,97
3531,0.13937881833342997,0.3367911703109497,0.16011400144837906,0.10879052672131971,97,97
3532,0.12196081466453905,0.3393295807791168,0.15772561290367235,0.10907077956705215,97,97
3533,0.2166382830318882,0.34055867401388235,0.20175090648739732,0.10911446194670196,97,97
3534,0.15245062471799922,0.34121901395625664,0.16799364727630445,0.10926347109167532,97,97
3535,0.12899479633139488,0.34107705993613485,0.15414217286268045,0.10921936830185662,97,97
3536,0.08843323125431547,0.33979684297152507,0.153697697472009,0.10882159582160846,97,97
3537,0.09332177869363523,0.3379828313765076,0.15601858303144645,0.10861403212619038,97,97
3538,0.08716108721296251,0.3363454848231936,0.15539602745233802,0.10847278881855091,97,97
3539,0.09252745750078498,0.3333287841223239,0.15005066179512982,0.10838952890608741,97,97
3540,0.08866694413483102,0.32979883335476573,0.14910452780210603,0.10823497707060545,97,97
3541,0.07933616201387447,0.32614953920988166,0.14583703384116767,0.107979752054945,97,97
3542,0.08609360132210406,0.32298593621281846,0.14750418049851538,0.10773097537764868,97,97
3543,0.07820159537241403,0.31951226535627236,0.1464529603946615,0.10757082948259383,97,97
3544,0.08951193104879289,0.31547599790698855,0.14993041678985392,0.10737604893610901,97,97
3545,0.10634333330663137,0.31204037054485395,0.15348240289702803,0.10716753791199499,97,97
3546,0.1169293993127793,0.30865579192531245,0.15235138835961723,0.10702973982082416,97,97
3547,0.09738098327853813,0.3058970752937212,0.15085956153139646,0.10691932159428469,97,97
3548,0.04844912563824728,0.31170647983443805,0.15355025308044615,0.10757821906199867,97,96
3549,0.06507418013791295,0.30854125615470357,0.1528348783873174,0.10755523219891558,96,96
3550,0.09662708308376451,0.3043087133204491,0.1536784706242542,0.10760806979049602,96,96
3551,0.142634381956687,0.29932592788536033,0.15996479047768059,0.1074996412744451,96,96
3552,0.1256430720251093,0.2954147944805231,0.15929470542208019,0.10750928077249369,96,96
3553,0.09241527600897244,0.2917478555446181,0.1547932954729963,0.10758245665855248,96,96
3554,0.08930960912137442,0.28797562079239,0.15133232862628399,0.10765885690101444,97,96
3555,0.08560404037226066,0.28497544202553965,0.15004613228681143,0.10789024032717347,97,96
3556,0.061455279421811705,0.2820875467289605,0.14775113974456128,0.10815780750548042,97,96
3557,0.04973607193832975,0.2787906139819968,0.14746593572916125,0.10834552916726758,97,96
3558,0.06725387326398706,0.27566920013195423,0.14611171407921383,0.10853653858881517,97,96
3559,0.06709481483195869,0.2731274114033266,0.14579582136500388,0.10879254030566371,97,96
3560,0.08052841311635732,0.2701901012044567,0.14795285504597608,0.10888571316597923,97,96
3561,0.08144546212289125,0.2677899578808526,0.14585248569395592,0.10909258184345014,97,96
3562,0.06833750922038355,0.2659906462725588,0.1439966669009458,0.10919607633665923,97,96
3563,0.08099303487580763,0.264565845114999,0.14300633539813218,0.10908319337874846,97,96
3564,0.08335993857180148,0.2607306130139072,0.14548604685992383,0.10792251439017744,97,97
3565,0.06511940371574178,0.2589568392558184,0.14952689102962569,0.10775954924484728,97,97
3566,0.06686019305535003,0.25696651843292756,0.14906617101449643,0.10746328297523168,96,97
3567,0.04663352715709817,0.22732134173133392,0.14898438289013893,0.10485250319318064,96,96
3568,0.05870245921419786,0.2243476530948069,0.1479485781218847,0.10457252753462898,96,96
3569,0.05522623563633313,0.22135046316007326,0.15871253384088832,0.10450738264973604,96,96
3570,0.055662088548567946,0.22014542559612438,0.1560618050214515,0.1043555742773569,96,96
3571,0.04859714252023106,0.2188521645110391,0.15425732955064986,0.10431860647294373,96,96
3572,0.06444690189509984,0.21750946007638883,0.14761076305553847,0.10440376528948443,96,96
3573,0.08541040901212688,0.2169620815409927,0.15810394886598636,0.10451772431635872,96,96
3574,0.09677566436843692,0.21525968769288784,0.16284374780614205,0.10454343052037891,96,96
3575,0.0565173781317769,0.21424555519705035,0.14765406173493192,0.10477222915863987,96,96
3576,0.05324346164681524,0.21401486949480916,0.1479952936920487,0.1050790228276049,96,96
3577,0.08340340306907919,0.21370365108094905,0.16013240641812237,0.10532283960817543,96,96
3578,0.09674307683725951,0.21336490003623157,0.16841178954998312,0.10563337773332086,96,96
3579,0.08911097409662318,0.2132773026913161,0.17044791655891894,0.1059973095910668,96,96
3580,0.08036317500520342,0.2126844480036757,0.16781650819625057,0.10631534716389358,96,96
3581,0.08340357126451504,0.21142078337814865,0.16437246513753298,0.10674565215410306,96,96
3582,0.08889709399831179,0.21029518625336052,0.16548965433876914,0.10721644012349099,96,96
3583,0.08618442043666551,0.208450751535648,0.16201123697655728,0.10778032693392246,96,96
3584,0.05078308775833749,0.20711199169871594,0.15489241346749233,0.10831865615933729,96,96
3585,0.022413507209153444,0.2051823574450796,0.14349648621802355,0.10877138101501044,96,96
3586,0.014730814150080285,0.20284030945275433,0.137794655586069,0.10927154624948489,96,96
3587,0.027111381715015676,0.19975027511527146,0.1386316340696178,0.10977964468149169,96,96
3588,0.008635392847197353,0.19683526675722504,0.13492433764501532,0.11037295716859107,96,96
3589,-0.016299175176808393,0.19402912475500567,0.13301642484403706,0.11095375800966453,96,96
3590,-0.02063376059849816,0.1909994385645376,0.13218140687208949,0.11165389662649859,96,96
3591,-0.055189856469746716,0.18765823170566379,0.13116741691980216,0.11215602073574481,96,96
3592,-0.046753103754557636,0.18425195648613024,0.13016965730947824,0.1128330677751242,96,96
3593,-0.04288784804661642,0.18244729808874097,0.12904049184901392,0.1134673725590081,96,96
3594,-0.05029095641954726,0.18083063411136513,0.1321037626752016,0.11416067729413654,96,96
3595,-0.07320909521165035,0.1782834469824637,0.1367566451016079,0.11485380553160313,96,96
3596,-0.10675687498798786,0.1755540429744055,0.13715317050608275,0.11549053570125922,96,96
3597,-0.09410363757134488,0.17321481017894083,0.13472347984256683,0.1161404742915493,96,96
3598,-0.04252934943859277,0.170737783133556,0.13605200488296865,0.11667270961554796,96,96
3599,-0.008107799278878247,0.17009256447586707,0.14091655786549245,0.11721432699058511,96,96
3600,-0.023440795107934218,0.1700693768406807,0.13724424979842315,0.11771091386838817,96,96
